path,category,alpha,pieces,change
data/整理的数据-常用_副本/库淑兰-data-处理后/Representative elements/animals/1.jpg,animals,5e-05,40,6.0825629234313965
data/整理的数据-常用_副本/库淑兰-data-处理后/Representative elements/animals/1.jpg,animals,0.0001,30,6.22063684463501
data/整理的数据-常用_副本/库淑兰-data-处理后/Representative elements/animals/1.jpg,animals,0.0002,27,6.420596122741699
data/整理的数据-常用_副本/库淑兰-data-处理后/Representative elements/animals/1.jpg,animals,0.0005,23,6.896297454833984
data/整理的数据-常用_副本/库淑兰-data-处理后/Representative elements/animals/1.jpg,animals,0.001,21,7.247337341308594
data/整理的数据-常用_副本/库淑兰-data-处理后/Representative elements/animals/1.jpg,animals,0.002,17,8.272984504699707
data/整理的数据-常用_副本/库淑兰-data-处理后/Representative elements/animals/1.jpg,animals,0.005,4,16.229450225830078
data/整理的数据-常用_副本/库淑兰-data-处理后/Representative elements/animals/1.jpg,animals,0.01,3,16.989660263061523
data/整理的数据-常用_副本/库淑兰-data-处理后/Representative elements/animals/10.jpg,animals,5e-05,9,4.426718235015869
data/整理的数据-常用_副本/库淑兰-data-处理后/Representative elements/animals/10.jpg,animals,0.0001,8,4.43922758102417
data/整理的数据-常用_副本/库淑兰-data-处理后/Representative elements/animals/10.jpg,animals,0.0002,8,4.43922758102417
data/整理的数据-常用_副本/库淑兰-data-处理后/Representative elements/animals/10.jpg,animals,0.0005,8,4.43922758102417
data/整理的数据-常用_副本/库淑兰-data-处理后/Representative elements/animals/10.jpg,animals,0.001,7,4.742666721343994
data/整理的数据-常用_副本/库淑兰-data-处理后/Representative elements/animals/10.jpg,animals,0.002,3,6.775620460510254
data/整理的数据-常用_副本/库淑兰-data-处理后/Representative elements/animals/10.jpg,animals,0.005,2,8.11122989654541
data/整理的数据-常用_副本/库淑兰-data-处理后/Representative elements/animals/10.jpg,animals,0.01,2,8.11122989654541
data/整理的数据-常用_副本/库淑兰-data-处理后/Representative elements/animals/11.jpg,animals,5e-05,23,5.244770050048828
data/整理的数据-常用_副本/库淑兰-data-处理后/Representative elements/animals/11.jpg,animals,0.0001,14,5.36289119720459
data/整理的数据-常用_副本/库淑兰-data-处理后/Representative elements/animals/11.jpg,animals,0.0002,12,5.5066022872924805
data/整理的数据-常用_副本/库淑兰-data-处理后/Representative elements/animals/11.jpg,animals,0.0005,12,5.5066022872924805
data/整理的数据-常用_副本/库淑兰-data-处理后/Representative elements/animals/11.jpg,animals,0.001,10,6.374330520629883
data/整理的数据-常用_副本/库淑兰-data-处理后/Representative elements/animals/11.jpg,animals,0.002,8,7.458536624908447
data/整理的数据-常用_副本/库淑兰-data-处理后/Representative elements/animals/11.jpg,animals,0.005,3,12.627781867980957
data/整理的数据-常用_副本/库淑兰-data-处理后/Representative elements/animals/11.jpg,animals,0.01,1,16.355693817138672
data/整理的数据-常用_副本/库淑兰-data-处理后/Representative elements/animals/13.jpg,animals,5e-05,20,4.363911151885986
data/整理的数据-常用_副本/库淑兰-data-处理后/Representative elements/animals/13.jpg,animals,0.0001,17,4.3919548988342285
data/整理的数据-常用_副本/库淑兰-data-处理后/Representative elements/animals/13.jpg,animals,0.0002,17,4.3919548988342285
data/整理的数据-常用_副本/库淑兰-data-处理后/Representative elements/animals/13.jpg,animals,0.0005,17,4.3919548988342285
data/整理的数据-常用_副本/库淑兰-data-处理后/Representative elements/animals/13.jpg,animals,0.001,16,4.655920028686523
data/整理的数据-常用_副本/库淑兰-data-处理后/Representative elements/animals/13.jpg,animals,0.002,15,5.156451225280762
data/整理的数据-常用_副本/库淑兰-data-处理后/Representative elements/animals/13.jpg,animals,0.005,5,14.022015571594238
data/整理的数据-常用_副本/库淑兰-data-处理后/Representative elements/animals/13.jpg,animals,0.01,1,24.10368537902832
data/整理的数据-常用_副本/库淑兰-data-处理后/Representative elements/animals/14.jpg,animals,5e-05,69,7.035366058349609
data/整理的数据-常用_副本/库淑兰-data-处理后/Representative elements/animals/14.jpg,animals,0.0001,56,7.508800029754639
data/整理的数据-常用_副本/库淑兰-data-处理后/Representative elements/animals/14.jpg,animals,0.0002,50,7.929287433624268
data/整理的数据-常用_副本/库淑兰-data-处理后/Representative elements/animals/14.jpg,animals,0.0005,39,9.8910551071167
data/整理的数据-常用_副本/库淑兰-data-处理后/Representative elements/animals/14.jpg,animals,0.001,18,14.455865859985352
data/整理的数据-常用_副本/库淑兰-data-处理后/Representative elements/animals/14.jpg,animals,0.002,5,19.747119903564453
data/整理的数据-常用_副本/库淑兰-data-处理后/Representative elements/animals/14.jpg,animals,0.005,1,28.45958137512207
data/整理的数据-常用_副本/库淑兰-data-处理后/Representative elements/animals/14.jpg,animals,0.01,1,28.45958137512207
data/整理的数据-常用_副本/库淑兰-data-处理后/Representative elements/animals/15.jpg,animals,5e-05,53,7.728629112243652
data/整理的数据-常用_副本/库淑兰-data-处理后/Representative elements/animals/15.jpg,animals,0.0001,50,7.871737480163574
data/整理的数据-常用_副本/库淑兰-data-处理后/Representative elements/animals/15.jpg,animals,0.0002,45,8.358613014221191
data/整理的数据-常用_副本/库淑兰-data-处理后/Representative elements/animals/15.jpg,animals,0.0005,17,12.693558692932129
data/整理的数据-常用_副本/库淑兰-data-处理后/Representative elements/animals/15.jpg,animals,0.001,8,16.849021911621094
data/整理的数据-常用_副本/库淑兰-data-处理后/Representative elements/animals/15.jpg,animals,0.002,1,22.478456497192383
data/整理的数据-常用_副本/库淑兰-data-处理后/Representative elements/animals/15.jpg,animals,0.005,1,22.478456497192383
data/整理的数据-常用_副本/库淑兰-data-处理后/Representative elements/animals/15.jpg,animals,0.01,1,22.478456497192383
data/整理的数据-常用_副本/库淑兰-data-处理后/Representative elements/animals/16.jpg,animals,5e-05,7,11.330568313598633
data/整理的数据-常用_副本/库淑兰-data-处理后/Representative elements/animals/16.jpg,animals,0.0001,4,11.368881225585938
data/整理的数据-常用_副本/库淑兰-data-处理后/Representative elements/animals/16.jpg,animals,0.0002,4,11.368881225585938
data/整理的数据-常用_副本/库淑兰-data-处理后/Representative elements/animals/16.jpg,animals,0.0005,4,11.368881225585938
data/整理的数据-常用_副本/库淑兰-data-处理后/Representative elements/animals/16.jpg,animals,0.001,4,11.368881225585938
data/整理的数据-常用_副本/库淑兰-data-处理后/Representative elements/animals/16.jpg,animals,0.002,4,11.368881225585938
data/整理的数据-常用_副本/库淑兰-data-处理后/Representative elements/animals/16.jpg,animals,0.005,1,13.175987243652344
data/整理的数据-常用_副本/库淑兰-data-处理后/Representative elements/animals/16.jpg,animals,0.01,1,16.533782958984375
data/整理的数据-常用_副本/库淑兰-data-处理后/Representative elements/animals/17.jpg,animals,5e-05,12,3.822894334793091
data/整理的数据-常用_副本/库淑兰-data-处理后/Representative elements/animals/17.jpg,animals,0.0001,10,3.832488536834717
data/整理的数据-常用_副本/库淑兰-data-处理后/Representative elements/animals/17.jpg,animals,0.0002,10,3.832488536834717
data/整理的数据-常用_副本/库淑兰-data-处理后/Representative elements/animals/17.jpg,animals,0.0005,10,3.832488536834717
data/整理的数据-常用_副本/库淑兰-data-处理后/Representative elements/animals/17.jpg,animals,0.001,9,4.007536888122559
data/整理的数据-常用_副本/库淑兰-data-处理后/Representative elements/animals/17.jpg,animals,0.002,7,5.637681484222412
data/整理的数据-常用_副本/库淑兰-data-处理后/Representative elements/animals/17.jpg,animals,0.005,2,13.603878021240234
data/整理的数据-常用_副本/库淑兰-data-处理后/Representative elements/animals/17.jpg,animals,0.01,1,17.98026466369629
data/整理的数据-常用_副本/库淑兰-data-处理后/Representative elements/animals/19.jpg,animals,5e-05,144,8.188970565795898
data/整理的数据-常用_副本/库淑兰-data-处理后/Representative elements/animals/19.jpg,animals,0.0001,131,8.264923095703125
data/整理的数据-常用_副本/库淑兰-data-处理后/Representative elements/animals/19.jpg,animals,0.0002,115,8.507403373718262
data/整理的数据-常用_副本/库淑兰-data-处理后/Representative elements/animals/19.jpg,animals,0.0005,63,10.836810111999512
data/整理的数据-常用_副本/库淑兰-data-处理后/Representative elements/animals/19.jpg,animals,0.001,30,14.101468086242676
data/整理的数据-常用_副本/库淑兰-data-处理后/Representative elements/animals/19.jpg,animals,0.002,21,15.611091613769531
data/整理的数据-常用_副本/库淑兰-data-处理后/Representative elements/animals/19.jpg,animals,0.005,13,19.880460739135742
data/整理的数据-常用_副本/库淑兰-data-处理后/Representative elements/animals/19.jpg,animals,0.01,8,26.213754653930664
data/整理的数据-常用_副本/库淑兰-data-处理后/Representative elements/animals/2.jpg,animals,5e-05,51,6.220429420471191
data/整理的数据-常用_副本/库淑兰-data-处理后/Representative elements/animals/2.jpg,animals,0.0001,48,6.304028034210205
data/整理的数据-常用_副本/库淑兰-data-处理后/Representative elements/animals/2.jpg,animals,0.0002,44,6.556248188018799
data/整理的数据-常用_副本/库淑兰-data-处理后/Representative elements/animals/2.jpg,animals,0.0005,20,9.49919319152832
data/整理的数据-常用_副本/库淑兰-data-处理后/Representative elements/animals/2.jpg,animals,0.001,11,11.057225227355957
data/整理的数据-常用_副本/库淑兰-data-处理后/Representative elements/animals/2.jpg,animals,0.002,2,14.976716995239258
data/整理的数据-常用_副本/库淑兰-data-处理后/Representative elements/animals/2.jpg,animals,0.005,1,16.585477828979492
data/整理的数据-常用_副本/库淑兰-data-处理后/Representative elements/animals/2.jpg,animals,0.01,1,16.585477828979492
data/整理的数据-常用_副本/库淑兰-data-处理后/Representative elements/animals/20.jpg,animals,5e-05,94,6.761605739593506
data/整理的数据-常用_副本/库淑兰-data-处理后/Representative elements/animals/20.jpg,animals,0.0001,89,6.807584762573242
data/整理的数据-常用_副本/库淑兰-data-处理后/Representative elements/animals/20.jpg,animals,0.0002,85,6.906996726989746
data/整理的数据-常用_副本/库淑兰-data-处理后/Representative elements/animals/20.jpg,animals,0.0005,80,7.194194316864014
data/整理的数据-常用_副本/库淑兰-data-处理后/Representative elements/animals/20.jpg,animals,0.001,28,14.008065223693848
data/整理的数据-常用_副本/库淑兰-data-处理后/Representative elements/animals/20.jpg,animals,0.002,21,15.78701114654541
data/整理的数据-常用_副本/库淑兰-data-处理后/Representative elements/animals/20.jpg,animals,0.005,12,19.66038703918457
data/整理的数据-常用_副本/库淑兰-data-处理后/Representative elements/animals/20.jpg,animals,0.01,7,24.47185707092285
data/整理的数据-常用_副本/库淑兰-data-处理后/Representative elements/animals/21.jpg,animals,5e-05,178,6.373948097229004
data/整理的数据-常用_副本/库淑兰-data-处理后/Representative elements/animals/21.jpg,animals,0.0001,166,6.4404706954956055
data/整理的数据-常用_副本/库淑兰-data-处理后/Representative elements/animals/21.jpg,animals,0.0002,97,7.9040069580078125
data/整理的数据-常用_副本/库淑兰-data-处理后/Representative elements/animals/21.jpg,animals,0.0005,54,9.235486030578613
data/整理的数据-常用_副本/库淑兰-data-处理后/Representative elements/animals/21.jpg,animals,0.001,44,10.094696998596191
data/整理的数据-常用_副本/库淑兰-data-处理后/Representative elements/animals/21.jpg,animals,0.002,28,13.717225074768066
data/整理的数据-常用_副本/库淑兰-data-处理后/Representative elements/animals/21.jpg,animals,0.005,16,20.15125846862793
data/整理的数据-常用_副本/库淑兰-data-处理后/Representative elements/animals/21.jpg,animals,0.01,8,25.29943084716797
data/整理的数据-常用_副本/库淑兰-data-处理后/Representative elements/animals/22.jpg,animals,5e-05,70,5.5348801612854
data/整理的数据-常用_副本/库淑兰-data-处理后/Representative elements/animals/22.jpg,animals,0.0001,66,5.559330463409424
data/整理的数据-常用_副本/库淑兰-data-处理后/Representative elements/animals/22.jpg,animals,0.0002,65,5.58336067199707
data/整理的数据-常用_副本/库淑兰-data-处理后/Representative elements/animals/22.jpg,animals,0.0005,60,5.740185737609863
data/整理的数据-常用_副本/库淑兰-data-处理后/Representative elements/animals/22.jpg,animals,0.001,51,7.0859856605529785
data/整理的数据-常用_副本/库淑兰-data-处理后/Representative elements/animals/22.jpg,animals,0.002,18,14.773075103759766
data/整理的数据-常用_副本/库淑兰-data-处理后/Representative elements/animals/22.jpg,animals,0.005,10,19.627893447875977
data/整理的数据-常用_副本/库淑兰-data-处理后/Representative elements/animals/22.jpg,animals,0.01,3,25.63726806640625
data/整理的数据-常用_副本/库淑兰-data-处理后/Representative elements/animals/23.jpg,animals,5e-05,81,5.922006130218506
data/整理的数据-常用_副本/库淑兰-data-处理后/Representative elements/animals/23.jpg,animals,0.0001,73,5.998627662658691
data/整理的数据-常用_副本/库淑兰-data-处理后/Representative elements/animals/23.jpg,animals,0.0002,67,6.236649513244629
data/整理的数据-常用_副本/库淑兰-data-处理后/Representative elements/animals/23.jpg,animals,0.0005,40,8.72323989868164
data/整理的数据-常用_副本/库淑兰-data-处理后/Representative elements/animals/23.jpg,animals,0.001,22,11.061630249023438
data/整理的数据-常用_副本/库淑兰-data-处理后/Representative elements/animals/23.jpg,animals,0.002,17,12.391798973083496
data/整理的数据-常用_副本/库淑兰-data-处理后/Representative elements/animals/23.jpg,animals,0.005,8,20.347639083862305
data/整理的数据-常用_副本/库淑兰-data-处理后/Representative elements/animals/23.jpg,animals,0.01,3,26.31669044494629
data/整理的数据-常用_副本/库淑兰-data-处理后/Representative elements/animals/24.jpg,animals,5e-05,61,4.532987117767334
data/整理的数据-常用_副本/库淑兰-data-处理后/Representative elements/animals/24.jpg,animals,0.0001,58,4.546168327331543
data/整理的数据-常用_副本/库淑兰-data-处理后/Representative elements/animals/24.jpg,animals,0.0002,53,4.672203063964844
data/整理的数据-常用_副本/库淑兰-data-处理后/Representative elements/animals/24.jpg,animals,0.0005,46,5.055995941162109
data/整理的数据-常用_副本/库淑兰-data-处理后/Representative elements/animals/24.jpg,animals,0.001,36,5.6259589195251465
data/整理的数据-常用_副本/库淑兰-data-处理后/Representative elements/animals/24.jpg,animals,0.002,14,12.889567375183105
data/整理的数据-常用_副本/库淑兰-data-处理后/Representative elements/animals/24.jpg,animals,0.005,2,18.913272857666016
data/整理的数据-常用_副本/库淑兰-data-处理后/Representative elements/animals/24.jpg,animals,0.01,2,18.913272857666016
data/整理的数据-常用_副本/库淑兰-data-处理后/Representative elements/animals/25.jpg,animals,5e-05,56,9.306255340576172
data/整理的数据-常用_副本/库淑兰-data-处理后/Representative elements/animals/25.jpg,animals,0.0001,51,9.319463729858398
data/整理的数据-常用_副本/库淑兰-data-处理后/Representative elements/animals/25.jpg,animals,0.0002,49,9.347029685974121
data/整理的数据-常用_副本/库淑兰-data-处理后/Representative elements/animals/25.jpg,animals,0.0005,47,9.420254707336426
data/整理的数据-常用_副本/库淑兰-data-处理后/Representative elements/animals/25.jpg,animals,0.001,31,10.892745018005371
data/整理的数据-常用_副本/库淑兰-data-处理后/Representative elements/animals/25.jpg,animals,0.002,16,14.670793533325195
data/整理的数据-常用_副本/库淑兰-data-处理后/Representative elements/animals/25.jpg,animals,0.005,10,17.38137435913086
data/整理的数据-常用_副本/库淑兰-data-处理后/Representative elements/animals/25.jpg,animals,0.01,5,22.334163665771484
data/整理的数据-常用_副本/库淑兰-data-处理后/Representative elements/animals/26.jpg,animals,5e-05,87,7.073952674865723
data/整理的数据-常用_副本/库淑兰-data-处理后/Representative elements/animals/26.jpg,animals,0.0001,77,7.107503890991211
data/整理的数据-常用_副本/库淑兰-data-处理后/Representative elements/animals/26.jpg,animals,0.0002,70,7.282292366027832
data/整理的数据-常用_副本/库淑兰-data-处理后/Representative elements/animals/26.jpg,animals,0.0005,61,7.827474117279053
data/整理的数据-常用_副本/库淑兰-data-处理后/Representative elements/animals/26.jpg,animals,0.001,30,12.379530906677246
data/整理的数据-常用_副本/库淑兰-data-处理后/Representative elements/animals/26.jpg,animals,0.002,16,15.563794136047363
data/整理的数据-常用_副本/库淑兰-data-处理后/Representative elements/animals/26.jpg,animals,0.005,6,24.09393882751465
data/整理的数据-常用_副本/库淑兰-data-处理后/Representative elements/animals/26.jpg,animals,0.01,3,27.435413360595703
data/整理的数据-常用_副本/库淑兰-data-处理后/Representative elements/animals/27.jpg,animals,5e-05,44,5.191165924072266
data/整理的数据-常用_副本/库淑兰-data-处理后/Representative elements/animals/27.jpg,animals,0.0001,43,5.2012410163879395
data/整理的数据-常用_副本/库淑兰-data-处理后/Representative elements/animals/27.jpg,animals,0.0002,41,5.260671138763428
data/整理的数据-常用_副本/库淑兰-data-处理后/Representative elements/animals/27.jpg,animals,0.0005,39,5.453375816345215
data/整理的数据-常用_副本/库淑兰-data-处理后/Representative elements/animals/27.jpg,animals,0.001,34,6.0681586265563965
data/整理的数据-常用_副本/库淑兰-data-处理后/Representative elements/animals/27.jpg,animals,0.002,16,9.916476249694824
data/整理的数据-常用_副本/库淑兰-data-处理后/Representative elements/animals/27.jpg,animals,0.005,9,15.471297264099121
data/整理的数据-常用_副本/库淑兰-data-处理后/Representative elements/animals/27.jpg,animals,0.01,2,22.543827056884766
data/整理的数据-常用_副本/库淑兰-data-处理后/Representative elements/animals/28.jpg,animals,5e-05,109,7.630332946777344
data/整理的数据-常用_副本/库淑兰-data-处理后/Representative elements/animals/28.jpg,animals,0.0001,102,7.6804656982421875
data/整理的数据-常用_副本/库淑兰-data-处理后/Representative elements/animals/28.jpg,animals,0.0002,94,7.777392864227295
data/整理的数据-常用_副本/库淑兰-data-处理后/Representative elements/animals/28.jpg,animals,0.0005,89,8.022704124450684
data/整理的数据-常用_副本/库淑兰-data-处理后/Representative elements/animals/28.jpg,animals,0.001,46,12.195778846740723
data/整理的数据-常用_副本/库淑兰-data-处理后/Representative elements/animals/28.jpg,animals,0.002,27,15.370986938476562
data/整理的数据-常用_副本/库淑兰-data-处理后/Representative elements/animals/28.jpg,animals,0.005,15,20.084375381469727
data/整理的数据-常用_副本/库淑兰-data-处理后/Representative elements/animals/28.jpg,animals,0.01,8,26.373098373413086
data/整理的数据-常用_副本/库淑兰-data-处理后/Representative elements/animals/29.jpg,animals,5e-05,83,7.419751167297363
data/整理的数据-常用_副本/库淑兰-data-处理后/Representative elements/animals/29.jpg,animals,0.0001,78,7.461738109588623
data/整理的数据-常用_副本/库淑兰-data-处理后/Representative elements/animals/29.jpg,animals,0.0002,75,7.619135856628418
data/整理的数据-常用_副本/库淑兰-data-处理后/Representative elements/animals/29.jpg,animals,0.0005,41,11.317726135253906
data/整理的数据-常用_副本/库淑兰-data-处理后/Representative elements/animals/29.jpg,animals,0.001,13,18.96427345275879
data/整理的数据-常用_副本/库淑兰-data-处理后/Representative elements/animals/29.jpg,animals,0.002,2,24.637866973876953
data/整理的数据-常用_副本/库淑兰-data-处理后/Representative elements/animals/29.jpg,animals,0.005,2,26.452674865722656
data/整理的数据-常用_副本/库淑兰-data-处理后/Representative elements/animals/29.jpg,animals,0.01,2,26.452674865722656
data/整理的数据-常用_副本/库淑兰-data-处理后/Representative elements/animals/3.jpg,animals,5e-05,8,4.644103527069092
data/整理的数据-常用_副本/库淑兰-data-处理后/Representative elements/animals/3.jpg,animals,0.0001,6,4.6545820236206055
data/整理的数据-常用_副本/库淑兰-data-处理后/Representative elements/animals/3.jpg,animals,0.0002,6,4.6545820236206055
data/整理的数据-常用_副本/库淑兰-data-处理后/Representative elements/animals/3.jpg,animals,0.0005,6,4.6545820236206055
data/整理的数据-常用_副本/库淑兰-data-处理后/Representative elements/animals/3.jpg,animals,0.001,6,4.6545820236206055
data/整理的数据-常用_副本/库淑兰-data-处理后/Representative elements/animals/3.jpg,animals,0.002,6,4.6545820236206055
data/整理的数据-常用_副本/库淑兰-data-处理后/Representative elements/animals/3.jpg,animals,0.005,1,10.741861343383789
data/整理的数据-常用_副本/库淑兰-data-处理后/Representative elements/animals/3.jpg,animals,0.01,1,10.741861343383789
data/整理的数据-常用_副本/库淑兰-data-处理后/Representative elements/animals/30.jpg,animals,5e-05,93,6.319275379180908
data/整理的数据-常用_副本/库淑兰-data-处理后/Representative elements/animals/30.jpg,animals,0.0001,89,6.347397804260254
data/整理的数据-常用_副本/库淑兰-data-处理后/Representative elements/animals/30.jpg,animals,0.0002,82,6.403416633605957
data/整理的数据-常用_副本/库淑兰-data-处理后/Representative elements/animals/30.jpg,animals,0.0005,63,7.011867523193359
data/整理的数据-常用_副本/库淑兰-data-处理后/Representative elements/animals/30.jpg,animals,0.001,41,9.748806953430176
data/整理的数据-常用_副本/库淑兰-data-处理后/Representative elements/animals/30.jpg,animals,0.002,15,14.943194389343262
data/整理的数据-常用_副本/库淑兰-data-处理后/Representative elements/animals/30.jpg,animals,0.005,7,17.785737991333008
data/整理的数据-常用_副本/库淑兰-data-处理后/Representative elements/animals/30.jpg,animals,0.01,5,18.4439697265625
data/整理的数据-常用_副本/库淑兰-data-处理后/Representative elements/animals/31.jpg,animals,5e-05,57,5.287351608276367
data/整理的数据-常用_副本/库淑兰-data-处理后/Representative elements/animals/31.jpg,animals,0.0001,54,5.3176374435424805
data/整理的数据-常用_副本/库淑兰-data-处理后/Representative elements/animals/31.jpg,animals,0.0002,46,5.459695816040039
data/整理的数据-常用_副本/库淑兰-data-处理后/Representative elements/animals/31.jpg,animals,0.0005,31,6.191614151000977
data/整理的数据-常用_副本/库淑兰-data-处理后/Representative elements/animals/31.jpg,animals,0.001,27,6.650872707366943
data/整理的数据-常用_副本/库淑兰-data-处理后/Representative elements/animals/31.jpg,animals,0.002,14,10.02381420135498
data/整理的数据-常用_副本/库淑兰-data-处理后/Representative elements/animals/31.jpg,animals,0.005,2,17.07284927368164
data/整理的数据-常用_副本/库淑兰-data-处理后/Representative elements/animals/31.jpg,animals,0.01,2,19.15903663635254
data/整理的数据-常用_副本/库淑兰-data-处理后/Representative elements/animals/32.jpg,animals,5e-05,63,7.689797401428223
data/整理的数据-常用_副本/库淑兰-data-处理后/Representative elements/animals/32.jpg,animals,0.0001,52,7.820135593414307
data/整理的数据-常用_副本/库淑兰-data-处理后/Representative elements/animals/32.jpg,animals,0.0002,51,7.84993314743042
data/整理的数据-常用_副本/库淑兰-data-处理后/Representative elements/animals/32.jpg,animals,0.0005,45,8.253657341003418
data/整理的数据-常用_副本/库淑兰-data-处理后/Representative elements/animals/32.jpg,animals,0.001,22,12.144279479980469
data/整理的数据-常用_副本/库淑兰-data-处理后/Representative elements/animals/32.jpg,animals,0.002,15,13.716983795166016
data/整理的数据-常用_副本/库淑兰-data-处理后/Representative elements/animals/32.jpg,animals,0.005,8,21.833887100219727
data/整理的数据-常用_副本/库淑兰-data-处理后/Representative elements/animals/32.jpg,animals,0.01,6,25.759490966796875
data/整理的数据-常用_副本/库淑兰-data-处理后/Representative elements/animals/33.jpg,animals,5e-05,57,6.215290069580078
data/整理的数据-常用_副本/库淑兰-data-处理后/Representative elements/animals/33.jpg,animals,0.0001,54,6.237936973571777
data/整理的数据-常用_副本/库淑兰-data-处理后/Representative elements/animals/33.jpg,animals,0.0002,48,6.356447219848633
data/整理的数据-常用_副本/库淑兰-data-处理后/Representative elements/animals/33.jpg,animals,0.0005,47,6.389660835266113
data/整理的数据-常用_副本/库淑兰-data-处理后/Representative elements/animals/33.jpg,animals,0.001,27,8.128277778625488
data/整理的数据-常用_副本/库淑兰-data-处理后/Representative elements/animals/33.jpg,animals,0.002,16,10.824617385864258
data/整理的数据-常用_副本/库淑兰-data-处理后/Representative elements/animals/33.jpg,animals,0.005,11,13.187853813171387
data/整理的数据-常用_副本/库淑兰-data-处理后/Representative elements/animals/33.jpg,animals,0.01,3,20.06325912475586
data/整理的数据-常用_副本/库淑兰-data-处理后/Representative elements/animals/34.jpg,animals,5e-05,60,6.601840019226074
data/整理的数据-常用_副本/库淑兰-data-处理后/Representative elements/animals/34.jpg,animals,0.0001,50,6.6642913818359375
data/整理的数据-常用_副本/库淑兰-data-处理后/Representative elements/animals/34.jpg,animals,0.0002,45,6.754298210144043
data/整理的数据-常用_副本/库淑兰-data-处理后/Representative elements/animals/34.jpg,animals,0.0005,44,6.792973041534424
data/整理的数据-常用_副本/库淑兰-data-处理后/Representative elements/animals/34.jpg,animals,0.001,41,7.175987243652344
data/整理的数据-常用_副本/库淑兰-data-处理后/Representative elements/animals/34.jpg,animals,0.002,26,11.306357383728027
data/整理的数据-常用_副本/库淑兰-data-处理后/Representative elements/animals/34.jpg,animals,0.005,8,15.349708557128906
data/整理的数据-常用_副本/库淑兰-data-处理后/Representative elements/animals/34.jpg,animals,0.01,5,17.045862197875977
data/整理的数据-常用_副本/库淑兰-data-处理后/Representative elements/animals/35.jpg,animals,5e-05,37,5.665196418762207
data/整理的数据-常用_副本/库淑兰-data-处理后/Representative elements/animals/35.jpg,animals,0.0001,35,5.684662818908691
data/整理的数据-常用_副本/库淑兰-data-处理后/Representative elements/animals/35.jpg,animals,0.0002,31,5.801380634307861
data/整理的数据-常用_副本/库淑兰-data-处理后/Representative elements/animals/35.jpg,animals,0.0005,29,5.886924743652344
data/整理的数据-常用_副本/库淑兰-data-处理后/Representative elements/animals/35.jpg,animals,0.001,29,5.886924743652344
data/整理的数据-常用_副本/库淑兰-data-处理后/Representative elements/animals/35.jpg,animals,0.002,23,6.789586544036865
data/整理的数据-常用_副本/库淑兰-data-处理后/Representative elements/animals/35.jpg,animals,0.005,5,13.829936981201172
data/整理的数据-常用_副本/库淑兰-data-处理后/Representative elements/animals/35.jpg,animals,0.01,2,17.33205795288086
data/整理的数据-常用_副本/库淑兰-data-处理后/Representative elements/animals/36.jpg,animals,5e-05,33,6.094612121582031
data/整理的数据-常用_副本/库淑兰-data-处理后/Representative elements/animals/36.jpg,animals,0.0001,33,6.094612121582031
data/整理的数据-常用_副本/库淑兰-data-处理后/Representative elements/animals/36.jpg,animals,0.0002,32,6.112217426300049
data/整理的数据-常用_副本/库淑兰-data-处理后/Representative elements/animals/36.jpg,animals,0.0005,30,6.261329650878906
data/整理的数据-常用_副本/库淑兰-data-处理后/Representative elements/animals/36.jpg,animals,0.001,28,6.432635307312012
data/整理的数据-常用_副本/库淑兰-data-处理后/Representative elements/animals/36.jpg,animals,0.002,20,8.602643013000488
data/整理的数据-常用_副本/库淑兰-data-处理后/Representative elements/animals/36.jpg,animals,0.005,14,10.013710021972656
data/整理的数据-常用_副本/库淑兰-data-处理后/Representative elements/animals/36.jpg,animals,0.01,4,24.229442596435547
data/整理的数据-常用_副本/库淑兰-data-处理后/Representative elements/animals/37.jpg,animals,5e-05,72,6.543649196624756
data/整理的数据-常用_副本/库淑兰-data-处理后/Representative elements/animals/37.jpg,animals,0.0001,63,6.565415382385254
data/整理的数据-常用_副本/库淑兰-data-处理后/Representative elements/animals/37.jpg,animals,0.0002,59,6.686540126800537
data/整理的数据-常用_副本/库淑兰-data-处理后/Representative elements/animals/37.jpg,animals,0.0005,50,7.265281677246094
data/整理的数据-常用_副本/库淑兰-data-处理后/Representative elements/animals/37.jpg,animals,0.001,39,8.841029167175293
data/整理的数据-常用_副本/库淑兰-data-处理后/Representative elements/animals/37.jpg,animals,0.002,19,15.793042182922363
data/整理的数据-常用_副本/库淑兰-data-处理后/Representative elements/animals/37.jpg,animals,0.005,9,23.04279327392578
data/整理的数据-常用_副本/库淑兰-data-处理后/Representative elements/animals/37.jpg,animals,0.01,4,29.304195404052734
data/整理的数据-常用_副本/库淑兰-data-处理后/Representative elements/animals/39.jpg,animals,5e-05,129,6.471124172210693
data/整理的数据-常用_副本/库淑兰-data-处理后/Representative elements/animals/39.jpg,animals,0.0001,118,6.514423370361328
data/整理的数据-常用_副本/库淑兰-data-处理后/Representative elements/animals/39.jpg,animals,0.0002,107,6.721012115478516
data/整理的数据-常用_副本/库淑兰-data-处理后/Representative elements/animals/39.jpg,animals,0.0005,72,9.071602821350098
data/整理的数据-常用_副本/库淑兰-data-处理后/Representative elements/animals/39.jpg,animals,0.001,36,12.822896957397461
data/整理的数据-常用_副本/库淑兰-data-处理后/Representative elements/animals/39.jpg,animals,0.002,22,15.51086139678955
data/整理的数据-常用_副本/库淑兰-data-处理后/Representative elements/animals/39.jpg,animals,0.005,8,21.997276306152344
data/整理的数据-常用_副本/库淑兰-data-处理后/Representative elements/animals/39.jpg,animals,0.01,4,28.51165008544922
data/整理的数据-常用_副本/库淑兰-data-处理后/Representative elements/animals/4.jpg,animals,5e-05,59,7.4104485511779785
data/整理的数据-常用_副本/库淑兰-data-处理后/Representative elements/animals/4.jpg,animals,0.0001,55,7.427581310272217
data/整理的数据-常用_副本/库淑兰-data-处理后/Representative elements/animals/4.jpg,animals,0.0002,54,7.447103023529053
data/整理的数据-常用_副本/库淑兰-data-处理后/Representative elements/animals/4.jpg,animals,0.0005,51,7.53256368637085
data/整理的数据-常用_副本/库淑兰-data-处理后/Representative elements/animals/4.jpg,animals,0.001,38,8.677654266357422
data/整理的数据-常用_副本/库淑兰-data-处理后/Representative elements/animals/4.jpg,animals,0.002,17,11.312125205993652
data/整理的数据-常用_副本/库淑兰-data-处理后/Representative elements/animals/4.jpg,animals,0.005,3,14.810280799865723
data/整理的数据-常用_副本/库淑兰-data-处理后/Representative elements/animals/4.jpg,animals,0.01,2,15.38088607788086
data/整理的数据-常用_副本/库淑兰-data-处理后/Representative elements/animals/40.jpg,animals,5e-05,97,7.411548137664795
data/整理的数据-常用_副本/库淑兰-data-处理后/Representative elements/animals/40.jpg,animals,0.0001,94,7.440671920776367
data/整理的数据-常用_副本/库淑兰-data-处理后/Representative elements/animals/40.jpg,animals,0.0002,93,7.473367691040039
data/整理的数据-常用_副本/库淑兰-data-处理后/Representative elements/animals/40.jpg,animals,0.0005,69,9.168474197387695
data/整理的数据-常用_副本/库淑兰-data-处理后/Representative elements/animals/40.jpg,animals,0.001,32,12.107404708862305
data/整理的数据-常用_副本/库淑兰-data-处理后/Representative elements/animals/40.jpg,animals,0.002,20,14.21017074584961
data/整理的数据-常用_副本/库淑兰-data-处理后/Representative elements/animals/40.jpg,animals,0.005,4,22.328739166259766
data/整理的数据-常用_副本/库淑兰-data-处理后/Representative elements/animals/40.jpg,animals,0.01,2,24.62415885925293
data/整理的数据-常用_副本/库淑兰-data-处理后/Representative elements/animals/41.jpg,animals,5e-05,65,6.688347339630127
data/整理的数据-常用_副本/库淑兰-data-处理后/Representative elements/animals/41.jpg,animals,0.0001,59,6.7347636222839355
data/整理的数据-常用_副本/库淑兰-data-处理后/Representative elements/animals/41.jpg,animals,0.0002,55,6.785312175750732
data/整理的数据-常用_副本/库淑兰-data-处理后/Representative elements/animals/41.jpg,animals,0.0005,51,7.035852909088135
data/整理的数据-常用_副本/库淑兰-data-处理后/Representative elements/animals/41.jpg,animals,0.001,33,9.220117568969727
data/整理的数据-常用_副本/库淑兰-data-处理后/Representative elements/animals/41.jpg,animals,0.002,20,11.973155975341797
data/整理的数据-常用_副本/库淑兰-data-处理后/Representative elements/animals/41.jpg,animals,0.005,6,18.030271530151367
data/整理的数据-常用_副本/库淑兰-data-处理后/Representative elements/animals/41.jpg,animals,0.01,1,24.069927215576172
data/整理的数据-常用_副本/库淑兰-data-处理后/Representative elements/animals/42.jpg,animals,5e-05,56,4.318291664123535
data/整理的数据-常用_副本/库淑兰-data-处理后/Representative elements/animals/42.jpg,animals,0.0001,56,4.318291664123535
data/整理的数据-常用_副本/库淑兰-data-处理后/Representative elements/animals/42.jpg,animals,0.0002,56,4.318291664123535
data/整理的数据-常用_副本/库淑兰-data-处理后/Representative elements/animals/42.jpg,animals,0.0005,52,4.50110387802124
data/整理的数据-常用_副本/库淑兰-data-处理后/Representative elements/animals/42.jpg,animals,0.001,52,4.50110387802124
data/整理的数据-常用_副本/库淑兰-data-处理后/Representative elements/animals/42.jpg,animals,0.002,19,16.17306900024414
data/整理的数据-常用_副本/库淑兰-data-处理后/Representative elements/animals/42.jpg,animals,0.005,8,24.846458435058594
data/整理的数据-常用_副本/库淑兰-data-处理后/Representative elements/animals/42.jpg,animals,0.01,2,33.95827102661133
data/整理的数据-常用_副本/库淑兰-data-处理后/Representative elements/animals/43.jpg,animals,5e-05,60,8.74101734161377
data/整理的数据-常用_副本/库淑兰-data-处理后/Representative elements/animals/43.jpg,animals,0.0001,45,8.827527046203613
data/整理的数据-常用_副本/库淑兰-data-处理后/Representative elements/animals/43.jpg,animals,0.0002,43,8.840826988220215
data/整理的数据-常用_副本/库淑兰-data-处理后/Representative elements/animals/43.jpg,animals,0.0005,37,9.087987899780273
data/整理的数据-常用_副本/库淑兰-data-处理后/Representative elements/animals/43.jpg,animals,0.001,36,9.267091751098633
data/整理的数据-常用_副本/库淑兰-data-处理后/Representative elements/animals/43.jpg,animals,0.002,25,11.568939208984375
data/整理的数据-常用_副本/库淑兰-data-处理后/Representative elements/animals/43.jpg,animals,0.005,8,16.083553314208984
data/整理的数据-常用_副本/库淑兰-data-处理后/Representative elements/animals/43.jpg,animals,0.01,3,20.732421875
data/整理的数据-常用_副本/库淑兰-data-处理后/Representative elements/animals/44.jpg,animals,5e-05,22,8.791299819946289
data/整理的数据-常用_副本/库淑兰-data-处理后/Representative elements/animals/44.jpg,animals,0.0001,21,8.799054145812988
data/整理的数据-常用_副本/库淑兰-data-处理后/Representative elements/animals/44.jpg,animals,0.0002,21,8.799054145812988
data/整理的数据-常用_副本/库淑兰-data-处理后/Representative elements/animals/44.jpg,animals,0.0005,17,9.010605812072754
data/整理的数据-常用_副本/库淑兰-data-处理后/Representative elements/animals/44.jpg,animals,0.001,15,9.117901802062988
data/整理的数据-常用_副本/库淑兰-data-处理后/Representative elements/animals/44.jpg,animals,0.002,11,9.720138549804688
data/整理的数据-常用_副本/库淑兰-data-处理后/Representative elements/animals/44.jpg,animals,0.005,5,14.133511543273926
data/整理的数据-常用_副本/库淑兰-data-处理后/Representative elements/animals/44.jpg,animals,0.01,1,22.251819610595703
data/整理的数据-常用_副本/库淑兰-data-处理后/Representative elements/animals/45.jpg,animals,5e-05,277,8.929642677307129
data/整理的数据-常用_副本/库淑兰-data-处理后/Representative elements/animals/45.jpg,animals,0.0001,180,9.725007057189941
data/整理的数据-常用_副本/库淑兰-data-处理后/Representative elements/animals/45.jpg,animals,0.0002,130,10.806230545043945
data/整理的数据-常用_副本/库淑兰-data-处理后/Representative elements/animals/45.jpg,animals,0.0005,65,15.195751190185547
data/整理的数据-常用_副本/库淑兰-data-处理后/Representative elements/animals/45.jpg,animals,0.001,35,19.382301330566406
data/整理的数据-常用_副本/库淑兰-data-处理后/Representative elements/animals/45.jpg,animals,0.002,21,22.838308334350586
data/整理的数据-常用_副本/库淑兰-data-处理后/Representative elements/animals/45.jpg,animals,0.005,8,36.37620544433594
data/整理的数据-常用_副本/库淑兰-data-处理后/Representative elements/animals/45.jpg,animals,0.01,2,47.81797790527344
data/整理的数据-常用_副本/库淑兰-data-处理后/Representative elements/animals/46.jpg,animals,5e-05,285,8.99691104888916
data/整理的数据-常用_副本/库淑兰-data-处理后/Representative elements/animals/46.jpg,animals,0.0001,180,9.537405014038086
data/整理的数据-常用_副本/库淑兰-data-处理后/Representative elements/animals/46.jpg,animals,0.0002,132,10.172452926635742
data/整理的数据-常用_副本/库淑兰-data-处理后/Representative elements/animals/46.jpg,animals,0.0005,93,11.545116424560547
data/整理的数据-常用_副本/库淑兰-data-处理后/Representative elements/animals/46.jpg,animals,0.001,68,13.257867813110352
data/整理的数据-常用_副本/库淑兰-data-处理后/Representative elements/animals/46.jpg,animals,0.002,25,19.026710510253906
data/整理的数据-常用_副本/库淑兰-data-处理后/Representative elements/animals/46.jpg,animals,0.005,7,24.465442657470703
data/整理的数据-常用_副本/库淑兰-data-处理后/Representative elements/animals/46.jpg,animals,0.01,4,25.948589324951172
data/整理的数据-常用_副本/库淑兰-data-处理后/Representative elements/animals/5.jpg,animals,5e-05,31,4.546776294708252
data/整理的数据-常用_副本/库淑兰-data-处理后/Representative elements/animals/5.jpg,animals,0.0001,24,4.577395439147949
data/整理的数据-常用_副本/库淑兰-data-处理后/Representative elements/animals/5.jpg,animals,0.0002,23,4.58109712600708
data/整理的数据-常用_副本/库淑兰-data-处理后/Representative elements/animals/5.jpg,animals,0.0005,22,4.636435031890869
data/整理的数据-常用_副本/库淑兰-data-处理后/Representative elements/animals/5.jpg,animals,0.001,20,4.831638813018799
data/整理的数据-常用_副本/库淑兰-data-处理后/Representative elements/animals/5.jpg,animals,0.002,18,5.058894634246826
data/整理的数据-常用_副本/库淑兰-data-处理后/Representative elements/animals/5.jpg,animals,0.005,7,12.32271957397461
data/整理的数据-常用_副本/库淑兰-data-处理后/Representative elements/animals/5.jpg,animals,0.01,3,14.480012893676758
data/整理的数据-常用_副本/库淑兰-data-处理后/Representative elements/animals/6.jpg,animals,5e-05,30,5.236268997192383
data/整理的数据-常用_副本/库淑兰-data-处理后/Representative elements/animals/6.jpg,animals,0.0001,29,5.237551212310791
data/整理的数据-常用_副本/库淑兰-data-处理后/Representative elements/animals/6.jpg,animals,0.0002,28,5.253507137298584
data/整理的数据-常用_副本/库淑兰-data-处理后/Representative elements/animals/6.jpg,animals,0.0005,26,5.341712951660156
data/整理的数据-常用_副本/库淑兰-data-处理后/Representative elements/animals/6.jpg,animals,0.001,22,5.910414218902588
data/整理的数据-常用_副本/库淑兰-data-处理后/Representative elements/animals/6.jpg,animals,0.002,17,7.131272792816162
data/整理的数据-常用_副本/库淑兰-data-处理后/Representative elements/animals/6.jpg,animals,0.005,3,13.269369125366211
data/整理的数据-常用_副本/库淑兰-data-处理后/Representative elements/animals/6.jpg,animals,0.01,2,14.514912605285645
data/整理的数据-常用_副本/库淑兰-data-处理后/Representative elements/animals/7.jpg,animals,5e-05,37,6.962360382080078
data/整理的数据-常用_副本/库淑兰-data-处理后/Representative elements/animals/7.jpg,animals,0.0001,33,6.968212127685547
data/整理的数据-常用_副本/库淑兰-data-处理后/Representative elements/animals/7.jpg,animals,0.0002,31,6.993311882019043
data/整理的数据-常用_副本/库淑兰-data-处理后/Representative elements/animals/7.jpg,animals,0.0005,29,7.068779468536377
data/整理的数据-常用_副本/库淑兰-data-处理后/Representative elements/animals/7.jpg,animals,0.001,26,7.599059581756592
data/整理的数据-常用_副本/库淑兰-data-处理后/Representative elements/animals/7.jpg,animals,0.002,8,10.38236141204834
data/整理的数据-常用_副本/库淑兰-data-处理后/Representative elements/animals/7.jpg,animals,0.005,4,12.80642032623291
data/整理的数据-常用_副本/库淑兰-data-处理后/Representative elements/animals/7.jpg,animals,0.01,4,12.80642032623291
data/整理的数据-常用_副本/库淑兰-data-处理后/Representative elements/animals/8.jpg,animals,5e-05,11,5.793318748474121
data/整理的数据-常用_副本/库淑兰-data-处理后/Representative elements/animals/8.jpg,animals,0.0001,8,5.8048858642578125
data/整理的数据-常用_副本/库淑兰-data-处理后/Representative elements/animals/8.jpg,animals,0.0002,8,5.8048858642578125
data/整理的数据-常用_副本/库淑兰-data-处理后/Representative elements/animals/8.jpg,animals,0.0005,8,5.8048858642578125
data/整理的数据-常用_副本/库淑兰-data-处理后/Representative elements/animals/8.jpg,animals,0.001,8,5.8048858642578125
data/整理的数据-常用_副本/库淑兰-data-处理后/Representative elements/animals/8.jpg,animals,0.002,8,5.8048858642578125
data/整理的数据-常用_副本/库淑兰-data-处理后/Representative elements/animals/8.jpg,animals,0.005,1,13.879819869995117
data/整理的数据-常用_副本/库淑兰-data-处理后/Representative elements/animals/8.jpg,animals,0.01,1,13.879819869995117
data/整理的数据-常用_副本/库淑兰-data-处理后/Representative elements/animals/9.jpg,animals,5e-05,18,4.655671119689941
data/整理的数据-常用_副本/库淑兰-data-处理后/Representative elements/animals/9.jpg,animals,0.0001,17,4.657255172729492
data/整理的数据-常用_副本/库淑兰-data-处理后/Representative elements/animals/9.jpg,animals,0.0002,17,4.657255172729492
data/整理的数据-常用_副本/库淑兰-data-处理后/Representative elements/animals/9.jpg,animals,0.0005,17,4.657255172729492
data/整理的数据-常用_副本/库淑兰-data-处理后/Representative elements/animals/9.jpg,animals,0.001,16,4.905594348907471
data/整理的数据-常用_副本/库淑兰-data-处理后/Representative elements/animals/9.jpg,animals,0.002,9,7.435917377471924
data/整理的数据-常用_副本/库淑兰-data-处理后/Representative elements/animals/9.jpg,animals,0.005,4,11.943866729736328
data/整理的数据-常用_副本/库淑兰-data-处理后/Representative elements/animals/9.jpg,animals,0.01,2,13.477643966674805
data/整理的数据-常用_副本/库淑兰-data-处理后/Representative elements/daily/1.jpg,daily,5e-05,35,5.712323188781738
data/整理的数据-常用_副本/库淑兰-data-处理后/Representative elements/daily/1.jpg,daily,0.0001,22,5.768220901489258
data/整理的数据-常用_副本/库淑兰-data-处理后/Representative elements/daily/1.jpg,daily,0.0002,19,5.805551528930664
data/整理的数据-常用_副本/库淑兰-data-处理后/Representative elements/daily/1.jpg,daily,0.0005,16,5.963536739349365
data/整理的数据-常用_副本/库淑兰-data-处理后/Representative elements/daily/1.jpg,daily,0.001,15,6.050265789031982
data/整理的数据-常用_副本/库淑兰-data-处理后/Representative elements/daily/1.jpg,daily,0.002,14,6.240501880645752
data/整理的数据-常用_副本/库淑兰-data-处理后/Representative elements/daily/1.jpg,daily,0.005,8,10.405375480651855
data/整理的数据-常用_副本/库淑兰-data-处理后/Representative elements/daily/1.jpg,daily,0.01,4,12.355332374572754
data/整理的数据-常用_副本/库淑兰-data-处理后/Representative elements/daily/10.jpg,daily,5e-05,37,6.924172401428223
data/整理的数据-常用_副本/库淑兰-data-处理后/Representative elements/daily/10.jpg,daily,0.0001,33,6.940852642059326
data/整理的数据-常用_副本/库淑兰-data-处理后/Representative elements/daily/10.jpg,daily,0.0002,33,6.940852642059326
data/整理的数据-常用_副本/库淑兰-data-处理后/Representative elements/daily/10.jpg,daily,0.0005,32,6.973814487457275
data/整理的数据-常用_副本/库淑兰-data-处理后/Representative elements/daily/10.jpg,daily,0.001,32,6.973814487457275
data/整理的数据-常用_副本/库淑兰-data-处理后/Representative elements/daily/10.jpg,daily,0.002,13,11.471885681152344
data/整理的数据-常用_副本/库淑兰-data-处理后/Representative elements/daily/10.jpg,daily,0.005,3,16.31339454650879
data/整理的数据-常用_副本/库淑兰-data-处理后/Representative elements/daily/10.jpg,daily,0.01,3,20.24578094482422
data/整理的数据-常用_副本/库淑兰-data-处理后/Representative elements/daily/11.jpg,daily,5e-05,181,8.143728256225586
data/整理的数据-常用_副本/库淑兰-data-处理后/Representative elements/daily/11.jpg,daily,0.0001,150,8.332810401916504
data/整理的数据-常用_副本/库淑兰-data-处理后/Representative elements/daily/11.jpg,daily,0.0002,119,8.827757835388184
data/整理的数据-常用_副本/库淑兰-data-处理后/Representative elements/daily/11.jpg,daily,0.0005,52,11.779102325439453
data/整理的数据-常用_副本/库淑兰-data-处理后/Representative elements/daily/11.jpg,daily,0.001,24,14.180207252502441
data/整理的数据-常用_副本/库淑兰-data-处理后/Representative elements/daily/11.jpg,daily,0.002,14,16.07684326171875
data/整理的数据-常用_副本/库淑兰-data-处理后/Representative elements/daily/11.jpg,daily,0.005,8,21.888198852539062
data/整理的数据-常用_副本/库淑兰-data-处理后/Representative elements/daily/11.jpg,daily,0.01,4,26.853652954101562
data/整理的数据-常用_副本/库淑兰-data-处理后/Representative elements/daily/12.jpg,daily,5e-05,209,7.6309919357299805
data/整理的数据-常用_副本/库淑兰-data-处理后/Representative elements/daily/12.jpg,daily,0.0001,165,7.994360446929932
data/整理的数据-常用_副本/库淑兰-data-处理后/Representative elements/daily/12.jpg,daily,0.0002,154,8.2670316696167
data/整理的数据-常用_副本/库淑兰-data-处理后/Representative elements/daily/12.jpg,daily,0.0005,102,10.171111106872559
data/整理的数据-常用_副本/库淑兰-data-处理后/Representative elements/daily/12.jpg,daily,0.001,47,14.957828521728516
data/整理的数据-常用_副本/库淑兰-data-处理后/Representative elements/daily/12.jpg,daily,0.002,33,18.295785903930664
data/整理的数据-常用_副本/库淑兰-data-处理后/Representative elements/daily/12.jpg,daily,0.005,4,33.51287078857422
data/整理的数据-常用_副本/库淑兰-data-处理后/Representative elements/daily/12.jpg,daily,0.01,2,35.50557327270508
data/整理的数据-常用_副本/库淑兰-data-处理后/Representative elements/daily/13.jpg,daily,5e-05,58,7.416310787200928
data/整理的数据-常用_副本/库淑兰-data-处理后/Representative elements/daily/13.jpg,daily,0.0001,35,7.548730373382568
data/整理的数据-常用_副本/库淑兰-data-处理后/Representative elements/daily/13.jpg,daily,0.0002,35,7.548730373382568
data/整理的数据-常用_副本/库淑兰-data-处理后/Representative elements/daily/13.jpg,daily,0.0005,31,7.944360733032227
data/整理的数据-常用_副本/库淑兰-data-处理后/Representative elements/daily/13.jpg,daily,0.001,29,8.315508842468262
data/整理的数据-常用_副本/库淑兰-data-处理后/Representative elements/daily/13.jpg,daily,0.002,10,14.474922180175781
data/整理的数据-常用_副本/库淑兰-data-处理后/Representative elements/daily/13.jpg,daily,0.005,4,15.897653579711914
data/整理的数据-常用_副本/库淑兰-data-处理后/Representative elements/daily/13.jpg,daily,0.01,4,15.897653579711914
data/整理的数据-常用_副本/库淑兰-data-处理后/Representative elements/daily/14.jpg,daily,5e-05,25,7.175116539001465
data/整理的数据-常用_副本/库淑兰-data-处理后/Representative elements/daily/14.jpg,daily,0.0001,20,7.196249008178711
data/整理的数据-常用_副本/库淑兰-data-处理后/Representative elements/daily/14.jpg,daily,0.0002,20,7.196249008178711
data/整理的数据-常用_副本/库淑兰-data-处理后/Representative elements/daily/14.jpg,daily,0.0005,20,7.196249008178711
data/整理的数据-常用_副本/库淑兰-data-处理后/Representative elements/daily/14.jpg,daily,0.001,19,7.4648261070251465
data/整理的数据-常用_副本/库淑兰-data-处理后/Representative elements/daily/14.jpg,daily,0.002,8,10.776078224182129
data/整理的数据-常用_副本/库淑兰-data-处理后/Representative elements/daily/14.jpg,daily,0.005,3,14.832573890686035
data/整理的数据-常用_副本/库淑兰-data-处理后/Representative elements/daily/14.jpg,daily,0.01,3,14.832573890686035
data/整理的数据-常用_副本/库淑兰-data-处理后/Representative elements/daily/15.jpg,daily,5e-05,53,6.637445449829102
data/整理的数据-常用_副本/库淑兰-data-处理后/Representative elements/daily/15.jpg,daily,0.0001,42,6.744589328765869
data/整理的数据-常用_副本/库淑兰-data-处理后/Representative elements/daily/15.jpg,daily,0.0002,34,6.895763874053955
data/整理的数据-常用_副本/库淑兰-data-处理后/Representative elements/daily/15.jpg,daily,0.0005,30,7.138411045074463
data/整理的数据-常用_副本/库淑兰-data-处理后/Representative elements/daily/15.jpg,daily,0.001,22,8.49195384979248
data/整理的数据-常用_副本/库淑兰-data-处理后/Representative elements/daily/15.jpg,daily,0.002,21,8.607945442199707
data/整理的数据-常用_副本/库淑兰-data-处理后/Representative elements/daily/15.jpg,daily,0.005,7,19.398836135864258
data/整理的数据-常用_副本/库淑兰-data-处理后/Representative elements/daily/15.jpg,daily,0.01,4,23.71466827392578
data/整理的数据-常用_副本/库淑兰-data-处理后/Representative elements/daily/16.jpg,daily,5e-05,105,4.907153606414795
data/整理的数据-常用_副本/库淑兰-data-处理后/Representative elements/daily/16.jpg,daily,0.0001,61,5.056858539581299
data/整理的数据-常用_副本/库淑兰-data-处理后/Representative elements/daily/16.jpg,daily,0.0002,37,5.2985615730285645
data/整理的数据-常用_副本/库淑兰-data-处理后/Representative elements/daily/16.jpg,daily,0.0005,28,5.53418493270874
data/整理的数据-常用_副本/库淑兰-data-处理后/Representative elements/daily/16.jpg,daily,0.001,28,5.53418493270874
data/整理的数据-常用_副本/库淑兰-data-处理后/Representative elements/daily/16.jpg,daily,0.002,25,6.262057304382324
data/整理的数据-常用_副本/库淑兰-data-处理后/Representative elements/daily/16.jpg,daily,0.005,22,8.36571216583252
data/整理的数据-常用_副本/库淑兰-data-处理后/Representative elements/daily/16.jpg,daily,0.01,6,20.005523681640625
data/整理的数据-常用_副本/库淑兰-data-处理后/Representative elements/daily/17.jpg,daily,5e-05,97,6.593447208404541
data/整理的数据-常用_副本/库淑兰-data-处理后/Representative elements/daily/17.jpg,daily,0.0001,60,6.715182304382324
data/整理的数据-常用_副本/库淑兰-data-处理后/Representative elements/daily/17.jpg,daily,0.0002,59,6.722513675689697
data/整理的数据-常用_副本/库淑兰-data-处理后/Representative elements/daily/17.jpg,daily,0.0005,49,7.039626598358154
data/整理的数据-常用_副本/库淑兰-data-处理后/Representative elements/daily/17.jpg,daily,0.001,32,8.503263473510742
data/整理的数据-常用_副本/库淑兰-data-处理后/Representative elements/daily/17.jpg,daily,0.002,20,10.122414588928223
data/整理的数据-常用_副本/库淑兰-data-处理后/Representative elements/daily/17.jpg,daily,0.005,12,12.609148025512695
data/整理的数据-常用_副本/库淑兰-data-处理后/Representative elements/daily/17.jpg,daily,0.01,4,24.958114624023438
data/整理的数据-常用_副本/库淑兰-data-处理后/Representative elements/daily/18.jpg,daily,5e-05,175,7.9489426612854
data/整理的数据-常用_副本/库淑兰-data-处理后/Representative elements/daily/18.jpg,daily,0.0001,157,8.05755615234375
data/整理的数据-常用_副本/库淑兰-data-处理后/Representative elements/daily/18.jpg,daily,0.0002,127,8.664916038513184
data/整理的数据-常用_副本/库淑兰-data-处理后/Representative elements/daily/18.jpg,daily,0.0005,31,15.862617492675781
data/整理的数据-常用_副本/库淑兰-data-处理后/Representative elements/daily/18.jpg,daily,0.001,18,20.208154678344727
data/整理的数据-常用_副本/库淑兰-data-处理后/Representative elements/daily/18.jpg,daily,0.002,8,24.019071578979492
data/整理的数据-常用_副本/库淑兰-data-处理后/Representative elements/daily/18.jpg,daily,0.005,5,28.746871948242188
data/整理的数据-常用_副本/库淑兰-data-处理后/Representative elements/daily/18.jpg,daily,0.01,2,35.20545959472656
data/整理的数据-常用_副本/库淑兰-data-处理后/Representative elements/daily/19.jpg,daily,5e-05,94,6.3986945152282715
data/整理的数据-常用_副本/库淑兰-data-处理后/Representative elements/daily/19.jpg,daily,0.0001,78,6.5856146812438965
data/整理的数据-常用_副本/库淑兰-data-处理后/Representative elements/daily/19.jpg,daily,0.0002,65,6.872318267822266
data/整理的数据-常用_副本/库淑兰-data-处理后/Representative elements/daily/19.jpg,daily,0.0005,51,7.658252239227295
data/整理的数据-常用_副本/库淑兰-data-处理后/Representative elements/daily/19.jpg,daily,0.001,35,9.408570289611816
data/整理的数据-常用_副本/库淑兰-data-处理后/Representative elements/daily/19.jpg,daily,0.002,24,12.276302337646484
data/整理的数据-常用_副本/库淑兰-data-处理后/Representative elements/daily/19.jpg,daily,0.005,8,20.909263610839844
data/整理的数据-常用_副本/库淑兰-data-处理后/Representative elements/daily/19.jpg,daily,0.01,4,27.15450096130371
data/整理的数据-常用_副本/库淑兰-data-处理后/Representative elements/daily/2.jpg,daily,5e-05,37,5.541374683380127
data/整理的数据-常用_副本/库淑兰-data-处理后/Representative elements/daily/2.jpg,daily,0.0001,23,5.644885540008545
data/整理的数据-常用_副本/库淑兰-data-处理后/Representative elements/daily/2.jpg,daily,0.0002,14,5.8501176834106445
data/整理的数据-常用_副本/库淑兰-data-处理后/Representative elements/daily/2.jpg,daily,0.0005,11,6.028941631317139
data/整理的数据-常用_副本/库淑兰-data-处理后/Representative elements/daily/2.jpg,daily,0.001,11,6.028941631317139
data/整理的数据-常用_副本/库淑兰-data-处理后/Representative elements/daily/2.jpg,daily,0.002,11,6.028941631317139
data/整理的数据-常用_副本/库淑兰-data-处理后/Representative elements/daily/2.jpg,daily,0.005,7,11.440916061401367
data/整理的数据-常用_副本/库淑兰-data-处理后/Representative elements/daily/2.jpg,daily,0.01,2,18.9476375579834
data/整理的数据-常用_副本/库淑兰-data-处理后/Representative elements/daily/20.jpg,daily,5e-05,113,8.892885208129883
data/整理的数据-常用_副本/库淑兰-data-处理后/Representative elements/daily/20.jpg,daily,0.0001,103,8.964086532592773
data/整理的数据-常用_副本/库淑兰-data-处理后/Representative elements/daily/20.jpg,daily,0.0002,93,9.03274917602539
data/整理的数据-常用_副本/库淑兰-data-处理后/Representative elements/daily/20.jpg,daily,0.0005,73,9.915742874145508
data/整理的数据-常用_副本/库淑兰-data-处理后/Representative elements/daily/20.jpg,daily,0.001,48,13.926039695739746
data/整理的数据-常用_副本/库淑兰-data-处理后/Representative elements/daily/20.jpg,daily,0.002,30,19.045358657836914
data/整理的数据-常用_副本/库淑兰-data-处理后/Representative elements/daily/20.jpg,daily,0.005,7,30.376066207885742
data/整理的数据-常用_副本/库淑兰-data-处理后/Representative elements/daily/20.jpg,daily,0.01,2,39.36342239379883
data/整理的数据-常用_副本/库淑兰-data-处理后/Representative elements/daily/21.jpg,daily,5e-05,175,7.484208106994629
data/整理的数据-常用_副本/库淑兰-data-处理后/Representative elements/daily/21.jpg,daily,0.0001,151,7.627786159515381
data/整理的数据-常用_副本/库淑兰-data-处理后/Representative elements/daily/21.jpg,daily,0.0002,143,7.750901222229004
data/整理的数据-常用_副本/库淑兰-data-处理后/Representative elements/daily/21.jpg,daily,0.0005,64,11.551424980163574
data/整理的数据-常用_副本/库淑兰-data-处理后/Representative elements/daily/21.jpg,daily,0.001,51,12.555832862854004
data/整理的数据-常用_副本/库淑兰-data-处理后/Representative elements/daily/21.jpg,daily,0.002,31,18.316781997680664
data/整理的数据-常用_副本/库淑兰-data-处理后/Representative elements/daily/21.jpg,daily,0.005,12,29.289283752441406
data/整理的数据-常用_副本/库淑兰-data-处理后/Representative elements/daily/21.jpg,daily,0.01,3,45.077308654785156
data/整理的数据-常用_副本/库淑兰-data-处理后/Representative elements/daily/22.jpg,daily,5e-05,58,6.3283610343933105
data/整理的数据-常用_副本/库淑兰-data-处理后/Representative elements/daily/22.jpg,daily,0.0001,46,6.3663434982299805
data/整理的数据-常用_副本/库淑兰-data-处理后/Representative elements/daily/22.jpg,daily,0.0002,38,6.50283670425415
data/整理的数据-常用_副本/库淑兰-data-处理后/Representative elements/daily/22.jpg,daily,0.0005,36,6.577321529388428
data/整理的数据-常用_副本/库淑兰-data-处理后/Representative elements/daily/22.jpg,daily,0.001,36,6.577321529388428
data/整理的数据-常用_副本/库淑兰-data-处理后/Representative elements/daily/22.jpg,daily,0.002,32,7.817966461181641
data/整理的数据-常用_副本/库淑兰-data-处理后/Representative elements/daily/22.jpg,daily,0.005,15,15.095076560974121
data/整理的数据-常用_副本/库淑兰-data-处理后/Representative elements/daily/22.jpg,daily,0.01,5,24.943275451660156
data/整理的数据-常用_副本/库淑兰-data-处理后/Representative elements/daily/23.jpg,daily,5e-05,288,9.971394538879395
data/整理的数据-常用_副本/库淑兰-data-处理后/Representative elements/daily/23.jpg,daily,0.0001,185,10.6910400390625
data/整理的数据-常用_副本/库淑兰-data-处理后/Representative elements/daily/23.jpg,daily,0.0002,113,12.133935928344727
data/整理的数据-常用_副本/库淑兰-data-处理后/Representative elements/daily/23.jpg,daily,0.0005,66,14.915410995483398
data/整理的数据-常用_副本/库淑兰-data-处理后/Representative elements/daily/23.jpg,daily,0.001,44,17.036701202392578
data/整理的数据-常用_副本/库淑兰-data-处理后/Representative elements/daily/23.jpg,daily,0.002,23,21.15142822265625
data/整理的数据-常用_副本/库淑兰-data-处理后/Representative elements/daily/23.jpg,daily,0.005,8,27.508275985717773
data/整理的数据-常用_副本/库淑兰-data-处理后/Representative elements/daily/23.jpg,daily,0.01,2,32.37922668457031
data/整理的数据-常用_副本/库淑兰-data-处理后/Representative elements/daily/24.jpg,daily,5e-05,39,5.985432147979736
data/整理的数据-常用_副本/库淑兰-data-处理后/Representative elements/daily/24.jpg,daily,0.0001,27,6.049823760986328
data/整理的数据-常用_副本/库淑兰-data-处理后/Representative elements/daily/24.jpg,daily,0.0002,16,6.349467754364014
data/整理的数据-常用_副本/库淑兰-data-处理后/Representative elements/daily/24.jpg,daily,0.0005,11,6.642773151397705
data/整理的数据-常用_副本/库淑兰-data-处理后/Representative elements/daily/24.jpg,daily,0.001,10,6.773314476013184
data/整理的数据-常用_副本/库淑兰-data-处理后/Representative elements/daily/24.jpg,daily,0.002,6,8.048493385314941
data/整理的数据-常用_副本/库淑兰-data-处理后/Representative elements/daily/24.jpg,daily,0.005,4,10.005775451660156
data/整理的数据-常用_副本/库淑兰-data-处理后/Representative elements/daily/24.jpg,daily,0.01,1,14.513204574584961
data/整理的数据-常用_副本/库淑兰-data-处理后/Representative elements/daily/4.jpg,daily,5e-05,16,4.476166248321533
data/整理的数据-常用_副本/库淑兰-data-处理后/Representative elements/daily/4.jpg,daily,0.0001,10,4.509104251861572
data/整理的数据-常用_副本/库淑兰-data-处理后/Representative elements/daily/4.jpg,daily,0.0002,7,4.526725769042969
data/整理的数据-常用_副本/库淑兰-data-处理后/Representative elements/daily/4.jpg,daily,0.0005,6,4.530215263366699
data/整理的数据-常用_副本/库淑兰-data-处理后/Representative elements/daily/4.jpg,daily,0.001,6,4.530215263366699
data/整理的数据-常用_副本/库淑兰-data-处理后/Representative elements/daily/4.jpg,daily,0.002,6,4.530215263366699
data/整理的数据-常用_副本/库淑兰-data-处理后/Representative elements/daily/4.jpg,daily,0.005,3,6.0451507568359375
data/整理的数据-常用_副本/库淑兰-data-处理后/Representative elements/daily/4.jpg,daily,0.01,3,6.0451507568359375
data/整理的数据-常用_副本/库淑兰-data-处理后/Representative elements/daily/5.jpg,daily,5e-05,22,5.225544452667236
data/整理的数据-常用_副本/库淑兰-data-处理后/Representative elements/daily/5.jpg,daily,0.0001,10,5.255022048950195
data/整理的数据-常用_副本/库淑兰-data-处理后/Representative elements/daily/5.jpg,daily,0.0002,7,5.275722503662109
data/整理的数据-常用_副本/库淑兰-data-处理后/Representative elements/daily/5.jpg,daily,0.0005,6,5.289158344268799
data/整理的数据-常用_副本/库淑兰-data-处理后/Representative elements/daily/5.jpg,daily,0.001,6,5.289158344268799
data/整理的数据-常用_副本/库淑兰-data-处理后/Representative elements/daily/5.jpg,daily,0.002,6,5.289158344268799
data/整理的数据-常用_副本/库淑兰-data-处理后/Representative elements/daily/5.jpg,daily,0.005,6,5.289158344268799
data/整理的数据-常用_副本/库淑兰-data-处理后/Representative elements/daily/5.jpg,daily,0.01,3,7.800194263458252
data/整理的数据-常用_副本/库淑兰-data-处理后/Representative elements/daily/7.jpg,daily,5e-05,51,8.533897399902344
data/整理的数据-常用_副本/库淑兰-data-处理后/Representative elements/daily/7.jpg,daily,0.0001,41,8.645967483520508
data/整理的数据-常用_副本/库淑兰-data-处理后/Representative elements/daily/7.jpg,daily,0.0002,40,8.653016090393066
data/整理的数据-常用_副本/库淑兰-data-处理后/Representative elements/daily/7.jpg,daily,0.0005,33,9.855649948120117
data/整理的数据-常用_副本/库淑兰-data-处理后/Representative elements/daily/7.jpg,daily,0.001,15,15.43364143371582
data/整理的数据-常用_副本/库淑兰-data-处理后/Representative elements/daily/7.jpg,daily,0.002,14,16.421092987060547
data/整理的数据-常用_副本/库淑兰-data-处理后/Representative elements/daily/7.jpg,daily,0.005,6,25.706357955932617
data/整理的数据-常用_副本/库淑兰-data-处理后/Representative elements/daily/7.jpg,daily,0.01,3,38.22478485107422
data/整理的数据-常用_副本/库淑兰-data-处理后/Representative elements/daily/8.jpg,daily,5e-05,23,6.594976425170898
data/整理的数据-常用_副本/库淑兰-data-处理后/Representative elements/daily/8.jpg,daily,0.0001,23,6.594976425170898
data/整理的数据-常用_副本/库淑兰-data-处理后/Representative elements/daily/8.jpg,daily,0.0002,23,6.594976425170898
data/整理的数据-常用_副本/库淑兰-data-处理后/Representative elements/daily/8.jpg,daily,0.0005,23,6.594976425170898
data/整理的数据-常用_副本/库淑兰-data-处理后/Representative elements/daily/8.jpg,daily,0.001,21,7.292212009429932
data/整理的数据-常用_副本/库淑兰-data-处理后/Representative elements/daily/8.jpg,daily,0.002,11,14.519468307495117
data/整理的数据-常用_副本/库淑兰-data-处理后/Representative elements/daily/8.jpg,daily,0.005,4,24.786476135253906
data/整理的数据-常用_副本/库淑兰-data-处理后/Representative elements/daily/8.jpg,daily,0.01,4,24.786476135253906
data/整理的数据-常用_副本/库淑兰-data-处理后/Representative elements/daily/9.jpg,daily,5e-05,27,6.234092712402344
data/整理的数据-常用_副本/库淑兰-data-处理后/Representative elements/daily/9.jpg,daily,0.0001,23,6.315909385681152
data/整理的数据-常用_副本/库淑兰-data-处理后/Representative elements/daily/9.jpg,daily,0.0002,20,6.396056652069092
data/整理的数据-常用_副本/库淑兰-data-处理后/Representative elements/daily/9.jpg,daily,0.0005,14,6.953463077545166
data/整理的数据-常用_副本/库淑兰-data-处理后/Representative elements/daily/9.jpg,daily,0.001,14,6.953463077545166
data/整理的数据-常用_副本/库淑兰-data-处理后/Representative elements/daily/9.jpg,daily,0.002,9,11.285626411437988
data/整理的数据-常用_副本/库淑兰-data-处理后/Representative elements/daily/9.jpg,daily,0.005,4,16.652925491333008
data/整理的数据-常用_副本/库淑兰-data-处理后/Representative elements/daily/9.jpg,daily,0.01,1,30.322481155395508
data/整理的数据-常用_副本/库淑兰-data-处理后/Representative elements/frame/1.jpg,frame,5e-05,68,8.18504810333252
data/整理的数据-常用_副本/库淑兰-data-处理后/Representative elements/frame/1.jpg,frame,0.0001,59,8.284852981567383
data/整理的数据-常用_副本/库淑兰-data-处理后/Representative elements/frame/1.jpg,frame,0.0002,35,8.530789375305176
data/整理的数据-常用_副本/库淑兰-data-处理后/Representative elements/frame/1.jpg,frame,0.0005,8,9.88846206665039
data/整理的数据-常用_副本/库淑兰-data-处理后/Representative elements/frame/1.jpg,frame,0.001,4,10.408825874328613
data/整理的数据-常用_副本/库淑兰-data-处理后/Representative elements/frame/1.jpg,frame,0.002,4,11.453431129455566
data/整理的数据-常用_副本/库淑兰-data-处理后/Representative elements/frame/1.jpg,frame,0.005,2,16.11551856994629
data/整理的数据-常用_副本/库淑兰-data-处理后/Representative elements/frame/1.jpg,frame,0.01,2,16.11551856994629
data/整理的数据-常用_副本/库淑兰-data-处理后/Representative elements/frame/10.jpg,frame,5e-05,96,7.453477382659912
data/整理的数据-常用_副本/库淑兰-data-处理后/Representative elements/frame/10.jpg,frame,0.0001,83,7.513949394226074
data/整理的数据-常用_副本/库淑兰-data-处理后/Representative elements/frame/10.jpg,frame,0.0002,77,7.611879825592041
data/整理的数据-常用_副本/库淑兰-data-处理后/Representative elements/frame/10.jpg,frame,0.0005,75,7.7231621742248535
data/整理的数据-常用_副本/库淑兰-data-处理后/Representative elements/frame/10.jpg,frame,0.001,52,10.88560962677002
data/整理的数据-常用_副本/库淑兰-data-处理后/Representative elements/frame/10.jpg,frame,0.002,29,14.381047248840332
data/整理的数据-常用_副本/库淑兰-data-处理后/Representative elements/frame/10.jpg,frame,0.005,9,22.878999710083008
data/整理的数据-常用_副本/库淑兰-data-处理后/Representative elements/frame/10.jpg,frame,0.01,4,25.597766876220703
data/整理的数据-常用_副本/库淑兰-data-处理后/Representative elements/frame/11.jpg,frame,5e-05,7,5.512357234954834
data/整理的数据-常用_副本/库淑兰-data-处理后/Representative elements/frame/11.jpg,frame,0.0001,1,5.5271735191345215
data/整理的数据-常用_副本/库淑兰-data-处理后/Representative elements/frame/11.jpg,frame,0.0002,1,5.5271735191345215
data/整理的数据-常用_副本/库淑兰-data-处理后/Representative elements/frame/11.jpg,frame,0.0005,1,5.5271735191345215
data/整理的数据-常用_副本/库淑兰-data-处理后/Representative elements/frame/11.jpg,frame,0.001,1,5.5271735191345215
data/整理的数据-常用_副本/库淑兰-data-处理后/Representative elements/frame/11.jpg,frame,0.002,1,5.5271735191345215
data/整理的数据-常用_副本/库淑兰-data-处理后/Representative elements/frame/11.jpg,frame,0.005,1,5.558948040008545
data/整理的数据-常用_副本/库淑兰-data-处理后/Representative elements/frame/11.jpg,frame,0.01,1,5.558948040008545
data/整理的数据-常用_副本/库淑兰-data-处理后/Representative elements/frame/13.jpg,frame,5e-05,219,5.779019355773926
data/整理的数据-常用_副本/库淑兰-data-处理后/Representative elements/frame/13.jpg,frame,0.0001,203,5.876046180725098
data/整理的数据-常用_副本/库淑兰-data-处理后/Representative elements/frame/13.jpg,frame,0.0002,140,6.856261253356934
data/整理的数据-常用_副本/库淑兰-data-处理后/Representative elements/frame/13.jpg,frame,0.0005,87,9.50216007232666
data/整理的数据-常用_副本/库淑兰-data-处理后/Representative elements/frame/13.jpg,frame,0.001,43,14.3594331741333
data/整理的数据-常用_副本/库淑兰-data-处理后/Representative elements/frame/13.jpg,frame,0.002,11,24.00230598449707
data/整理的数据-常用_副本/库淑兰-data-处理后/Representative elements/frame/13.jpg,frame,0.005,7,28.145936965942383
data/整理的数据-常用_副本/库淑兰-data-处理后/Representative elements/frame/13.jpg,frame,0.01,4,32.24896240234375
data/整理的数据-常用_副本/库淑兰-data-处理后/Representative elements/frame/14.jpg,frame,5e-05,294,8.992066383361816
data/整理的数据-常用_副本/库淑兰-data-处理后/Representative elements/frame/14.jpg,frame,0.0001,248,9.103044509887695
data/整理的数据-常用_副本/库淑兰-data-处理后/Representative elements/frame/14.jpg,frame,0.0002,203,9.679683685302734
data/整理的数据-常用_副本/库淑兰-data-处理后/Representative elements/frame/14.jpg,frame,0.0005,66,14.1610689163208
data/整理的数据-常用_副本/库淑兰-data-处理后/Representative elements/frame/14.jpg,frame,0.001,47,15.485031127929688
data/整理的数据-常用_副本/库淑兰-data-处理后/Representative elements/frame/14.jpg,frame,0.002,13,19.542865753173828
data/整理的数据-常用_副本/库淑兰-data-处理后/Representative elements/frame/14.jpg,frame,0.005,7,25.89652442932129
data/整理的数据-常用_副本/库淑兰-data-处理后/Representative elements/frame/14.jpg,frame,0.01,5,27.42072105407715
data/整理的数据-常用_副本/库淑兰-data-处理后/Representative elements/frame/15.jpg,frame,5e-05,40,5.593054294586182
data/整理的数据-常用_副本/库淑兰-data-处理后/Representative elements/frame/15.jpg,frame,0.0001,37,5.658962726593018
data/整理的数据-常用_副本/库淑兰-data-处理后/Representative elements/frame/15.jpg,frame,0.0002,35,5.752936363220215
data/整理的数据-常用_副本/库淑兰-data-处理后/Representative elements/frame/15.jpg,frame,0.0005,30,6.314262390136719
data/整理的数据-常用_副本/库淑兰-data-处理后/Representative elements/frame/15.jpg,frame,0.001,21,7.5278449058532715
data/整理的数据-常用_副本/库淑兰-data-处理后/Representative elements/frame/15.jpg,frame,0.002,12,12.520612716674805
data/整理的数据-常用_副本/库淑兰-data-处理后/Representative elements/frame/15.jpg,frame,0.005,5,16.84101104736328
data/整理的数据-常用_副本/库淑兰-data-处理后/Representative elements/frame/15.jpg,frame,0.01,4,19.217546463012695
data/整理的数据-常用_副本/库淑兰-data-处理后/Representative elements/frame/16.jpg,frame,5e-05,202,11.222147941589355
data/整理的数据-常用_副本/库淑兰-data-处理后/Representative elements/frame/16.jpg,frame,0.0001,189,11.27803897857666
data/整理的数据-常用_副本/库淑兰-data-处理后/Representative elements/frame/16.jpg,frame,0.0002,171,11.396347045898438
data/整理的数据-常用_副本/库淑兰-data-处理后/Representative elements/frame/16.jpg,frame,0.0005,117,13.516944885253906
data/整理的数据-常用_副本/库淑兰-data-处理后/Representative elements/frame/16.jpg,frame,0.001,53,16.24039649963379
data/整理的数据-常用_副本/库淑兰-data-处理后/Representative elements/frame/16.jpg,frame,0.002,21,19.011383056640625
data/整理的数据-常用_副本/库淑兰-data-处理后/Representative elements/frame/16.jpg,frame,0.005,4,25.043983459472656
data/整理的数据-常用_副本/库淑兰-data-处理后/Representative elements/frame/16.jpg,frame,0.01,3,25.76040267944336
data/整理的数据-常用_副本/库淑兰-data-处理后/Representative elements/frame/17.jpg,frame,5e-05,148,5.942643642425537
data/整理的数据-常用_副本/库淑兰-data-处理后/Representative elements/frame/17.jpg,frame,0.0001,142,5.984818935394287
data/整理的数据-常用_副本/库淑兰-data-处理后/Representative elements/frame/17.jpg,frame,0.0002,60,6.905467987060547
data/整理的数据-常用_副本/库淑兰-data-处理后/Representative elements/frame/17.jpg,frame,0.0005,39,7.528770446777344
data/整理的数据-常用_副本/库淑兰-data-处理后/Representative elements/frame/17.jpg,frame,0.001,18,11.0603609085083
data/整理的数据-常用_副本/库淑兰-data-处理后/Representative elements/frame/17.jpg,frame,0.002,12,12.144791603088379
data/整理的数据-常用_副本/库淑兰-data-处理后/Representative elements/frame/17.jpg,frame,0.005,6,17.97797393798828
data/整理的数据-常用_副本/库淑兰-data-处理后/Representative elements/frame/17.jpg,frame,0.01,2,24.68507957458496
data/整理的数据-常用_副本/库淑兰-data-处理后/Representative elements/frame/18.jpg,frame,5e-05,361,7.618657112121582
data/整理的数据-常用_副本/库淑兰-data-处理后/Representative elements/frame/18.jpg,frame,0.0001,271,8.538521766662598
data/整理的数据-常用_副本/库淑兰-data-处理后/Representative elements/frame/18.jpg,frame,0.0002,143,12.124842643737793
data/整理的数据-常用_副本/库淑兰-data-处理后/Representative elements/frame/18.jpg,frame,0.0005,38,22.831499099731445
data/整理的数据-常用_副本/库淑兰-data-处理后/Representative elements/frame/18.jpg,frame,0.001,7,28.736364364624023
data/整理的数据-常用_副本/库淑兰-data-处理后/Representative elements/frame/18.jpg,frame,0.002,3,35.11283874511719
data/整理的数据-常用_副本/库淑兰-data-处理后/Representative elements/frame/18.jpg,frame,0.005,2,40.03623962402344
data/整理的数据-常用_副本/库淑兰-data-处理后/Representative elements/frame/18.jpg,frame,0.01,1,47.79564666748047
data/整理的数据-常用_副本/库淑兰-data-处理后/Representative elements/frame/19.jpg,frame,5e-05,143,6.17527437210083
data/整理的数据-常用_副本/库淑兰-data-处理后/Representative elements/frame/19.jpg,frame,0.0001,104,6.70892858505249
data/整理的数据-常用_副本/库淑兰-data-处理后/Representative elements/frame/19.jpg,frame,0.0002,72,7.494307041168213
data/整理的数据-常用_副本/库淑兰-data-处理后/Representative elements/frame/19.jpg,frame,0.0005,52,8.704331398010254
data/整理的数据-常用_副本/库淑兰-data-处理后/Representative elements/frame/19.jpg,frame,0.001,13,14.600550651550293
data/整理的数据-常用_副本/库淑兰-data-处理后/Representative elements/frame/19.jpg,frame,0.002,6,16.991546630859375
data/整理的数据-常用_副本/库淑兰-data-处理后/Representative elements/frame/19.jpg,frame,0.005,3,18.860445022583008
data/整理的数据-常用_副本/库淑兰-data-处理后/Representative elements/frame/19.jpg,frame,0.01,1,22.45056915283203
data/整理的数据-常用_副本/库淑兰-data-处理后/Representative elements/frame/20.jpg,frame,5e-05,281,8.733457565307617
data/整理的数据-常用_副本/库淑兰-data-处理后/Representative elements/frame/20.jpg,frame,0.0001,182,9.878225326538086
data/整理的数据-常用_副本/库淑兰-data-处理后/Representative elements/frame/20.jpg,frame,0.0002,62,14.114847183227539
data/整理的数据-常用_副本/库淑兰-data-处理后/Representative elements/frame/20.jpg,frame,0.0005,23,18.731922149658203
data/整理的数据-常用_副本/库淑兰-data-处理后/Representative elements/frame/20.jpg,frame,0.001,12,21.60731315612793
data/整理的数据-常用_副本/库淑兰-data-处理后/Representative elements/frame/20.jpg,frame,0.002,7,24.78213882446289
data/整理的数据-常用_副本/库淑兰-data-处理后/Representative elements/frame/20.jpg,frame,0.005,4,27.469547271728516
data/整理的数据-常用_副本/库淑兰-data-处理后/Representative elements/frame/20.jpg,frame,0.01,3,31.99970817565918
data/整理的数据-常用_副本/库淑兰-data-处理后/Representative elements/frame/3.jpg,frame,5e-05,66,7.1749958992004395
data/整理的数据-常用_副本/库淑兰-data-处理后/Representative elements/frame/3.jpg,frame,0.0001,57,7.254415035247803
data/整理的数据-常用_副本/库淑兰-data-处理后/Representative elements/frame/3.jpg,frame,0.0002,53,7.365501403808594
data/整理的数据-常用_副本/库淑兰-data-处理后/Representative elements/frame/3.jpg,frame,0.0005,14,8.453700065612793
data/整理的数据-常用_副本/库淑兰-data-处理后/Representative elements/frame/3.jpg,frame,0.001,14,8.453700065612793
data/整理的数据-常用_副本/库淑兰-data-处理后/Representative elements/frame/3.jpg,frame,0.002,3,13.297816276550293
data/整理的数据-常用_副本/库淑兰-data-处理后/Representative elements/frame/3.jpg,frame,0.005,3,13.297816276550293
data/整理的数据-常用_副本/库淑兰-data-处理后/Representative elements/frame/3.jpg,frame,0.01,2,14.855595588684082
data/整理的数据-常用_副本/库淑兰-data-处理后/Representative elements/frame/4.jpg,frame,5e-05,18,3.0157434940338135
data/整理的数据-常用_副本/库淑兰-data-处理后/Representative elements/frame/4.jpg,frame,0.0001,16,3.035595178604126
data/整理的数据-常用_副本/库淑兰-data-处理后/Representative elements/frame/4.jpg,frame,0.0002,12,3.12168025970459
data/整理的数据-常用_副本/库淑兰-data-处理后/Representative elements/frame/4.jpg,frame,0.0005,11,3.175814628601074
data/整理的数据-常用_副本/库淑兰-data-处理后/Representative elements/frame/4.jpg,frame,0.001,9,3.5795485973358154
data/整理的数据-常用_副本/库淑兰-data-处理后/Representative elements/frame/4.jpg,frame,0.002,6,4.035639762878418
data/整理的数据-常用_副本/库淑兰-data-处理后/Representative elements/frame/4.jpg,frame,0.005,1,8.117409706115723
data/整理的数据-常用_副本/库淑兰-data-处理后/Representative elements/frame/4.jpg,frame,0.01,1,8.117409706115723
data/整理的数据-常用_副本/库淑兰-data-处理后/Representative elements/frame/5.jpg,frame,5e-05,121,6.069721698760986
data/整理的数据-常用_副本/库淑兰-data-处理后/Representative elements/frame/5.jpg,frame,0.0001,117,6.096079349517822
data/整理的数据-常用_副本/库淑兰-data-处理后/Representative elements/frame/5.jpg,frame,0.0002,100,6.543687343597412
data/整理的数据-常用_副本/库淑兰-data-处理后/Representative elements/frame/5.jpg,frame,0.0005,32,9.298707962036133
data/整理的数据-常用_副本/库淑兰-data-处理后/Representative elements/frame/5.jpg,frame,0.001,27,10.854432106018066
data/整理的数据-常用_副本/库淑兰-data-处理后/Representative elements/frame/5.jpg,frame,0.002,13,16.545516967773438
data/整理的数据-常用_副本/库淑兰-data-处理后/Representative elements/frame/5.jpg,frame,0.005,8,20.05462074279785
data/整理的数据-常用_副本/库淑兰-data-处理后/Representative elements/frame/5.jpg,frame,0.01,1,33.32688903808594
data/整理的数据-常用_副本/库淑兰-data-处理后/Representative elements/frame/6.jpg,frame,5e-05,83,4.4832353591918945
data/整理的数据-常用_副本/库淑兰-data-处理后/Representative elements/frame/6.jpg,frame,0.0001,79,4.518741130828857
data/整理的数据-常用_副本/库淑兰-data-处理后/Representative elements/frame/6.jpg,frame,0.0002,79,4.518741130828857
data/整理的数据-常用_副本/库淑兰-data-处理后/Representative elements/frame/6.jpg,frame,0.0005,42,5.274632930755615
data/整理的数据-常用_副本/库淑兰-data-处理后/Representative elements/frame/6.jpg,frame,0.001,31,5.642312049865723
data/整理的数据-常用_副本/库淑兰-data-处理后/Representative elements/frame/6.jpg,frame,0.002,27,6.046323776245117
data/整理的数据-常用_副本/库淑兰-data-处理后/Representative elements/frame/6.jpg,frame,0.005,9,16.200584411621094
data/整理的数据-常用_副本/库淑兰-data-处理后/Representative elements/frame/6.jpg,frame,0.01,2,19.534709930419922
data/整理的数据-常用_副本/库淑兰-data-处理后/Representative elements/frame/7.jpg,frame,5e-05,18,3.7375524044036865
data/整理的数据-常用_副本/库淑兰-data-处理后/Representative elements/frame/7.jpg,frame,0.0001,13,3.7569100856781006
data/整理的数据-常用_副本/库淑兰-data-处理后/Representative elements/frame/7.jpg,frame,0.0002,12,3.7646920680999756
data/整理的数据-常用_副本/库淑兰-data-处理后/Representative elements/frame/7.jpg,frame,0.0005,12,3.7646920680999756
data/整理的数据-常用_副本/库淑兰-data-处理后/Representative elements/frame/7.jpg,frame,0.001,9,4.075049877166748
data/整理的数据-常用_副本/库淑兰-data-处理后/Representative elements/frame/7.jpg,frame,0.002,7,4.308679580688477
data/整理的数据-常用_副本/库淑兰-data-处理后/Representative elements/frame/7.jpg,frame,0.005,7,4.308679580688477
data/整理的数据-常用_副本/库淑兰-data-处理后/Representative elements/frame/7.jpg,frame,0.01,5,8.261520385742188
data/整理的数据-常用_副本/库淑兰-data-处理后/Representative elements/frame/8.jpg,frame,5e-05,12,5.598275184631348
data/整理的数据-常用_副本/库淑兰-data-处理后/Representative elements/frame/8.jpg,frame,0.0001,11,5.605489730834961
data/整理的数据-常用_副本/库淑兰-data-处理后/Representative elements/frame/8.jpg,frame,0.0002,11,5.605489730834961
data/整理的数据-常用_副本/库淑兰-data-处理后/Representative elements/frame/8.jpg,frame,0.0005,7,5.670182228088379
data/整理的数据-常用_副本/库淑兰-data-处理后/Representative elements/frame/8.jpg,frame,0.001,6,5.694699764251709
data/整理的数据-常用_副本/库淑兰-data-处理后/Representative elements/frame/8.jpg,frame,0.002,6,5.694699764251709
data/整理的数据-常用_副本/库淑兰-data-处理后/Representative elements/frame/8.jpg,frame,0.005,6,5.694699764251709
data/整理的数据-常用_副本/库淑兰-data-处理后/Representative elements/frame/8.jpg,frame,0.01,4,10.081636428833008
data/整理的数据-常用_副本/库淑兰-data-处理后/Representative elements/person/1.jpg,person,5e-05,49,8.780409812927246
data/整理的数据-常用_副本/库淑兰-data-处理后/Representative elements/person/1.jpg,person,0.0001,36,8.839264869689941
data/整理的数据-常用_副本/库淑兰-data-处理后/Representative elements/person/1.jpg,person,0.0002,29,8.923746109008789
data/整理的数据-常用_副本/库淑兰-data-处理后/Representative elements/person/1.jpg,person,0.0005,25,9.400556564331055
data/整理的数据-常用_副本/库淑兰-data-处理后/Representative elements/person/1.jpg,person,0.001,23,9.829047203063965
data/整理的数据-常用_副本/库淑兰-data-处理后/Representative elements/person/1.jpg,person,0.002,11,15.113831520080566
data/整理的数据-常用_副本/库淑兰-data-处理后/Representative elements/person/1.jpg,person,0.005,3,19.12995147705078
data/整理的数据-常用_副本/库淑兰-data-处理后/Representative elements/person/1.jpg,person,0.01,3,19.12995147705078
data/整理的数据-常用_副本/库淑兰-data-处理后/Representative elements/person/10.jpg,person,5e-05,155,9.415308952331543
data/整理的数据-常用_副本/库淑兰-data-处理后/Representative elements/person/10.jpg,person,0.0001,137,9.543941497802734
data/整理的数据-常用_副本/库淑兰-data-处理后/Representative elements/person/10.jpg,person,0.0002,113,10.0342378616333
data/整理的数据-常用_副本/库淑兰-data-处理后/Representative elements/person/10.jpg,person,0.0005,61,13.109291076660156
data/整理的数据-常用_副本/库淑兰-data-处理后/Representative elements/person/10.jpg,person,0.001,44,15.152767181396484
data/整理的数据-常用_副本/库淑兰-data-处理后/Representative elements/person/10.jpg,person,0.002,15,22.68007469177246
data/整理的数据-常用_副本/库淑兰-data-处理后/Representative elements/person/10.jpg,person,0.005,11,26.248886108398438
data/整理的数据-常用_副本/库淑兰-data-处理后/Representative elements/person/10.jpg,person,0.01,6,32.534664154052734
data/整理的数据-常用_副本/库淑兰-data-处理后/Representative elements/person/11.jpg,person,5e-05,84,9.050427436828613
data/整理的数据-常用_副本/库淑兰-data-处理后/Representative elements/person/11.jpg,person,0.0001,72,9.193194389343262
data/整理的数据-常用_副本/库淑兰-data-处理后/Representative elements/person/11.jpg,person,0.0002,66,9.253196716308594
data/整理的数据-常用_副本/库淑兰-data-处理后/Representative elements/person/11.jpg,person,0.0005,41,11.067682266235352
data/整理的数据-常用_副本/库淑兰-data-处理后/Representative elements/person/11.jpg,person,0.001,29,12.403858184814453
data/整理的数据-常用_副本/库淑兰-data-处理后/Representative elements/person/11.jpg,person,0.002,16,16.893402099609375
data/整理的数据-常用_副本/库淑兰-data-处理后/Representative elements/person/11.jpg,person,0.005,7,20.397539138793945
data/整理的数据-常用_副本/库淑兰-data-处理后/Representative elements/person/11.jpg,person,0.01,5,24.92010498046875
data/整理的数据-常用_副本/库淑兰-data-处理后/Representative elements/person/12.jpg,person,5e-05,124,9.917254447937012
data/整理的数据-常用_副本/库淑兰-data-处理后/Representative elements/person/12.jpg,person,0.0001,103,10.111159324645996
data/整理的数据-常用_副本/库淑兰-data-处理后/Representative elements/person/12.jpg,person,0.0002,85,10.561545372009277
data/整理的数据-常用_副本/库淑兰-data-处理后/Representative elements/person/12.jpg,person,0.0005,50,13.821455955505371
data/整理的数据-常用_副本/库淑兰-data-处理后/Representative elements/person/12.jpg,person,0.001,37,15.310750961303711
data/整理的数据-常用_副本/库淑兰-data-处理后/Representative elements/person/12.jpg,person,0.002,20,22.397794723510742
data/整理的数据-常用_副本/库淑兰-data-处理后/Representative elements/person/12.jpg,person,0.005,7,30.792926788330078
data/整理的数据-常用_副本/库淑兰-data-处理后/Representative elements/person/12.jpg,person,0.01,1,43.725318908691406
data/整理的数据-常用_副本/库淑兰-data-处理后/Representative elements/person/13.jpg,person,5e-05,326,9.88150405883789
data/整理的数据-常用_副本/库淑兰-data-处理后/Representative elements/person/13.jpg,person,0.0001,286,10.278949737548828
data/整理的数据-常用_副本/库淑兰-data-处理后/Representative elements/person/13.jpg,person,0.0002,184,12.46855354309082
data/整理的数据-常用_副本/库淑兰-data-处理后/Representative elements/person/13.jpg,person,0.0005,80,16.586679458618164
data/整理的数据-常用_副本/库淑兰-data-处理后/Representative elements/person/13.jpg,person,0.001,45,19.198598861694336
data/整理的数据-常用_副本/库淑兰-data-处理后/Representative elements/person/13.jpg,person,0.002,19,24.329946517944336
data/整理的数据-常用_副本/库淑兰-data-处理后/Representative elements/person/13.jpg,person,0.005,7,28.062326431274414
data/整理的数据-常用_副本/库淑兰-data-处理后/Representative elements/person/13.jpg,person,0.01,3,32.226226806640625
data/整理的数据-常用_副本/库淑兰-data-处理后/Representative elements/person/14.jpg,person,5e-05,314,10.42349910736084
data/整理的数据-常用_副本/库淑兰-data-处理后/Representative elements/person/14.jpg,person,0.0001,270,10.793067932128906
data/整理的数据-常用_副本/库淑兰-data-处理后/Representative elements/person/14.jpg,person,0.0002,216,11.868877410888672
data/整理的数据-常用_副本/库淑兰-data-处理后/Representative elements/person/14.jpg,person,0.0005,84,16.608989715576172
data/整理的数据-常用_副本/库淑兰-data-处理后/Representative elements/person/14.jpg,person,0.001,42,20.319379806518555
data/整理的数据-常用_副本/库淑兰-data-处理后/Representative elements/person/14.jpg,person,0.002,25,22.71074676513672
data/整理的数据-常用_副本/库淑兰-data-处理后/Representative elements/person/14.jpg,person,0.005,11,29.95172119140625
data/整理的数据-常用_副本/库淑兰-data-处理后/Representative elements/person/14.jpg,person,0.01,5,36.594947814941406
data/整理的数据-常用_副本/库淑兰-data-处理后/Representative elements/person/15.jpg,person,5e-05,235,8.856983184814453
data/整理的数据-常用_副本/库淑兰-data-处理后/Representative elements/person/15.jpg,person,0.0001,218,9.057822227478027
data/整理的数据-常用_副本/库淑兰-data-处理后/Representative elements/person/15.jpg,person,0.0002,195,9.787819862365723
data/整理的数据-常用_副本/库淑兰-data-处理后/Representative elements/person/15.jpg,person,0.0005,83,16.067243576049805
data/整理的数据-常用_副本/库淑兰-data-处理后/Representative elements/person/15.jpg,person,0.001,52,19.259305953979492
data/整理的数据-常用_副本/库淑兰-data-处理后/Representative elements/person/15.jpg,person,0.002,15,26.563800811767578
data/整理的数据-常用_副本/库淑兰-data-处理后/Representative elements/person/15.jpg,person,0.005,6,33.03610610961914
data/整理的数据-常用_副本/库淑兰-data-处理后/Representative elements/person/15.jpg,person,0.01,2,37.75872802734375
data/整理的数据-常用_副本/库淑兰-data-处理后/Representative elements/person/17.jpg,person,5e-05,204,10.285806655883789
data/整理的数据-常用_副本/库淑兰-data-处理后/Representative elements/person/17.jpg,person,0.0001,181,10.366086959838867
data/整理的数据-常用_副本/库淑兰-data-处理后/Representative elements/person/17.jpg,person,0.0002,147,10.7777681350708
data/整理的数据-常用_副本/库淑兰-data-处理后/Representative elements/person/17.jpg,person,0.0005,65,14.140111923217773
data/整理的数据-常用_副本/库淑兰-data-处理后/Representative elements/person/17.jpg,person,0.001,46,15.73050594329834
data/整理的数据-常用_副本/库淑兰-data-处理后/Representative elements/person/17.jpg,person,0.002,37,16.88816261291504
data/整理的数据-常用_副本/库淑兰-data-处理后/Representative elements/person/17.jpg,person,0.005,12,28.39678382873535
data/整理的数据-常用_副本/库淑兰-data-处理后/Representative elements/person/17.jpg,person,0.01,7,33.17365646362305
data/整理的数据-常用_副本/库淑兰-data-处理后/Representative elements/person/18.jpg,person,5e-05,375,14.341941833496094
data/整理的数据-常用_副本/库淑兰-data-处理后/Representative elements/person/18.jpg,person,0.0001,280,15.178218841552734
data/整理的数据-常用_副本/库淑兰-data-处理后/Representative elements/person/18.jpg,person,0.0002,141,17.25313949584961
data/整理的数据-常用_副本/库淑兰-data-处理后/Representative elements/person/18.jpg,person,0.0005,74,19.739439010620117
data/整理的数据-常用_副本/库淑兰-data-处理后/Representative elements/person/18.jpg,person,0.001,40,22.008604049682617
data/整理的数据-常用_副本/库淑兰-data-处理后/Representative elements/person/18.jpg,person,0.002,18,24.628477096557617
data/整理的数据-常用_副本/库淑兰-data-处理后/Representative elements/person/18.jpg,person,0.005,9,29.53554916381836
data/整理的数据-常用_副本/库淑兰-data-处理后/Representative elements/person/18.jpg,person,0.01,6,33.81489562988281
data/整理的数据-常用_副本/库淑兰-data-处理后/Representative elements/person/19.jpg,person,5e-05,124,7.158684730529785
data/整理的数据-常用_副本/库淑兰-data-处理后/Representative elements/person/19.jpg,person,0.0001,107,7.2144598960876465
data/整理的数据-常用_副本/库淑兰-data-处理后/Representative elements/person/19.jpg,person,0.0002,102,7.285220623016357
data/整理的数据-常用_副本/库淑兰-data-处理后/Representative elements/person/19.jpg,person,0.0005,75,8.551507949829102
data/整理的数据-常用_副本/库淑兰-data-处理后/Representative elements/person/19.jpg,person,0.001,47,10.751638412475586
data/整理的数据-常用_副本/库淑兰-data-处理后/Representative elements/person/19.jpg,person,0.002,23,14.56679916381836
data/整理的数据-常用_副本/库淑兰-data-处理后/Representative elements/person/19.jpg,person,0.005,12,18.569934844970703
data/整理的数据-常用_副本/库淑兰-data-处理后/Representative elements/person/19.jpg,person,0.01,3,25.762922286987305
data/整理的数据-常用_副本/库淑兰-data-处理后/Representative elements/person/2.jpg,person,5e-05,135,8.025697708129883
data/整理的数据-常用_副本/库淑兰-data-处理后/Representative elements/person/2.jpg,person,0.0001,97,8.227967262268066
data/整理的数据-常用_副本/库淑兰-data-处理后/Representative elements/person/2.jpg,person,0.0002,84,8.663337707519531
data/整理的数据-常用_副本/库淑兰-data-处理后/Representative elements/person/2.jpg,person,0.0005,46,11.190338134765625
data/整理的数据-常用_副本/库淑兰-data-处理后/Representative elements/person/2.jpg,person,0.001,26,13.920320510864258
data/整理的数据-常用_副本/库淑兰-data-处理后/Representative elements/person/2.jpg,person,0.002,12,18.009641647338867
data/整理的数据-常用_副本/库淑兰-data-处理后/Representative elements/person/2.jpg,person,0.005,6,20.999704360961914
data/整理的数据-常用_副本/库淑兰-data-处理后/Representative elements/person/2.jpg,person,0.01,4,24.968036651611328
data/整理的数据-常用_副本/库淑兰-data-处理后/Representative elements/person/20.jpg,person,5e-05,348,11.874417304992676
data/整理的数据-常用_副本/库淑兰-data-处理后/Representative elements/person/20.jpg,person,0.0001,292,12.479218482971191
data/整理的数据-常用_副本/库淑兰-data-处理后/Representative elements/person/20.jpg,person,0.0002,165,14.866453170776367
data/整理的数据-常用_副本/库淑兰-data-处理后/Representative elements/person/20.jpg,person,0.0005,91,17.867515563964844
data/整理的数据-常用_副本/库淑兰-data-处理后/Representative elements/person/20.jpg,person,0.001,45,23.10737419128418
data/整理的数据-常用_副本/库淑兰-data-处理后/Representative elements/person/20.jpg,person,0.002,11,28.595029830932617
data/整理的数据-常用_副本/库淑兰-data-处理后/Representative elements/person/20.jpg,person,0.005,4,31.997419357299805
data/整理的数据-常用_副本/库淑兰-data-处理后/Representative elements/person/20.jpg,person,0.01,4,33.41597366333008
data/整理的数据-常用_副本/库淑兰-data-处理后/Representative elements/person/21.jpg,person,5e-05,441,9.127995491027832
data/整理的数据-常用_副本/库淑兰-data-处理后/Representative elements/person/21.jpg,person,0.0001,356,9.41477108001709
data/整理的数据-常用_副本/库淑兰-data-处理后/Representative elements/person/21.jpg,person,0.0002,291,10.435990333557129
data/整理的数据-常用_副本/库淑兰-data-处理后/Representative elements/person/21.jpg,person,0.0005,137,15.785061836242676
data/整理的数据-常用_副本/库淑兰-data-处理后/Representative elements/person/21.jpg,person,0.001,59,21.286314010620117
data/整理的数据-常用_副本/库淑兰-data-处理后/Representative elements/person/21.jpg,person,0.002,28,24.946603775024414
data/整理的数据-常用_副本/库淑兰-data-处理后/Representative elements/person/21.jpg,person,0.005,16,31.69171905517578
data/整理的数据-常用_副本/库淑兰-data-处理后/Representative elements/person/21.jpg,person,0.01,3,41.60771179199219
data/整理的数据-常用_副本/库淑兰-data-处理后/Representative elements/person/22.jpg,person,5e-05,359,10.566843032836914
data/整理的数据-常用_副本/库淑兰-data-处理后/Representative elements/person/22.jpg,person,0.0001,246,11.617981910705566
data/整理的数据-常用_副本/库淑兰-data-处理后/Representative elements/person/22.jpg,person,0.0002,181,13.133718490600586
data/整理的数据-常用_副本/库淑兰-data-处理后/Representative elements/person/22.jpg,person,0.0005,96,19.28887176513672
data/整理的数据-常用_副本/库淑兰-data-处理后/Representative elements/person/22.jpg,person,0.001,58,24.369632720947266
data/整理的数据-常用_副本/库淑兰-data-处理后/Representative elements/person/22.jpg,person,0.002,27,31.804702758789062
data/整理的数据-常用_副本/库淑兰-data-处理后/Representative elements/person/22.jpg,person,0.005,5,49.64130783081055
data/整理的数据-常用_副本/库淑兰-data-处理后/Representative elements/person/22.jpg,person,0.01,1,56.521392822265625
data/整理的数据-常用_副本/库淑兰-data-处理后/Representative elements/person/24.jpg,person,5e-05,424,19.24241065979004
data/整理的数据-常用_副本/库淑兰-data-处理后/Representative elements/person/24.jpg,person,0.0001,191,21.541955947875977
data/整理的数据-常用_副本/库淑兰-data-处理后/Representative elements/person/24.jpg,person,0.0002,88,24.074462890625
data/整理的数据-常用_副本/库淑兰-data-处理后/Representative elements/person/24.jpg,person,0.0005,30,27.13517951965332
data/整理的数据-常用_副本/库淑兰-data-处理后/Representative elements/person/24.jpg,person,0.001,13,29.587453842163086
data/整理的数据-常用_副本/库淑兰-data-处理后/Representative elements/person/24.jpg,person,0.002,10,31.675556182861328
data/整理的数据-常用_副本/库淑兰-data-处理后/Representative elements/person/24.jpg,person,0.005,3,38.12915802001953
data/整理的数据-常用_副本/库淑兰-data-处理后/Representative elements/person/24.jpg,person,0.01,1,40.82282257080078
data/整理的数据-常用_副本/库淑兰-data-处理后/Representative elements/person/25.jpg,person,5e-05,256,9.239508628845215
data/整理的数据-常用_副本/库淑兰-data-处理后/Representative elements/person/25.jpg,person,0.0001,211,9.401509284973145
data/整理的数据-常用_副本/库淑兰-data-处理后/Representative elements/person/25.jpg,person,0.0002,191,9.656033515930176
data/整理的数据-常用_副本/库淑兰-data-处理后/Representative elements/person/25.jpg,person,0.0005,137,11.703323364257812
data/整理的数据-常用_副本/库淑兰-data-处理后/Representative elements/person/25.jpg,person,0.001,79,16.806137084960938
data/整理的数据-常用_副本/库淑兰-data-处理后/Representative elements/person/25.jpg,person,0.002,26,23.032730102539062
data/整理的数据-常用_副本/库淑兰-data-处理后/Representative elements/person/25.jpg,person,0.005,8,32.10371398925781
data/整理的数据-常用_副本/库淑兰-data-处理后/Representative elements/person/25.jpg,person,0.01,4,39.831485748291016
data/整理的数据-常用_副本/库淑兰-data-处理后/Representative elements/person/27.jpg,person,5e-05,403,12.033342361450195
data/整理的数据-常用_副本/库淑兰-data-处理后/Representative elements/person/27.jpg,person,0.0001,309,12.756248474121094
data/整理的数据-常用_副本/库淑兰-data-处理后/Representative elements/person/27.jpg,person,0.0002,190,15.310866355895996
data/整理的数据-常用_副本/库淑兰-data-处理后/Representative elements/person/27.jpg,person,0.0005,97,19.603219985961914
data/整理的数据-常用_副本/库淑兰-data-处理后/Representative elements/person/27.jpg,person,0.001,46,24.479848861694336
data/整理的数据-常用_副本/库淑兰-data-处理后/Representative elements/person/27.jpg,person,0.002,17,31.868045806884766
data/整理的数据-常用_副本/库淑兰-data-处理后/Representative elements/person/27.jpg,person,0.005,5,39.555580139160156
data/整理的数据-常用_副本/库淑兰-data-处理后/Representative elements/person/27.jpg,person,0.01,4,41.8231201171875
data/整理的数据-常用_副本/库淑兰-data-处理后/Representative elements/person/28.jpg,person,5e-05,382,12.220808029174805
data/整理的数据-常用_副本/库淑兰-data-处理后/Representative elements/person/28.jpg,person,0.0001,238,13.58421802520752
data/整理的数据-常用_副本/库淑兰-data-处理后/Representative elements/person/28.jpg,person,0.0002,149,15.60310173034668
data/整理的数据-常用_副本/库淑兰-data-处理后/Representative elements/person/28.jpg,person,0.0005,84,19.235759735107422
data/整理的数据-常用_副本/库淑兰-data-处理后/Representative elements/person/28.jpg,person,0.001,54,22.49294662475586
data/整理的数据-常用_副本/库淑兰-data-处理后/Representative elements/person/28.jpg,person,0.002,15,29.828907012939453
data/整理的数据-常用_副本/库淑兰-data-处理后/Representative elements/person/28.jpg,person,0.005,5,35.47180938720703
data/整理的数据-常用_副本/库淑兰-data-处理后/Representative elements/person/28.jpg,person,0.01,1,38.535926818847656
data/整理的数据-常用_副本/库淑兰-data-处理后/Representative elements/person/29.jpg,person,5e-05,678,11.937865257263184
data/整理的数据-常用_副本/库淑兰-data-处理后/Representative elements/person/29.jpg,person,0.0001,435,13.675451278686523
data/整理的数据-常用_副本/库淑兰-data-处理后/Representative elements/person/29.jpg,person,0.0002,233,17.324068069458008
data/整理的数据-常用_副本/库淑兰-data-处理后/Representative elements/person/29.jpg,person,0.0005,75,25.32236671447754
data/整理的数据-常用_副本/库淑兰-data-处理后/Representative elements/person/29.jpg,person,0.001,38,30.443302154541016
data/整理的数据-常用_副本/库淑兰-data-处理后/Representative elements/person/29.jpg,person,0.002,13,36.36349868774414
data/整理的数据-常用_副本/库淑兰-data-处理后/Representative elements/person/29.jpg,person,0.005,7,38.0782585144043
data/整理的数据-常用_副本/库淑兰-data-处理后/Representative elements/person/29.jpg,person,0.01,3,43.470619201660156
data/整理的数据-常用_副本/库淑兰-data-处理后/Representative elements/person/30.jpg,person,5e-05,444,14.450100898742676
data/整理的数据-常用_副本/库淑兰-data-处理后/Representative elements/person/30.jpg,person,0.0001,221,16.339078903198242
data/整理的数据-常用_副本/库淑兰-data-处理后/Representative elements/person/30.jpg,person,0.0002,96,18.378355026245117
data/整理的数据-常用_副本/库淑兰-data-处理后/Representative elements/person/30.jpg,person,0.0005,32,21.807361602783203
data/整理的数据-常用_副本/库淑兰-data-处理后/Representative elements/person/30.jpg,person,0.001,20,22.916099548339844
data/整理的数据-常用_副本/库淑兰-data-处理后/Representative elements/person/30.jpg,person,0.002,9,26.06686782836914
data/整理的数据-常用_副本/库淑兰-data-处理后/Representative elements/person/30.jpg,person,0.005,5,28.93803596496582
data/整理的数据-常用_副本/库淑兰-data-处理后/Representative elements/person/30.jpg,person,0.01,1,34.58694839477539
data/整理的数据-常用_副本/库淑兰-data-处理后/Representative elements/person/4.jpg,person,5e-05,115,11.115001678466797
data/整理的数据-常用_副本/库淑兰-data-处理后/Representative elements/person/4.jpg,person,0.0001,105,11.253071784973145
data/整理的数据-常用_副本/库淑兰-data-处理后/Representative elements/person/4.jpg,person,0.0002,96,11.59367847442627
data/整理的数据-常用_副本/库淑兰-data-处理后/Representative elements/person/4.jpg,person,0.0005,22,16.073226928710938
data/整理的数据-常用_副本/库淑兰-data-处理后/Representative elements/person/4.jpg,person,0.001,13,18.07817268371582
data/整理的数据-常用_副本/库淑兰-data-处理后/Representative elements/person/4.jpg,person,0.002,9,19.90422821044922
data/整理的数据-常用_副本/库淑兰-data-处理后/Representative elements/person/4.jpg,person,0.005,2,25.022464752197266
data/整理的数据-常用_副本/库淑兰-data-处理后/Representative elements/person/4.jpg,person,0.01,2,31.418603897094727
data/整理的数据-常用_副本/库淑兰-data-处理后/Representative elements/person/6.jpg,person,5e-05,259,7.806783199310303
data/整理的数据-常用_副本/库淑兰-data-处理后/Representative elements/person/6.jpg,person,0.0001,251,7.962764263153076
data/整理的数据-常用_副本/库淑兰-data-处理后/Representative elements/person/6.jpg,person,0.0002,191,9.380023956298828
data/整理的数据-常用_副本/库淑兰-data-处理后/Representative elements/person/6.jpg,person,0.0005,87,13.511427879333496
data/整理的数据-常用_副本/库淑兰-data-处理后/Representative elements/person/6.jpg,person,0.001,37,18.832401275634766
data/整理的数据-常用_副本/库淑兰-data-处理后/Representative elements/person/6.jpg,person,0.002,13,27.571311950683594
data/整理的数据-常用_副本/库淑兰-data-处理后/Representative elements/person/6.jpg,person,0.005,7,32.63697052001953
data/整理的数据-常用_副本/库淑兰-data-处理后/Representative elements/person/6.jpg,person,0.01,4,38.561187744140625
data/整理的数据-常用_副本/库淑兰-data-处理后/Representative elements/person/7.jpg,person,5e-05,237,10.309806823730469
data/整理的数据-常用_副本/库淑兰-data-处理后/Representative elements/person/7.jpg,person,0.0001,211,10.709816932678223
data/整理的数据-常用_副本/库淑兰-data-处理后/Representative elements/person/7.jpg,person,0.0002,136,12.721311569213867
data/整理的数据-常用_副本/库淑兰-data-处理后/Representative elements/person/7.jpg,person,0.0005,51,16.586538314819336
data/整理的数据-常用_副本/库淑兰-data-处理后/Representative elements/person/7.jpg,person,0.001,18,19.920846939086914
data/整理的数据-常用_副本/库淑兰-data-处理后/Representative elements/person/7.jpg,person,0.002,9,23.431339263916016
data/整理的数据-常用_副本/库淑兰-data-处理后/Representative elements/person/7.jpg,person,0.005,5,27.92171287536621
data/整理的数据-常用_副本/库淑兰-data-处理后/Representative elements/person/7.jpg,person,0.01,3,29.778039932250977
data/整理的数据-常用_副本/库淑兰-data-处理后/Representative elements/person/8.jpg,person,5e-05,267,10.79017162322998
data/整理的数据-常用_副本/库淑兰-data-处理后/Representative elements/person/8.jpg,person,0.0001,218,11.333902359008789
data/整理的数据-常用_副本/库淑兰-data-处理后/Representative elements/person/8.jpg,person,0.0002,158,12.948846817016602
data/整理的数据-常用_副本/库淑兰-data-处理后/Representative elements/person/8.jpg,person,0.0005,56,18.22264862060547
data/整理的数据-常用_副本/库淑兰-data-处理后/Representative elements/person/8.jpg,person,0.001,30,21.41747283935547
data/整理的数据-常用_副本/库淑兰-data-处理后/Representative elements/person/8.jpg,person,0.002,8,27.35938835144043
data/整理的数据-常用_副本/库淑兰-data-处理后/Representative elements/person/8.jpg,person,0.005,6,34.0350456237793
data/整理的数据-常用_副本/库淑兰-data-处理后/Representative elements/person/8.jpg,person,0.01,3,43.219818115234375
data/整理的数据-常用_副本/库淑兰-data-处理后/Representative elements/person/9.jpg,person,5e-05,90,8.958012580871582
data/整理的数据-常用_副本/库淑兰-data-处理后/Representative elements/person/9.jpg,person,0.0001,70,9.383442878723145
data/整理的数据-常用_副本/库淑兰-data-处理后/Representative elements/person/9.jpg,person,0.0002,52,10.004281044006348
data/整理的数据-常用_副本/库淑兰-data-处理后/Representative elements/person/9.jpg,person,0.0005,28,12.031039237976074
data/整理的数据-常用_副本/库淑兰-data-处理后/Representative elements/person/9.jpg,person,0.001,20,13.992834091186523
data/整理的数据-常用_副本/库淑兰-data-处理后/Representative elements/person/9.jpg,person,0.002,12,16.97911262512207
data/整理的数据-常用_副本/库淑兰-data-处理后/Representative elements/person/9.jpg,person,0.005,4,22.59198760986328
data/整理的数据-常用_副本/库淑兰-data-处理后/Representative elements/person/9.jpg,person,0.01,3,26.988271713256836
data/整理的数据-常用_副本/库淑兰-data-处理后/Representative elements/plants/1.jpg,plants,5e-05,14,6.307541847229004
data/整理的数据-常用_副本/库淑兰-data-处理后/Representative elements/plants/1.jpg,plants,0.0001,14,6.307541847229004
data/整理的数据-常用_副本/库淑兰-data-处理后/Representative elements/plants/1.jpg,plants,0.0002,12,6.316105365753174
data/整理的数据-常用_副本/库淑兰-data-处理后/Representative elements/plants/1.jpg,plants,0.0005,10,6.369027614593506
data/整理的数据-常用_副本/库淑兰-data-处理后/Representative elements/plants/1.jpg,plants,0.001,9,6.432187080383301
data/整理的数据-常用_副本/库淑兰-data-处理后/Representative elements/plants/1.jpg,plants,0.002,9,6.432187080383301
data/整理的数据-常用_副本/库淑兰-data-处理后/Representative elements/plants/1.jpg,plants,0.005,7,6.822572231292725
data/整理的数据-常用_副本/库淑兰-data-处理后/Representative elements/plants/1.jpg,plants,0.01,5,7.621232032775879
data/整理的数据-常用_副本/库淑兰-data-处理后/Representative elements/plants/10.jpg,plants,5e-05,81,5.419121742248535
data/整理的数据-常用_副本/库淑兰-data-处理后/Representative elements/plants/10.jpg,plants,0.0001,75,5.431511878967285
data/整理的数据-常用_副本/库淑兰-data-处理后/Representative elements/plants/10.jpg,plants,0.0002,72,5.464126110076904
data/整理的数据-常用_副本/库淑兰-data-处理后/Representative elements/plants/10.jpg,plants,0.0005,71,5.467316150665283
data/整理的数据-常用_副本/库淑兰-data-处理后/Representative elements/plants/10.jpg,plants,0.001,58,6.467841148376465
data/整理的数据-常用_副本/库淑兰-data-处理后/Representative elements/plants/10.jpg,plants,0.002,51,7.413852691650391
data/整理的数据-常用_副本/库淑兰-data-处理后/Representative elements/plants/10.jpg,plants,0.005,23,20.338247299194336
data/整理的数据-常用_副本/库淑兰-data-处理后/Representative elements/plants/10.jpg,plants,0.01,6,40.751834869384766
data/整理的数据-常用_副本/库淑兰-data-处理后/Representative elements/plants/11.jpg,plants,5e-05,33,8.273719787597656
data/整理的数据-常用_副本/库淑兰-data-处理后/Representative elements/plants/11.jpg,plants,0.0001,25,8.28824520111084
data/整理的数据-常用_副本/库淑兰-data-处理后/Representative elements/plants/11.jpg,plants,0.0002,24,8.293564796447754
data/整理的数据-常用_副本/库淑兰-data-处理后/Representative elements/plants/11.jpg,plants,0.0005,23,8.303009986877441
data/整理的数据-常用_副本/库淑兰-data-处理后/Representative elements/plants/11.jpg,plants,0.001,18,8.638496398925781
data/整理的数据-常用_副本/库淑兰-data-处理后/Representative elements/plants/11.jpg,plants,0.002,13,9.345562934875488
data/整理的数据-常用_副本/库淑兰-data-处理后/Representative elements/plants/11.jpg,plants,0.005,8,11.125262260437012
data/整理的数据-常用_副本/库淑兰-data-处理后/Representative elements/plants/11.jpg,plants,0.01,2,13.241302490234375
data/整理的数据-常用_副本/库淑兰-data-处理后/Representative elements/plants/12.jpg,plants,5e-05,54,5.1409912109375
data/整理的数据-常用_副本/库淑兰-data-处理后/Representative elements/plants/12.jpg,plants,0.0001,47,5.148048400878906
data/整理的数据-常用_副本/库淑兰-data-处理后/Representative elements/plants/12.jpg,plants,0.0002,46,5.1519365310668945
data/整理的数据-常用_副本/库淑兰-data-处理后/Representative elements/plants/12.jpg,plants,0.0005,46,5.1519365310668945
data/整理的数据-常用_副本/库淑兰-data-处理后/Representative elements/plants/12.jpg,plants,0.001,40,5.300996780395508
data/整理的数据-常用_副本/库淑兰-data-处理后/Representative elements/plants/12.jpg,plants,0.002,30,6.166567802429199
data/整理的数据-常用_副本/库淑兰-data-处理后/Representative elements/plants/12.jpg,plants,0.005,12,12.686498641967773
data/整理的数据-常用_副本/库淑兰-data-处理后/Representative elements/plants/12.jpg,plants,0.01,11,13.189674377441406
data/整理的数据-常用_副本/库淑兰-data-处理后/Representative elements/plants/13.jpg,plants,5e-05,41,5.41099739074707
data/整理的数据-常用_副本/库淑兰-data-处理后/Representative elements/plants/13.jpg,plants,0.0001,40,5.423251628875732
data/整理的数据-常用_副本/库淑兰-data-处理后/Representative elements/plants/13.jpg,plants,0.0002,38,5.463357448577881
data/整理的数据-常用_副本/库淑兰-data-处理后/Representative elements/plants/13.jpg,plants,0.0005,32,5.8062028884887695
data/整理的数据-常用_副本/库淑兰-data-处理后/Representative elements/plants/13.jpg,plants,0.001,20,7.130288600921631
data/整理的数据-常用_副本/库淑兰-data-处理后/Representative elements/plants/13.jpg,plants,0.002,17,7.6951422691345215
data/整理的数据-常用_副本/库淑兰-data-处理后/Representative elements/plants/13.jpg,plants,0.005,12,9.189926147460938
data/整理的数据-常用_副本/库淑兰-data-处理后/Representative elements/plants/13.jpg,plants,0.01,11,10.162420272827148
data/整理的数据-常用_副本/库淑兰-data-处理后/Representative elements/plants/14.jpg,plants,5e-05,92,9.123894691467285
data/整理的数据-常用_副本/库淑兰-data-处理后/Representative elements/plants/14.jpg,plants,0.0001,89,9.159423828125
data/整理的数据-常用_副本/库淑兰-data-处理后/Representative elements/plants/14.jpg,plants,0.0002,84,9.283991813659668
data/整理的数据-常用_副本/库淑兰-data-处理后/Representative elements/plants/14.jpg,plants,0.0005,40,11.125134468078613
data/整理的数据-常用_副本/库淑兰-data-处理后/Representative elements/plants/14.jpg,plants,0.001,31,12.667125701904297
data/整理的数据-常用_副本/库淑兰-data-处理后/Representative elements/plants/14.jpg,plants,0.002,29,13.387288093566895
data/整理的数据-常用_副本/库淑兰-data-处理后/Representative elements/plants/14.jpg,plants,0.005,22,17.228124618530273
data/整理的数据-常用_副本/库淑兰-data-处理后/Representative elements/plants/14.jpg,plants,0.01,6,33.273643493652344
data/整理的数据-常用_副本/库淑兰-data-处理后/Representative elements/plants/15.jpg,plants,5e-05,75,4.794673442840576
data/整理的数据-常用_副本/库淑兰-data-处理后/Representative elements/plants/15.jpg,plants,0.0001,73,4.803407669067383
data/整理的数据-常用_副本/库淑兰-data-处理后/Representative elements/plants/15.jpg,plants,0.0002,70,4.828589916229248
data/整理的数据-常用_副本/库淑兰-data-处理后/Representative elements/plants/15.jpg,plants,0.0005,63,4.984429836273193
data/整理的数据-常用_副本/库淑兰-data-处理后/Representative elements/plants/15.jpg,plants,0.001,52,5.575216770172119
data/整理的数据-常用_副本/库淑兰-data-处理后/Representative elements/plants/15.jpg,plants,0.002,9,13.10957145690918
data/整理的数据-常用_副本/库淑兰-data-处理后/Representative elements/plants/15.jpg,plants,0.005,5,13.612003326416016
data/整理的数据-常用_副本/库淑兰-data-处理后/Representative elements/plants/15.jpg,plants,0.01,4,14.041647911071777
data/整理的数据-常用_副本/库淑兰-data-处理后/Representative elements/plants/16.jpg,plants,5e-05,27,4.448034763336182
data/整理的数据-常用_副本/库淑兰-data-处理后/Representative elements/plants/16.jpg,plants,0.0001,23,4.4565019607543945
data/整理的数据-常用_副本/库淑兰-data-处理后/Representative elements/plants/16.jpg,plants,0.0002,23,4.4565019607543945
data/整理的数据-常用_副本/库淑兰-data-处理后/Representative elements/plants/16.jpg,plants,0.0005,23,4.4565019607543945
data/整理的数据-常用_副本/库淑兰-data-处理后/Representative elements/plants/16.jpg,plants,0.001,23,4.4565019607543945
data/整理的数据-常用_副本/库淑兰-data-处理后/Representative elements/plants/16.jpg,plants,0.002,22,4.78706693649292
data/整理的数据-常用_副本/库淑兰-data-处理后/Representative elements/plants/16.jpg,plants,0.005,17,8.15910530090332
data/整理的数据-常用_副本/库淑兰-data-处理后/Representative elements/plants/16.jpg,plants,0.01,5,20.443607330322266
data/整理的数据-常用_副本/库淑兰-data-处理后/Representative elements/plants/18.jpg,plants,5e-05,80,5.99478816986084
data/整理的数据-常用_副本/库淑兰-data-处理后/Representative elements/plants/18.jpg,plants,0.0001,79,5.995553493499756
data/整理的数据-常用_副本/库淑兰-data-处理后/Representative elements/plants/18.jpg,plants,0.0002,78,6.010524272918701
data/整理的数据-常用_副本/库淑兰-data-处理后/Representative elements/plants/18.jpg,plants,0.0005,78,6.010524272918701
data/整理的数据-常用_副本/库淑兰-data-处理后/Representative elements/plants/18.jpg,plants,0.001,66,7.192417144775391
data/整理的数据-常用_副本/库淑兰-data-处理后/Representative elements/plants/18.jpg,plants,0.002,24,17.3294734954834
data/整理的数据-常用_副本/库淑兰-data-处理后/Representative elements/plants/18.jpg,plants,0.005,7,26.158781051635742
data/整理的数据-常用_副本/库淑兰-data-处理后/Representative elements/plants/18.jpg,plants,0.01,1,28.383935928344727
data/整理的数据-常用_副本/库淑兰-data-处理后/Representative elements/plants/19.jpg,plants,5e-05,121,4.83203125
data/整理的数据-常用_副本/库淑兰-data-处理后/Representative elements/plants/19.jpg,plants,0.0001,96,4.893312454223633
data/整理的数据-常用_副本/库淑兰-data-处理后/Representative elements/plants/19.jpg,plants,0.0002,73,5.044777870178223
data/整理的数据-常用_副本/库淑兰-data-处理后/Representative elements/plants/19.jpg,plants,0.0005,59,5.731315612792969
data/整理的数据-常用_副本/库淑兰-data-处理后/Representative elements/plants/19.jpg,plants,0.001,50,6.317557334899902
data/整理的数据-常用_副本/库淑兰-data-处理后/Representative elements/plants/19.jpg,plants,0.002,18,11.290285110473633
data/整理的数据-常用_副本/库淑兰-data-处理后/Representative elements/plants/19.jpg,plants,0.005,5,17.08361053466797
data/整理的数据-常用_副本/库淑兰-data-处理后/Representative elements/plants/19.jpg,plants,0.01,3,18.990455627441406
data/整理的数据-常用_副本/库淑兰-data-处理后/Representative elements/plants/2.jpg,plants,5e-05,25,7.970444679260254
data/整理的数据-常用_副本/库淑兰-data-处理后/Representative elements/plants/2.jpg,plants,0.0001,19,7.986547946929932
data/整理的数据-常用_副本/库淑兰-data-处理后/Representative elements/plants/2.jpg,plants,0.0002,18,7.987964630126953
data/整理的数据-常用_副本/库淑兰-data-处理后/Representative elements/plants/2.jpg,plants,0.0005,17,7.988163948059082
data/整理的数据-常用_副本/库淑兰-data-处理后/Representative elements/plants/2.jpg,plants,0.001,17,7.988163948059082
data/整理的数据-常用_副本/库淑兰-data-处理后/Representative elements/plants/2.jpg,plants,0.002,17,7.988163948059082
data/整理的数据-常用_副本/库淑兰-data-处理后/Representative elements/plants/2.jpg,plants,0.005,5,11.953852653503418
data/整理的数据-常用_副本/库淑兰-data-处理后/Representative elements/plants/2.jpg,plants,0.01,5,11.953852653503418
data/整理的数据-常用_副本/库淑兰-data-处理后/Representative elements/plants/20.jpg,plants,5e-05,47,6.7411417961120605
data/整理的数据-常用_副本/库淑兰-data-处理后/Representative elements/plants/20.jpg,plants,0.0001,45,6.743906497955322
data/整理的数据-常用_副本/库淑兰-data-处理后/Representative elements/plants/20.jpg,plants,0.0002,43,6.747828483581543
data/整理的数据-常用_副本/库淑兰-data-处理后/Representative elements/plants/20.jpg,plants,0.0005,39,6.909603118896484
data/整理的数据-常用_副本/库淑兰-data-处理后/Representative elements/plants/20.jpg,plants,0.001,25,7.927191257476807
data/整理的数据-常用_副本/库淑兰-data-处理后/Representative elements/plants/20.jpg,plants,0.002,22,8.506486892700195
data/整理的数据-常用_副本/库淑兰-data-处理后/Representative elements/plants/20.jpg,plants,0.005,13,13.528915405273438
data/整理的数据-常用_副本/库淑兰-data-处理后/Representative elements/plants/20.jpg,plants,0.01,5,19.84009552001953
data/整理的数据-常用_副本/库淑兰-data-处理后/Representative elements/plants/21.jpg,plants,5e-05,50,5.960299015045166
data/整理的数据-常用_副本/库淑兰-data-处理后/Representative elements/plants/21.jpg,plants,0.0001,48,5.96840763092041
data/整理的数据-常用_副本/库淑兰-data-处理后/Representative elements/plants/21.jpg,plants,0.0002,44,6.016460418701172
data/整理的数据-常用_副本/库淑兰-data-处理后/Representative elements/plants/21.jpg,plants,0.0005,41,6.104793548583984
data/整理的数据-常用_副本/库淑兰-data-处理后/Representative elements/plants/21.jpg,plants,0.001,38,6.280478477478027
data/整理的数据-常用_副本/库淑兰-data-处理后/Representative elements/plants/21.jpg,plants,0.002,17,9.20290756225586
data/整理的数据-常用_副本/库淑兰-data-处理后/Representative elements/plants/21.jpg,plants,0.005,7,14.271771430969238
data/整理的数据-常用_副本/库淑兰-data-处理后/Representative elements/plants/21.jpg,plants,0.01,6,14.77543830871582
data/整理的数据-常用_副本/库淑兰-data-处理后/Representative elements/plants/22.jpg,plants,5e-05,55,6.280854225158691
data/整理的数据-常用_副本/库淑兰-data-处理后/Representative elements/plants/22.jpg,plants,0.0001,44,6.370896339416504
data/整理的数据-常用_副本/库淑兰-data-处理后/Representative elements/plants/22.jpg,plants,0.0002,39,6.399001598358154
data/整理的数据-常用_副本/库淑兰-data-处理后/Representative elements/plants/22.jpg,plants,0.0005,30,6.7048258781433105
data/整理的数据-常用_副本/库淑兰-data-处理后/Representative elements/plants/22.jpg,plants,0.001,26,7.026887893676758
data/整理的数据-常用_副本/库淑兰-data-处理后/Representative elements/plants/22.jpg,plants,0.002,14,9.613382339477539
data/整理的数据-常用_副本/库淑兰-data-处理后/Representative elements/plants/22.jpg,plants,0.005,3,13.138880729675293
data/整理的数据-常用_副本/库淑兰-data-处理后/Representative elements/plants/22.jpg,plants,0.01,3,13.138880729675293
data/整理的数据-常用_副本/库淑兰-data-处理后/Representative elements/plants/23.jpg,plants,5e-05,85,12.359465599060059
data/整理的数据-常用_副本/库淑兰-data-处理后/Representative elements/plants/23.jpg,plants,0.0001,73,12.390066146850586
data/整理的数据-常用_副本/库淑兰-data-处理后/Representative elements/plants/23.jpg,plants,0.0002,64,12.43726921081543
data/整理的数据-常用_副本/库淑兰-data-处理后/Representative elements/plants/23.jpg,plants,0.0005,56,12.622272491455078
data/整理的数据-常用_副本/库淑兰-data-处理后/Representative elements/plants/23.jpg,plants,0.001,49,12.900901794433594
data/整理的数据-常用_副本/库淑兰-data-处理后/Representative elements/plants/23.jpg,plants,0.002,10,16.698715209960938
data/整理的数据-常用_副本/库淑兰-data-处理后/Representative elements/plants/23.jpg,plants,0.005,3,19.534889221191406
data/整理的数据-常用_副本/库淑兰-data-处理后/Representative elements/plants/23.jpg,plants,0.01,1,26.958919525146484
data/整理的数据-常用_副本/库淑兰-data-处理后/Representative elements/plants/24.jpg,plants,5e-05,74,5.637988567352295
data/整理的数据-常用_副本/库淑兰-data-处理后/Representative elements/plants/24.jpg,plants,0.0001,61,5.672940254211426
data/整理的数据-常用_副本/库淑兰-data-处理后/Representative elements/plants/24.jpg,plants,0.0002,54,5.765469074249268
data/整理的数据-常用_副本/库淑兰-data-处理后/Representative elements/plants/24.jpg,plants,0.0005,49,5.931278228759766
data/整理的数据-常用_副本/库淑兰-data-处理后/Representative elements/plants/24.jpg,plants,0.001,44,6.165472030639648
data/整理的数据-常用_副本/库淑兰-data-处理后/Representative elements/plants/24.jpg,plants,0.002,26,8.818120002746582
data/整理的数据-常用_副本/库淑兰-data-处理后/Representative elements/plants/24.jpg,plants,0.005,6,13.919013977050781
data/整理的数据-常用_副本/库淑兰-data-处理后/Representative elements/plants/24.jpg,plants,0.01,4,15.590510368347168
data/整理的数据-常用_副本/库淑兰-data-处理后/Representative elements/plants/25.jpg,plants,5e-05,48,5.7927117347717285
data/整理的数据-常用_副本/库淑兰-data-处理后/Representative elements/plants/25.jpg,plants,0.0001,43,5.812355041503906
data/整理的数据-常用_副本/库淑兰-data-处理后/Representative elements/plants/25.jpg,plants,0.0002,42,5.822894096374512
data/整理的数据-常用_副本/库淑兰-data-处理后/Representative elements/plants/25.jpg,plants,0.0005,42,5.822894096374512
data/整理的数据-常用_副本/库淑兰-data-处理后/Representative elements/plants/25.jpg,plants,0.001,39,6.138251304626465
data/整理的数据-常用_副本/库淑兰-data-处理后/Representative elements/plants/25.jpg,plants,0.002,13,10.018678665161133
data/整理的数据-常用_副本/库淑兰-data-处理后/Representative elements/plants/25.jpg,plants,0.005,9,10.858795166015625
data/整理的数据-常用_副本/库淑兰-data-处理后/Representative elements/plants/25.jpg,plants,0.01,8,11.84207820892334
data/整理的数据-常用_副本/库淑兰-data-处理后/Representative elements/plants/26.jpg,plants,5e-05,89,6.977272033691406
data/整理的数据-常用_副本/库淑兰-data-处理后/Representative elements/plants/26.jpg,plants,0.0001,81,7.092494964599609
data/整理的数据-常用_副本/库淑兰-data-处理后/Representative elements/plants/26.jpg,plants,0.0002,73,7.30647611618042
data/整理的数据-常用_副本/库淑兰-data-处理后/Representative elements/plants/26.jpg,plants,0.0005,62,7.855510711669922
data/整理的数据-常用_副本/库淑兰-data-处理后/Representative elements/plants/26.jpg,plants,0.001,49,9.22667407989502
data/整理的数据-常用_副本/库淑兰-data-处理后/Representative elements/plants/26.jpg,plants,0.002,17,17.92167091369629
data/整理的数据-常用_副本/库淑兰-data-处理后/Representative elements/plants/26.jpg,plants,0.005,9,22.854778289794922
data/整理的数据-常用_副本/库淑兰-data-处理后/Representative elements/plants/26.jpg,plants,0.01,7,25.864850997924805
data/整理的数据-常用_副本/库淑兰-data-处理后/Representative elements/plants/27.jpg,plants,5e-05,60,6.524935245513916
data/整理的数据-常用_副本/库淑兰-data-处理后/Representative elements/plants/27.jpg,plants,0.0001,49,6.626317977905273
data/整理的数据-常用_副本/库淑兰-data-处理后/Representative elements/plants/27.jpg,plants,0.0002,43,6.725154876708984
data/整理的数据-常用_副本/库淑兰-data-处理后/Representative elements/plants/27.jpg,plants,0.0005,25,7.181506633758545
data/整理的数据-常用_副本/库淑兰-data-处理后/Representative elements/plants/27.jpg,plants,0.001,17,7.760131359100342
data/整理的数据-常用_副本/库淑兰-data-处理后/Representative elements/plants/27.jpg,plants,0.002,15,8.28798770904541
data/整理的数据-常用_副本/库淑兰-data-处理后/Representative elements/plants/27.jpg,plants,0.005,13,13.253438949584961
data/整理的数据-常用_副本/库淑兰-data-处理后/Representative elements/plants/27.jpg,plants,0.01,6,22.489032745361328
data/整理的数据-常用_副本/库淑兰-data-处理后/Representative elements/plants/28.jpg,plants,5e-05,54,8.64948558807373
data/整理的数据-常用_副本/库淑兰-data-处理后/Representative elements/plants/28.jpg,plants,0.0001,48,8.691490173339844
data/整理的数据-常用_副本/库淑兰-data-处理后/Representative elements/plants/28.jpg,plants,0.0002,45,8.755786895751953
data/整理的数据-常用_副本/库淑兰-data-处理后/Representative elements/plants/28.jpg,plants,0.0005,44,8.827795028686523
data/整理的数据-常用_副本/库淑兰-data-处理后/Representative elements/plants/28.jpg,plants,0.001,44,8.876056671142578
data/整理的数据-常用_副本/库淑兰-data-处理后/Representative elements/plants/28.jpg,plants,0.002,22,13.626712799072266
data/整理的数据-常用_副本/库淑兰-data-处理后/Representative elements/plants/28.jpg,plants,0.005,12,19.127870559692383
data/整理的数据-常用_副本/库淑兰-data-处理后/Representative elements/plants/28.jpg,plants,0.01,8,22.75912857055664
data/整理的数据-常用_副本/库淑兰-data-处理后/Representative elements/plants/3.jpg,plants,5e-05,23,5.385639190673828
data/整理的数据-常用_副本/库淑兰-data-处理后/Representative elements/plants/3.jpg,plants,0.0001,23,5.385639190673828
data/整理的数据-常用_副本/库淑兰-data-处理后/Representative elements/plants/3.jpg,plants,0.0002,23,5.385639190673828
data/整理的数据-常用_副本/库淑兰-data-处理后/Representative elements/plants/3.jpg,plants,0.0005,23,5.385639190673828
data/整理的数据-常用_副本/库淑兰-data-处理后/Representative elements/plants/3.jpg,plants,0.001,23,5.385639190673828
data/整理的数据-常用_副本/库淑兰-data-处理后/Representative elements/plants/3.jpg,plants,0.002,23,5.385639190673828
data/整理的数据-常用_副本/库淑兰-data-处理后/Representative elements/plants/3.jpg,plants,0.005,8,10.721196174621582
data/整理的数据-常用_副本/库淑兰-data-处理后/Representative elements/plants/3.jpg,plants,0.01,8,10.721196174621582
data/整理的数据-常用_副本/库淑兰-data-处理后/Representative elements/plants/30.jpg,plants,5e-05,210,9.311538696289062
data/整理的数据-常用_副本/库淑兰-data-处理后/Representative elements/plants/30.jpg,plants,0.0001,136,9.642202377319336
data/整理的数据-常用_副本/库淑兰-data-处理后/Representative elements/plants/30.jpg,plants,0.0002,105,9.92563533782959
data/整理的数据-常用_副本/库淑兰-data-处理后/Representative elements/plants/30.jpg,plants,0.0005,92,10.839620590209961
data/整理的数据-常用_副本/库淑兰-data-处理后/Representative elements/plants/30.jpg,plants,0.001,32,17.167821884155273
data/整理的数据-常用_副本/库淑兰-data-处理后/Representative elements/plants/30.jpg,plants,0.002,22,19.834604263305664
data/整理的数据-常用_副本/库淑兰-data-处理后/Representative elements/plants/30.jpg,plants,0.005,13,25.981416702270508
data/整理的数据-常用_副本/库淑兰-data-处理后/Representative elements/plants/30.jpg,plants,0.01,1,42.559608459472656
data/整理的数据-常用_副本/库淑兰-data-处理后/Representative elements/plants/31.jpg,plants,5e-05,36,6.945387363433838
data/整理的数据-常用_副本/库淑兰-data-处理后/Representative elements/plants/31.jpg,plants,0.0001,32,6.9636311531066895
data/整理的数据-常用_副本/库淑兰-data-处理后/Representative elements/plants/31.jpg,plants,0.0002,29,7.1245222091674805
data/整理的数据-常用_副本/库淑兰-data-处理后/Representative elements/plants/31.jpg,plants,0.0005,24,7.661229610443115
data/整理的数据-常用_副本/库淑兰-data-处理后/Representative elements/plants/31.jpg,plants,0.001,15,8.905495643615723
data/整理的数据-常用_副本/库淑兰-data-处理后/Representative elements/plants/31.jpg,plants,0.002,11,10.006131172180176
data/整理的数据-常用_副本/库淑兰-data-处理后/Representative elements/plants/31.jpg,plants,0.005,2,13.326542854309082
data/整理的数据-常用_副本/库淑兰-data-处理后/Representative elements/plants/31.jpg,plants,0.01,2,13.326542854309082
data/整理的数据-常用_副本/库淑兰-data-处理后/Representative elements/plants/32.jpg,plants,5e-05,51,5.5346784591674805
data/整理的数据-常用_副本/库淑兰-data-处理后/Representative elements/plants/32.jpg,plants,0.0001,32,5.567345142364502
data/整理的数据-常用_副本/库淑兰-data-处理后/Representative elements/plants/32.jpg,plants,0.0002,25,5.612968444824219
data/整理的数据-常用_副本/库淑兰-data-处理后/Representative elements/plants/32.jpg,plants,0.0005,22,5.807858467102051
data/整理的数据-常用_副本/库淑兰-data-处理后/Representative elements/plants/32.jpg,plants,0.001,22,5.807858467102051
data/整理的数据-常用_副本/库淑兰-data-处理后/Representative elements/plants/32.jpg,plants,0.002,20,6.01591157913208
data/整理的数据-常用_副本/库淑兰-data-处理后/Representative elements/plants/32.jpg,plants,0.005,8,13.293848037719727
data/整理的数据-常用_副本/库淑兰-data-处理后/Representative elements/plants/32.jpg,plants,0.01,4,17.937000274658203
data/整理的数据-常用_副本/库淑兰-data-处理后/Representative elements/plants/33.jpg,plants,5e-05,127,7.140591144561768
data/整理的数据-常用_副本/库淑兰-data-处理后/Representative elements/plants/33.jpg,plants,0.0001,116,7.205114364624023
data/整理的数据-常用_副本/库淑兰-data-处理后/Representative elements/plants/33.jpg,plants,0.0002,104,7.374912738800049
data/整理的数据-常用_副本/库淑兰-data-处理后/Representative elements/plants/33.jpg,plants,0.0005,71,8.896536827087402
data/整理的数据-常用_副本/库淑兰-data-处理后/Representative elements/plants/33.jpg,plants,0.001,52,10.340958595275879
data/整理的数据-常用_副本/库淑兰-data-处理后/Representative elements/plants/33.jpg,plants,0.002,30,14.389043807983398
data/整理的数据-常用_副本/库淑兰-data-处理后/Representative elements/plants/33.jpg,plants,0.005,9,19.102508544921875
data/整理的数据-常用_副本/库淑兰-data-处理后/Representative elements/plants/33.jpg,plants,0.01,4,22.499692916870117
data/整理的数据-常用_副本/库淑兰-data-处理后/Representative elements/plants/34.jpg,plants,5e-05,36,8.800383567810059
data/整理的数据-常用_副本/库淑兰-data-处理后/Representative elements/plants/34.jpg,plants,0.0001,36,8.802504539489746
data/整理的数据-常用_副本/库淑兰-data-处理后/Representative elements/plants/34.jpg,plants,0.0002,35,8.850558280944824
data/整理的数据-常用_副本/库淑兰-data-处理后/Representative elements/plants/34.jpg,plants,0.0005,35,8.850558280944824
data/整理的数据-常用_副本/库淑兰-data-处理后/Representative elements/plants/34.jpg,plants,0.001,23,12.07070255279541
data/整理的数据-常用_副本/库淑兰-data-处理后/Representative elements/plants/34.jpg,plants,0.002,2,19.295595169067383
data/整理的数据-常用_副本/库淑兰-data-处理后/Representative elements/plants/34.jpg,plants,0.005,2,19.295595169067383
data/整理的数据-常用_副本/库淑兰-data-处理后/Representative elements/plants/34.jpg,plants,0.01,2,27.30103874206543
data/整理的数据-常用_副本/库淑兰-data-处理后/Representative elements/plants/35.jpg,plants,5e-05,243,7.864699840545654
data/整理的数据-常用_副本/库淑兰-data-处理后/Representative elements/plants/35.jpg,plants,0.0001,211,7.962343692779541
data/整理的数据-常用_副本/库淑兰-data-处理后/Representative elements/plants/35.jpg,plants,0.0002,186,8.178943634033203
data/整理的数据-常用_副本/库淑兰-data-处理后/Representative elements/plants/35.jpg,plants,0.0005,110,11.937987327575684
data/整理的数据-常用_副本/库淑兰-data-处理后/Representative elements/plants/35.jpg,plants,0.001,48,17.760011672973633
data/整理的数据-常用_副本/库淑兰-data-处理后/Representative elements/plants/35.jpg,plants,0.002,18,20.28733253479004
data/整理的数据-常用_副本/库淑兰-data-处理后/Representative elements/plants/35.jpg,plants,0.005,6,24.47477912902832
data/整理的数据-常用_副本/库淑兰-data-处理后/Representative elements/plants/35.jpg,plants,0.01,4,25.441362380981445
data/整理的数据-常用_副本/库淑兰-data-处理后/Representative elements/plants/36.jpg,plants,5e-05,103,9.577458381652832
data/整理的数据-常用_副本/库淑兰-data-处理后/Representative elements/plants/36.jpg,plants,0.0001,95,9.603775978088379
data/整理的数据-常用_副本/库淑兰-data-处理后/Representative elements/plants/36.jpg,plants,0.0002,95,9.603775978088379
data/整理的数据-常用_副本/库淑兰-data-处理后/Representative elements/plants/36.jpg,plants,0.0005,91,9.78140926361084
data/整理的数据-常用_副本/库淑兰-data-处理后/Representative elements/plants/36.jpg,plants,0.001,42,14.152325630187988
data/整理的数据-常用_副本/库淑兰-data-处理后/Representative elements/plants/36.jpg,plants,0.002,1,19.19230079650879
data/整理的数据-常用_副本/库淑兰-data-处理后/Representative elements/plants/36.jpg,plants,0.005,1,19.19230079650879
data/整理的数据-常用_副本/库淑兰-data-处理后/Representative elements/plants/36.jpg,plants,0.01,1,22.132558822631836
data/整理的数据-常用_副本/库淑兰-data-处理后/Representative elements/plants/37.jpg,plants,5e-05,194,6.382340431213379
data/整理的数据-常用_副本/库淑兰-data-处理后/Representative elements/plants/37.jpg,plants,0.0001,156,6.618368148803711
data/整理的数据-常用_副本/库淑兰-data-处理后/Representative elements/plants/37.jpg,plants,0.0002,146,6.884654998779297
data/整理的数据-常用_副本/库淑兰-data-处理后/Representative elements/plants/37.jpg,plants,0.0005,137,7.27006721496582
data/整理的数据-常用_副本/库淑兰-data-处理后/Representative elements/plants/37.jpg,plants,0.001,112,9.954373359680176
data/整理的数据-常用_副本/库淑兰-data-处理后/Representative elements/plants/37.jpg,plants,0.002,67,15.237661361694336
data/整理的数据-常用_副本/库淑兰-data-处理后/Representative elements/plants/37.jpg,plants,0.005,18,42.81678771972656
data/整理的数据-常用_副本/库淑兰-data-处理后/Representative elements/plants/37.jpg,plants,0.01,5,61.2969970703125
data/整理的数据-常用_副本/库淑兰-data-处理后/Representative elements/plants/38.jpg,plants,5e-05,137,12.553776741027832
data/整理的数据-常用_副本/库淑兰-data-处理后/Representative elements/plants/38.jpg,plants,0.0001,134,12.582282066345215
data/整理的数据-常用_副本/库淑兰-data-处理后/Representative elements/plants/38.jpg,plants,0.0002,131,12.70677375793457
data/整理的数据-常用_副本/库淑兰-data-处理后/Representative elements/plants/38.jpg,plants,0.0005,40,14.987564086914062
data/整理的数据-常用_副本/库淑兰-data-处理后/Representative elements/plants/38.jpg,plants,0.001,30,16.477970123291016
data/整理的数据-常用_副本/库淑兰-data-处理后/Representative elements/plants/38.jpg,plants,0.002,20,23.60392189025879
data/整理的数据-常用_副本/库淑兰-data-处理后/Representative elements/plants/38.jpg,plants,0.005,3,38.51289749145508
data/整理的数据-常用_副本/库淑兰-data-处理后/Representative elements/plants/38.jpg,plants,0.01,1,37.023685455322266
data/整理的数据-常用_副本/库淑兰-data-处理后/Representative elements/plants/4.jpg,plants,5e-05,20,9.751435279846191
data/整理的数据-常用_副本/库淑兰-data-处理后/Representative elements/plants/4.jpg,plants,0.0001,14,9.790169715881348
data/整理的数据-常用_副本/库淑兰-data-处理后/Representative elements/plants/4.jpg,plants,0.0002,11,9.822147369384766
data/整理的数据-常用_副本/库淑兰-data-处理后/Representative elements/plants/4.jpg,plants,0.0005,11,9.842619895935059
data/整理的数据-常用_副本/库淑兰-data-处理后/Representative elements/plants/4.jpg,plants,0.001,10,9.907916069030762
data/整理的数据-常用_副本/库淑兰-data-处理后/Representative elements/plants/4.jpg,plants,0.002,8,10.215435028076172
data/整理的数据-常用_副本/库淑兰-data-处理后/Representative elements/plants/4.jpg,plants,0.005,7,10.468092918395996
data/整理的数据-常用_副本/库淑兰-data-处理后/Representative elements/plants/4.jpg,plants,0.01,5,11.494343757629395
data/整理的数据-常用_副本/库淑兰-data-处理后/Representative elements/plants/5.jpg,plants,5e-05,43,5.834505081176758
data/整理的数据-常用_副本/库淑兰-data-处理后/Representative elements/plants/5.jpg,plants,0.0001,42,5.834855079650879
data/整理的数据-常用_副本/库淑兰-data-处理后/Representative elements/plants/5.jpg,plants,0.0002,42,5.834855079650879
data/整理的数据-常用_副本/库淑兰-data-处理后/Representative elements/plants/5.jpg,plants,0.0005,42,5.834855079650879
data/整理的数据-常用_副本/库淑兰-data-处理后/Representative elements/plants/5.jpg,plants,0.001,40,6.1158342361450195
data/整理的数据-常用_副本/库淑兰-data-处理后/Representative elements/plants/5.jpg,plants,0.002,31,7.4317946434021
data/整理的数据-常用_副本/库淑兰-data-处理后/Representative elements/plants/5.jpg,plants,0.005,28,8.282602310180664
data/整理的数据-常用_副本/库淑兰-data-处理后/Representative elements/plants/5.jpg,plants,0.01,2,20.878177642822266
data/整理的数据-常用_副本/库淑兰-data-处理后/Representative elements/plants/6.jpg,plants,5e-05,139,9.065418243408203
data/整理的数据-常用_副本/库淑兰-data-处理后/Representative elements/plants/6.jpg,plants,0.0001,125,9.113296508789062
data/整理的数据-常用_副本/库淑兰-data-处理后/Representative elements/plants/6.jpg,plants,0.0002,116,9.18889331817627
data/整理的数据-常用_副本/库淑兰-data-处理后/Representative elements/plants/6.jpg,plants,0.0005,65,11.230229377746582
data/整理的数据-常用_副本/库淑兰-data-处理后/Representative elements/plants/6.jpg,plants,0.001,49,12.62144947052002
data/整理的数据-常用_副本/库淑兰-data-处理后/Representative elements/plants/6.jpg,plants,0.002,29,15.781283378601074
data/整理的数据-常用_副本/库淑兰-data-处理后/Representative elements/plants/6.jpg,plants,0.005,9,17.044443130493164
data/整理的数据-常用_副本/库淑兰-data-处理后/Representative elements/plants/6.jpg,plants,0.01,6,16.872100830078125
data/整理的数据-常用_副本/库淑兰-data-处理后/Representative elements/plants/7.jpg,plants,5e-05,88,9.536629676818848
data/整理的数据-常用_副本/库淑兰-data-处理后/Representative elements/plants/7.jpg,plants,0.0001,57,9.570192337036133
data/整理的数据-常用_副本/库淑兰-data-处理后/Representative elements/plants/7.jpg,plants,0.0002,39,9.705945014953613
data/整理的数据-常用_副本/库淑兰-data-处理后/Representative elements/plants/7.jpg,plants,0.0005,37,9.768170356750488
data/整理的数据-常用_副本/库淑兰-data-处理后/Representative elements/plants/7.jpg,plants,0.001,38,9.858089447021484
data/整理的数据-常用_副本/库淑兰-data-处理后/Representative elements/plants/7.jpg,plants,0.002,23,13.435738563537598
data/整理的数据-常用_副本/库淑兰-data-处理后/Representative elements/plants/7.jpg,plants,0.005,9,17.651466369628906
data/整理的数据-常用_副本/库淑兰-data-处理后/Representative elements/plants/7.jpg,plants,0.01,4,21.435955047607422
data/整理的数据-常用_副本/库淑兰-data-处理后/Representative elements/plants/9.jpg,plants,5e-05,94,7.599825859069824
data/整理的数据-常用_副本/库淑兰-data-处理后/Representative elements/plants/9.jpg,plants,0.0001,91,7.604217052459717
data/整理的数据-常用_副本/库淑兰-data-处理后/Representative elements/plants/9.jpg,plants,0.0002,83,7.7094902992248535
data/整理的数据-常用_副本/库淑兰-data-处理后/Representative elements/plants/9.jpg,plants,0.0005,67,8.122720718383789
data/整理的数据-常用_副本/库淑兰-data-处理后/Representative elements/plants/9.jpg,plants,0.001,47,9.131028175354004
data/整理的数据-常用_副本/库淑兰-data-处理后/Representative elements/plants/9.jpg,plants,0.002,20,13.259272575378418
data/整理的数据-常用_副本/库淑兰-data-处理后/Representative elements/plants/9.jpg,plants,0.005,8,16.095243453979492
data/整理的数据-常用_副本/库淑兰-data-处理后/Representative elements/plants/9.jpg,plants,0.01,5,18.41485023498535
data/整理的数据-常用_副本/库淑兰-data-处理后/Representative elements/window decoration/10.jpg,window decoration,5e-05,13,3.962515115737915
data/整理的数据-常用_副本/库淑兰-data-处理后/Representative elements/window decoration/10.jpg,window decoration,0.0001,2,3.9837350845336914
data/整理的数据-常用_副本/库淑兰-data-处理后/Representative elements/window decoration/10.jpg,window decoration,0.0002,1,3.99543833732605
data/整理的数据-常用_副本/库淑兰-data-处理后/Representative elements/window decoration/10.jpg,window decoration,0.0005,1,4.006107807159424
data/整理的数据-常用_副本/库淑兰-data-处理后/Representative elements/window decoration/10.jpg,window decoration,0.001,1,4.030375957489014
data/整理的数据-常用_副本/库淑兰-data-处理后/Representative elements/window decoration/10.jpg,window decoration,0.002,1,4.034848213195801
data/整理的数据-常用_副本/库淑兰-data-处理后/Representative elements/window decoration/10.jpg,window decoration,0.005,1,4.113884925842285
data/整理的数据-常用_副本/库淑兰-data-处理后/Representative elements/window decoration/10.jpg,window decoration,0.01,1,4.2597174644470215
data/整理的数据-常用_副本/库淑兰-data-处理后/Representative elements/window decoration/12.jpg,window decoration,5e-05,9,5.597383975982666
data/整理的数据-常用_副本/库淑兰-data-处理后/Representative elements/window decoration/12.jpg,window decoration,0.0001,1,5.629265308380127
data/整理的数据-常用_副本/库淑兰-data-处理后/Representative elements/window decoration/12.jpg,window decoration,0.0002,1,5.635117530822754
data/整理的数据-常用_副本/库淑兰-data-处理后/Representative elements/window decoration/12.jpg,window decoration,0.0005,1,5.676214694976807
data/整理的数据-常用_副本/库淑兰-data-处理后/Representative elements/window decoration/12.jpg,window decoration,0.001,1,5.694963455200195
data/整理的数据-常用_副本/库淑兰-data-处理后/Representative elements/window decoration/12.jpg,window decoration,0.002,1,5.763472557067871
data/整理的数据-常用_副本/库淑兰-data-处理后/Representative elements/window decoration/12.jpg,window decoration,0.005,1,6.078551292419434
data/整理的数据-常用_副本/库淑兰-data-处理后/Representative elements/window decoration/12.jpg,window decoration,0.01,1,6.328521728515625
data/整理的数据-常用_副本/库淑兰-data-处理后/Representative elements/window decoration/13.jpg,window decoration,5e-05,1,6.084449768066406
data/整理的数据-常用_副本/库淑兰-data-处理后/Representative elements/window decoration/13.jpg,window decoration,0.0001,1,6.0860209465026855
data/整理的数据-常用_副本/库淑兰-data-处理后/Representative elements/window decoration/13.jpg,window decoration,0.0002,1,6.104989528656006
data/整理的数据-常用_副本/库淑兰-data-处理后/Representative elements/window decoration/13.jpg,window decoration,0.0005,1,6.147629261016846
data/整理的数据-常用_副本/库淑兰-data-处理后/Representative elements/window decoration/13.jpg,window decoration,0.001,1,6.209278583526611
data/整理的数据-常用_副本/库淑兰-data-处理后/Representative elements/window decoration/13.jpg,window decoration,0.002,1,6.247585773468018
data/整理的数据-常用_副本/库淑兰-data-处理后/Representative elements/window decoration/13.jpg,window decoration,0.005,1,6.555875301361084
data/整理的数据-常用_副本/库淑兰-data-处理后/Representative elements/window decoration/13.jpg,window decoration,0.01,1,6.718255043029785
data/整理的数据-常用_副本/库淑兰-data-处理后/Representative elements/window decoration/14.jpg,window decoration,5e-05,3,4.222066402435303
data/整理的数据-常用_副本/库淑兰-data-处理后/Representative elements/window decoration/14.jpg,window decoration,0.0001,3,4.222066402435303
data/整理的数据-常用_副本/库淑兰-data-处理后/Representative elements/window decoration/14.jpg,window decoration,0.0002,1,4.238528728485107
data/整理的数据-常用_副本/库淑兰-data-处理后/Representative elements/window decoration/14.jpg,window decoration,0.0005,1,4.320766925811768
data/整理的数据-常用_副本/库淑兰-data-处理后/Representative elements/window decoration/14.jpg,window decoration,0.001,1,4.341001033782959
data/整理的数据-常用_副本/库淑兰-data-处理后/Representative elements/window decoration/14.jpg,window decoration,0.002,1,4.573238849639893
data/整理的数据-常用_副本/库淑兰-data-处理后/Representative elements/window decoration/14.jpg,window decoration,0.005,1,4.8611226081848145
data/整理的数据-常用_副本/库淑兰-data-处理后/Representative elements/window decoration/14.jpg,window decoration,0.01,1,4.999269008636475
data/整理的数据-常用_副本/库淑兰-data-处理后/Representative elements/window decoration/16.jpg,window decoration,5e-05,11,4.608182907104492
data/整理的数据-常用_副本/库淑兰-data-处理后/Representative elements/window decoration/16.jpg,window decoration,0.0001,1,4.662819862365723
data/整理的数据-常用_副本/库淑兰-data-处理后/Representative elements/window decoration/16.jpg,window decoration,0.0002,1,4.692028522491455
data/整理的数据-常用_副本/库淑兰-data-处理后/Representative elements/window decoration/16.jpg,window decoration,0.0005,1,4.879186153411865
data/整理的数据-常用_副本/库淑兰-data-处理后/Representative elements/window decoration/16.jpg,window decoration,0.001,1,4.949126720428467
data/整理的数据-常用_副本/库淑兰-data-处理后/Representative elements/window decoration/16.jpg,window decoration,0.002,1,5.121760368347168
data/整理的数据-常用_副本/库淑兰-data-处理后/Representative elements/window decoration/16.jpg,window decoration,0.005,1,5.755637168884277
data/整理的数据-常用_副本/库淑兰-data-处理后/Representative elements/window decoration/16.jpg,window decoration,0.01,1,5.969842433929443
data/整理的数据-常用_副本/库淑兰-data-处理后/Representative elements/window decoration/17.jpg,window decoration,5e-05,6,6.541584014892578
data/整理的数据-常用_副本/库淑兰-data-处理后/Representative elements/window decoration/17.jpg,window decoration,0.0001,1,6.5798540115356445
data/整理的数据-常用_副本/库淑兰-data-处理后/Representative elements/window decoration/17.jpg,window decoration,0.0002,1,6.598263263702393
data/整理的数据-常用_副本/库淑兰-data-处理后/Representative elements/window decoration/17.jpg,window decoration,0.0005,1,6.75166654586792
data/整理的数据-常用_副本/库淑兰-data-处理后/Representative elements/window decoration/17.jpg,window decoration,0.001,1,6.806581974029541
data/整理的数据-常用_副本/库淑兰-data-处理后/Representative elements/window decoration/17.jpg,window decoration,0.002,1,6.939066410064697
data/整理的数据-常用_副本/库淑兰-data-处理后/Representative elements/window decoration/17.jpg,window decoration,0.005,1,7.474847793579102
data/整理的数据-常用_副本/库淑兰-data-处理后/Representative elements/window decoration/17.jpg,window decoration,0.01,1,7.657217502593994
data/整理的数据-常用_副本/库淑兰-data-处理后/Representative elements/window decoration/18.jpg,window decoration,5e-05,6,6.567327499389648
data/整理的数据-常用_副本/库淑兰-data-处理后/Representative elements/window decoration/18.jpg,window decoration,0.0001,2,6.5778489112854
data/整理的数据-常用_副本/库淑兰-data-处理后/Representative elements/window decoration/18.jpg,window decoration,0.0002,1,6.580610275268555
data/整理的数据-常用_副本/库淑兰-data-处理后/Representative elements/window decoration/18.jpg,window decoration,0.0005,1,6.586184501647949
data/整理的数据-常用_副本/库淑兰-data-处理后/Representative elements/window decoration/18.jpg,window decoration,0.001,1,6.616642475128174
data/整理的数据-常用_副本/库淑兰-data-处理后/Representative elements/window decoration/18.jpg,window decoration,0.002,1,6.654699802398682
data/整理的数据-常用_副本/库淑兰-data-处理后/Representative elements/window decoration/18.jpg,window decoration,0.005,1,6.7017340660095215
data/整理的数据-常用_副本/库淑兰-data-处理后/Representative elements/window decoration/18.jpg,window decoration,0.01,1,6.7652177810668945
data/整理的数据-常用_副本/库淑兰-data-处理后/Representative elements/window decoration/2.jpg,window decoration,5e-05,10,4.346736907958984
data/整理的数据-常用_副本/库淑兰-data-处理后/Representative elements/window decoration/2.jpg,window decoration,0.0001,1,4.372323036193848
data/整理的数据-常用_副本/库淑兰-data-处理后/Representative elements/window decoration/2.jpg,window decoration,0.0002,1,4.372323036193848
data/整理的数据-常用_副本/库淑兰-data-处理后/Representative elements/window decoration/2.jpg,window decoration,0.0005,1,4.3744354248046875
data/整理的数据-常用_副本/库淑兰-data-处理后/Representative elements/window decoration/2.jpg,window decoration,0.001,1,4.3814616203308105
data/整理的数据-常用_副本/库淑兰-data-处理后/Representative elements/window decoration/2.jpg,window decoration,0.002,1,4.392369747161865
data/整理的数据-常用_副本/库淑兰-data-处理后/Representative elements/window decoration/2.jpg,window decoration,0.005,1,4.4643354415893555
data/整理的数据-常用_副本/库淑兰-data-处理后/Representative elements/window decoration/2.jpg,window decoration,0.01,1,4.489589691162109
data/整理的数据-常用_副本/库淑兰-data-处理后/Representative elements/window decoration/20.jpg,window decoration,5e-05,3,7.980206489562988
data/整理的数据-常用_副本/库淑兰-data-处理后/Representative elements/window decoration/20.jpg,window decoration,0.0001,1,7.993772029876709
data/整理的数据-常用_副本/库淑兰-data-处理后/Representative elements/window decoration/20.jpg,window decoration,0.0002,1,8.008610725402832
data/整理的数据-常用_副本/库淑兰-data-处理后/Representative elements/window decoration/20.jpg,window decoration,0.0005,1,8.06048583984375
data/整理的数据-常用_副本/库淑兰-data-处理后/Representative elements/window decoration/20.jpg,window decoration,0.001,1,8.131683349609375
data/整理的数据-常用_副本/库淑兰-data-处理后/Representative elements/window decoration/20.jpg,window decoration,0.002,1,8.305904388427734
data/整理的数据-常用_副本/库淑兰-data-处理后/Representative elements/window decoration/20.jpg,window decoration,0.005,1,8.98916244506836
data/整理的数据-常用_副本/库淑兰-data-处理后/Representative elements/window decoration/20.jpg,window decoration,0.01,1,9.248373031616211
data/整理的数据-常用_副本/库淑兰-data-处理后/Representative elements/window decoration/6.jpg,window decoration,5e-05,9,6.427626609802246
data/整理的数据-常用_副本/库淑兰-data-处理后/Representative elements/window decoration/6.jpg,window decoration,0.0001,5,6.433311462402344
data/整理的数据-常用_副本/库淑兰-data-处理后/Representative elements/window decoration/6.jpg,window decoration,0.0002,1,6.459747791290283
data/整理的数据-常用_副本/库淑兰-data-处理后/Representative elements/window decoration/6.jpg,window decoration,0.0005,1,6.474030494689941
data/整理的数据-常用_副本/库淑兰-data-处理后/Representative elements/window decoration/6.jpg,window decoration,0.001,1,6.507939338684082
data/整理的数据-常用_副本/库淑兰-data-处理后/Representative elements/window decoration/6.jpg,window decoration,0.002,1,6.541120529174805
data/整理的数据-常用_副本/库淑兰-data-处理后/Representative elements/window decoration/6.jpg,window decoration,0.005,1,6.574639320373535
data/整理的数据-常用_副本/库淑兰-data-处理后/Representative elements/window decoration/6.jpg,window decoration,0.01,1,6.667909622192383
data/整理的数据-常用_副本/库淑兰-data-处理后/Representative elements/window decoration/7.jpg,window decoration,5e-05,3,5.736125946044922
data/整理的数据-常用_副本/库淑兰-data-处理后/Representative elements/window decoration/7.jpg,window decoration,0.0001,3,5.736125946044922
data/整理的数据-常用_副本/库淑兰-data-处理后/Representative elements/window decoration/7.jpg,window decoration,0.0002,1,5.754518508911133
data/整理的数据-常用_副本/库淑兰-data-处理后/Representative elements/window decoration/7.jpg,window decoration,0.0005,1,5.7595391273498535
data/整理的数据-常用_副本/库淑兰-data-处理后/Representative elements/window decoration/7.jpg,window decoration,0.001,1,5.796684741973877
data/整理的数据-常用_副本/库淑兰-data-处理后/Representative elements/window decoration/7.jpg,window decoration,0.002,1,5.825671672821045
data/整理的数据-常用_副本/库淑兰-data-处理后/Representative elements/window decoration/7.jpg,window decoration,0.005,1,6.1167473793029785
data/整理的数据-常用_副本/库淑兰-data-处理后/Representative elements/window decoration/7.jpg,window decoration,0.01,1,6.638338565826416
data/整理的数据-常用_副本/库淑兰-data-处理后/Representative elements/window decoration/8.jpg,window decoration,5e-05,2,5.51866340637207
data/整理的数据-常用_副本/库淑兰-data-处理后/Representative elements/window decoration/8.jpg,window decoration,0.0001,1,5.522679805755615
data/整理的数据-常用_副本/库淑兰-data-处理后/Representative elements/window decoration/8.jpg,window decoration,0.0002,1,5.522679805755615
data/整理的数据-常用_副本/库淑兰-data-处理后/Representative elements/window decoration/8.jpg,window decoration,0.0005,1,5.526698589324951
data/整理的数据-常用_副本/库淑兰-data-处理后/Representative elements/window decoration/8.jpg,window decoration,0.001,1,5.568780899047852
data/整理的数据-常用_副本/库淑兰-data-处理后/Representative elements/window decoration/8.jpg,window decoration,0.002,1,5.584305286407471
data/整理的数据-常用_副本/库淑兰-data-处理后/Representative elements/window decoration/8.jpg,window decoration,0.005,1,5.805971145629883
data/整理的数据-常用_副本/库淑兰-data-处理后/Representative elements/window decoration/8.jpg,window decoration,0.01,1,6.125985622406006
data/整理的数据-常用_副本/库淑兰-data-处理后/Representative elements/window decoration/9.jpg,window decoration,5e-05,1,7.537919044494629
data/整理的数据-常用_副本/库淑兰-data-处理后/Representative elements/window decoration/9.jpg,window decoration,0.0001,1,7.5428667068481445
data/整理的数据-常用_副本/库淑兰-data-处理后/Representative elements/window decoration/9.jpg,window decoration,0.0002,1,7.546223163604736
data/整理的数据-常用_副本/库淑兰-data-处理后/Representative elements/window decoration/9.jpg,window decoration,0.0005,1,7.57455587387085
data/整理的数据-常用_副本/库淑兰-data-处理后/Representative elements/window decoration/9.jpg,window decoration,0.001,1,7.593857288360596
data/整理的数据-常用_副本/库淑兰-data-处理后/Representative elements/window decoration/9.jpg,window decoration,0.002,1,7.640287399291992
data/整理的数据-常用_副本/库淑兰-data-处理后/Representative elements/window decoration/9.jpg,window decoration,0.005,1,7.714039325714111
data/整理的数据-常用_副本/库淑兰-data-处理后/Representative elements/window decoration/9.jpg,window decoration,0.01,1,7.830668926239014
data/整理的数据-常用_副本/库淑兰-data-处理后/Pattern_symbols/Bird/1.jpg,Pattern symbols,5e-05,29,4.165712833404541
data/整理的数据-常用_副本/库淑兰-data-处理后/Pattern_symbols/Bird/1.jpg,Pattern symbols,0.0001,12,4.384887218475342
data/整理的数据-常用_副本/库淑兰-data-处理后/Pattern_symbols/Bird/1.jpg,Pattern symbols,0.0002,4,4.486795902252197
data/整理的数据-常用_副本/库淑兰-data-处理后/Pattern_symbols/Bird/1.jpg,Pattern symbols,0.0005,3,4.490705966949463
data/整理的数据-常用_副本/库淑兰-data-处理后/Pattern_symbols/Bird/1.jpg,Pattern symbols,0.001,3,4.490705966949463
data/整理的数据-常用_副本/库淑兰-data-处理后/Pattern_symbols/Bird/1.jpg,Pattern symbols,0.002,3,4.490705966949463
data/整理的数据-常用_副本/库淑兰-data-处理后/Pattern_symbols/Bird/1.jpg,Pattern symbols,0.005,1,6.453919887542725
data/整理的数据-常用_副本/库淑兰-data-处理后/Pattern_symbols/Bird/1.jpg,Pattern symbols,0.01,1,6.453919887542725
data/整理的数据-常用_副本/库淑兰-data-处理后/Pattern_symbols/Bird/2.jpg,Pattern symbols,5e-05,9,4.426718235015869
data/整理的数据-常用_副本/库淑兰-data-处理后/Pattern_symbols/Bird/2.jpg,Pattern symbols,0.0001,8,4.43922758102417
data/整理的数据-常用_副本/库淑兰-data-处理后/Pattern_symbols/Bird/2.jpg,Pattern symbols,0.0002,8,4.43922758102417
data/整理的数据-常用_副本/库淑兰-data-处理后/Pattern_symbols/Bird/2.jpg,Pattern symbols,0.0005,8,4.43922758102417
data/整理的数据-常用_副本/库淑兰-data-处理后/Pattern_symbols/Bird/2.jpg,Pattern symbols,0.001,7,4.742666721343994
data/整理的数据-常用_副本/库淑兰-data-处理后/Pattern_symbols/Bird/2.jpg,Pattern symbols,0.002,3,6.775620460510254
data/整理的数据-常用_副本/库淑兰-data-处理后/Pattern_symbols/Bird/2.jpg,Pattern symbols,0.005,2,8.11122989654541
data/整理的数据-常用_副本/库淑兰-data-处理后/Pattern_symbols/Bird/2.jpg,Pattern symbols,0.01,2,8.11122989654541
data/整理的数据-常用_副本/库淑兰-data-处理后/Pattern_symbols/Bird/4.jpg,Pattern symbols,5e-05,25,6.414069652557373
data/整理的数据-常用_副本/库淑兰-data-处理后/Pattern_symbols/Bird/4.jpg,Pattern symbols,0.0001,23,6.428121089935303
data/整理的数据-常用_副本/库淑兰-data-处理后/Pattern_symbols/Bird/4.jpg,Pattern symbols,0.0002,19,6.669488906860352
data/整理的数据-常用_副本/库淑兰-data-处理后/Pattern_symbols/Bird/4.jpg,Pattern symbols,0.0005,14,7.566546440124512
data/整理的数据-常用_副本/库淑兰-data-处理后/Pattern_symbols/Bird/4.jpg,Pattern symbols,0.001,7,10.192031860351562
data/整理的数据-常用_副本/库淑兰-data-处理后/Pattern_symbols/Bird/4.jpg,Pattern symbols,0.002,1,12.869182586669922
data/整理的数据-常用_副本/库淑兰-data-处理后/Pattern_symbols/Bird/4.jpg,Pattern symbols,0.005,1,12.869182586669922
data/整理的数据-常用_副本/库淑兰-data-处理后/Pattern_symbols/Bird/4.jpg,Pattern symbols,0.01,1,12.869182586669922
data/整理的数据-常用_副本/库淑兰-data-处理后/Pattern_symbols/Bird/5.jpg,Pattern symbols,5e-05,87,7.4601826667785645
data/整理的数据-常用_副本/库淑兰-data-处理后/Pattern_symbols/Bird/5.jpg,Pattern symbols,0.0001,69,7.784444332122803
data/整理的数据-常用_副本/库淑兰-data-处理后/Pattern_symbols/Bird/5.jpg,Pattern symbols,0.0002,56,8.259902954101562
data/整理的数据-常用_副本/库淑兰-data-处理后/Pattern_symbols/Bird/5.jpg,Pattern symbols,0.0005,45,9.425079345703125
data/整理的数据-常用_副本/库淑兰-data-处理后/Pattern_symbols/Bird/5.jpg,Pattern symbols,0.001,21,14.49637222290039
data/整理的数据-常用_副本/库淑兰-data-处理后/Pattern_symbols/Bird/5.jpg,Pattern symbols,0.002,9,19.426923751831055
data/整理的数据-常用_副本/库淑兰-data-处理后/Pattern_symbols/Bird/5.jpg,Pattern symbols,0.005,6,22.521461486816406
data/整理的数据-常用_副本/库淑兰-data-处理后/Pattern_symbols/Bird/5.jpg,Pattern symbols,0.01,3,29.031587600708008
data/整理的数据-常用_副本/库淑兰-data-处理后/Pattern_symbols/Bird/6.jpg,Pattern symbols,5e-05,69,9.950919151306152
data/整理的数据-常用_副本/库淑兰-data-处理后/Pattern_symbols/Bird/6.jpg,Pattern symbols,0.0001,50,10.484188079833984
data/整理的数据-常用_副本/库淑兰-data-处理后/Pattern_symbols/Bird/6.jpg,Pattern symbols,0.0002,48,10.784323692321777
data/整理的数据-常用_副本/库淑兰-data-处理后/Pattern_symbols/Bird/6.jpg,Pattern symbols,0.0005,41,12.68216609954834
data/整理的数据-常用_副本/库淑兰-data-处理后/Pattern_symbols/Bird/6.jpg,Pattern symbols,0.001,19,18.541515350341797
data/整理的数据-常用_副本/库淑兰-data-处理后/Pattern_symbols/Bird/6.jpg,Pattern symbols,0.002,11,22.268962860107422
data/整理的数据-常用_副本/库淑兰-data-处理后/Pattern_symbols/Bird/6.jpg,Pattern symbols,0.005,6,27.26042938232422
data/整理的数据-常用_副本/库淑兰-data-处理后/Pattern_symbols/Bird/6.jpg,Pattern symbols,0.01,3,40.42300033569336
data/整理的数据-常用_副本/库淑兰-data-处理后/Pattern_symbols/Bird/7.jpg,Pattern symbols,5e-05,117,9.796875953674316
data/整理的数据-常用_副本/库淑兰-data-处理后/Pattern_symbols/Bird/7.jpg,Pattern symbols,0.0001,104,10.004326820373535
data/整理的数据-常用_副本/库淑兰-data-处理后/Pattern_symbols/Bird/7.jpg,Pattern symbols,0.0002,97,10.44012451171875
data/整理的数据-常用_副本/库淑兰-data-处理后/Pattern_symbols/Bird/7.jpg,Pattern symbols,0.0005,65,13.41750717163086
data/整理的数据-常用_副本/库淑兰-data-处理后/Pattern_symbols/Bird/7.jpg,Pattern symbols,0.001,31,19.044239044189453
data/整理的数据-常用_副本/库淑兰-data-处理后/Pattern_symbols/Bird/7.jpg,Pattern symbols,0.002,19,24.4686279296875
data/整理的数据-常用_副本/库淑兰-data-处理后/Pattern_symbols/Bird/7.jpg,Pattern symbols,0.005,10,33.39004135131836
data/整理的数据-常用_副本/库淑兰-data-处理后/Pattern_symbols/Bird/7.jpg,Pattern symbols,0.01,1,55.89405059814453
data/整理的数据-常用_副本/库淑兰-data-处理后/Pattern_symbols/Butterfly/1.jpg,Pattern symbols,5e-05,8,11.460479736328125
data/整理的数据-常用_副本/库淑兰-data-处理后/Pattern_symbols/Butterfly/1.jpg,Pattern symbols,0.0001,4,11.502516746520996
data/整理的数据-常用_副本/库淑兰-data-处理后/Pattern_symbols/Butterfly/1.jpg,Pattern symbols,0.0002,4,11.502516746520996
data/整理的数据-常用_副本/库淑兰-data-处理后/Pattern_symbols/Butterfly/1.jpg,Pattern symbols,0.0005,4,11.502516746520996
data/整理的数据-常用_副本/库淑兰-data-处理后/Pattern_symbols/Butterfly/1.jpg,Pattern symbols,0.001,4,11.502516746520996
data/整理的数据-常用_副本/库淑兰-data-处理后/Pattern_symbols/Butterfly/1.jpg,Pattern symbols,0.002,4,11.502516746520996
data/整理的数据-常用_副本/库淑兰-data-处理后/Pattern_symbols/Butterfly/1.jpg,Pattern symbols,0.005,1,12.424137115478516
data/整理的数据-常用_副本/库淑兰-data-处理后/Pattern_symbols/Butterfly/1.jpg,Pattern symbols,0.01,1,15.49884033203125
data/整理的数据-常用_副本/库淑兰-data-处理后/Pattern_symbols/Butterfly/2.jpg,Pattern symbols,5e-05,7,7.204544544219971
data/整理的数据-常用_副本/库淑兰-data-处理后/Pattern_symbols/Butterfly/2.jpg,Pattern symbols,0.0001,5,7.227716445922852
data/整理的数据-常用_副本/库淑兰-data-处理后/Pattern_symbols/Butterfly/2.jpg,Pattern symbols,0.0002,5,7.227716445922852
data/整理的数据-常用_副本/库淑兰-data-处理后/Pattern_symbols/Butterfly/2.jpg,Pattern symbols,0.0005,5,7.227716445922852
data/整理的数据-常用_副本/库淑兰-data-处理后/Pattern_symbols/Butterfly/2.jpg,Pattern symbols,0.001,5,7.227716445922852
data/整理的数据-常用_副本/库淑兰-data-处理后/Pattern_symbols/Butterfly/2.jpg,Pattern symbols,0.002,5,7.227716445922852
data/整理的数据-常用_副本/库淑兰-data-处理后/Pattern_symbols/Butterfly/2.jpg,Pattern symbols,0.005,5,7.227716445922852
data/整理的数据-常用_副本/库淑兰-data-处理后/Pattern_symbols/Butterfly/2.jpg,Pattern symbols,0.01,1,16.518409729003906
data/整理的数据-常用_副本/库淑兰-data-处理后/Pattern_symbols/Butterfly/3.jpg,Pattern symbols,5e-05,10,4.8218278884887695
data/整理的数据-常用_副本/库淑兰-data-处理后/Pattern_symbols/Butterfly/3.jpg,Pattern symbols,0.0001,8,4.8686017990112305
data/整理的数据-常用_副本/库淑兰-data-处理后/Pattern_symbols/Butterfly/3.jpg,Pattern symbols,0.0002,8,4.8686017990112305
data/整理的数据-常用_副本/库淑兰-data-处理后/Pattern_symbols/Butterfly/3.jpg,Pattern symbols,0.0005,8,4.8686017990112305
data/整理的数据-常用_副本/库淑兰-data-处理后/Pattern_symbols/Butterfly/3.jpg,Pattern symbols,0.001,8,4.8686017990112305
data/整理的数据-常用_副本/库淑兰-data-处理后/Pattern_symbols/Butterfly/3.jpg,Pattern symbols,0.002,4,6.73258638381958
data/整理的数据-常用_副本/库淑兰-data-处理后/Pattern_symbols/Butterfly/3.jpg,Pattern symbols,0.005,1,12.81965160369873
data/整理的数据-常用_副本/库淑兰-data-处理后/Pattern_symbols/Butterfly/3.jpg,Pattern symbols,0.01,1,12.81965160369873
data/整理的数据-常用_副本/库淑兰-data-处理后/Pattern_symbols/Butterfly/4.jpg,Pattern symbols,5e-05,19,8.355712890625
data/整理的数据-常用_副本/库淑兰-data-处理后/Pattern_symbols/Butterfly/4.jpg,Pattern symbols,0.0001,19,8.355712890625
data/整理的数据-常用_副本/库淑兰-data-处理后/Pattern_symbols/Butterfly/4.jpg,Pattern symbols,0.0002,19,8.355712890625
data/整理的数据-常用_副本/库淑兰-data-处理后/Pattern_symbols/Butterfly/4.jpg,Pattern symbols,0.0005,19,8.355712890625
data/整理的数据-常用_副本/库淑兰-data-处理后/Pattern_symbols/Butterfly/4.jpg,Pattern symbols,0.001,19,8.367770195007324
data/整理的数据-常用_副本/库淑兰-data-处理后/Pattern_symbols/Butterfly/4.jpg,Pattern symbols,0.002,8,16.02757453918457
data/整理的数据-常用_副本/库淑兰-data-处理后/Pattern_symbols/Butterfly/4.jpg,Pattern symbols,0.005,3,19.341594696044922
data/整理的数据-常用_副本/库淑兰-data-处理后/Pattern_symbols/Butterfly/4.jpg,Pattern symbols,0.01,1,26.03279685974121
data/整理的数据-常用_副本/库淑兰-data-处理后/Pattern_symbols/Butterfly/5.jpg,Pattern symbols,5e-05,19,6.65130615234375
data/整理的数据-常用_副本/库淑兰-data-处理后/Pattern_symbols/Butterfly/5.jpg,Pattern symbols,0.0001,14,6.738138675689697
data/整理的数据-常用_副本/库淑兰-data-处理后/Pattern_symbols/Butterfly/5.jpg,Pattern symbols,0.0002,12,6.91325044631958
data/整理的数据-常用_副本/库淑兰-data-处理后/Pattern_symbols/Butterfly/5.jpg,Pattern symbols,0.0005,11,6.988966941833496
data/整理的数据-常用_副本/库淑兰-data-处理后/Pattern_symbols/Butterfly/5.jpg,Pattern symbols,0.001,11,6.988966941833496
data/整理的数据-常用_副本/库淑兰-data-处理后/Pattern_symbols/Butterfly/5.jpg,Pattern symbols,0.002,7,9.243897438049316
data/整理的数据-常用_副本/库淑兰-data-处理后/Pattern_symbols/Butterfly/5.jpg,Pattern symbols,0.005,3,14.667510986328125
data/整理的数据-常用_副本/库淑兰-data-处理后/Pattern_symbols/Butterfly/5.jpg,Pattern symbols,0.01,1,19.530136108398438
data/整理的数据-常用_副本/库淑兰-data-处理后/Pattern_symbols/Chrysanthemum/1.jpg,Pattern symbols,5e-05,14,7.8379011154174805
data/整理的数据-常用_副本/库淑兰-data-处理后/Pattern_symbols/Chrysanthemum/1.jpg,Pattern symbols,0.0001,12,7.8454084396362305
data/整理的数据-常用_副本/库淑兰-data-处理后/Pattern_symbols/Chrysanthemum/1.jpg,Pattern symbols,0.0002,11,7.890172481536865
data/整理的数据-常用_副本/库淑兰-data-处理后/Pattern_symbols/Chrysanthemum/1.jpg,Pattern symbols,0.0005,11,7.890172481536865
data/整理的数据-常用_副本/库淑兰-data-处理后/Pattern_symbols/Chrysanthemum/1.jpg,Pattern symbols,0.001,10,8.070634841918945
data/整理的数据-常用_副本/库淑兰-data-处理后/Pattern_symbols/Chrysanthemum/1.jpg,Pattern symbols,0.002,4,10.643972396850586
data/整理的数据-常用_副本/库淑兰-data-处理后/Pattern_symbols/Chrysanthemum/1.jpg,Pattern symbols,0.005,3,12.093716621398926
data/整理的数据-常用_副本/库淑兰-data-处理后/Pattern_symbols/Chrysanthemum/1.jpg,Pattern symbols,0.01,2,13.062575340270996
data/整理的数据-常用_副本/库淑兰-data-处理后/Pattern_symbols/Chrysanthemum/2.jpg,Pattern symbols,5e-05,36,9.103540420532227
data/整理的数据-常用_副本/库淑兰-data-处理后/Pattern_symbols/Chrysanthemum/2.jpg,Pattern symbols,0.0001,36,9.106998443603516
data/整理的数据-常用_副本/库淑兰-data-处理后/Pattern_symbols/Chrysanthemum/2.jpg,Pattern symbols,0.0002,36,9.106998443603516
data/整理的数据-常用_副本/库淑兰-data-处理后/Pattern_symbols/Chrysanthemum/2.jpg,Pattern symbols,0.0005,36,9.162285804748535
data/整理的数据-常用_副本/库淑兰-data-处理后/Pattern_symbols/Chrysanthemum/2.jpg,Pattern symbols,0.001,11,16.019062042236328
data/整理的数据-常用_副本/库淑兰-data-处理后/Pattern_symbols/Chrysanthemum/2.jpg,Pattern symbols,0.002,2,19.506725311279297
data/整理的数据-常用_副本/库淑兰-data-处理后/Pattern_symbols/Chrysanthemum/2.jpg,Pattern symbols,0.005,2,19.506725311279297
data/整理的数据-常用_副本/库淑兰-data-处理后/Pattern_symbols/Chrysanthemum/2.jpg,Pattern symbols,0.01,1,35.98979949951172
data/整理的数据-常用_副本/库淑兰-data-处理后/Pattern_symbols/Chrysanthemum/3.jpg,Pattern symbols,5e-05,7,6.788136005401611
data/整理的数据-常用_副本/库淑兰-data-处理后/Pattern_symbols/Chrysanthemum/3.jpg,Pattern symbols,0.0001,7,6.788136005401611
data/整理的数据-常用_副本/库淑兰-data-处理后/Pattern_symbols/Chrysanthemum/3.jpg,Pattern symbols,0.0002,7,6.788136005401611
data/整理的数据-常用_副本/库淑兰-data-处理后/Pattern_symbols/Chrysanthemum/3.jpg,Pattern symbols,0.0005,7,6.788136005401611
data/整理的数据-常用_副本/库淑兰-data-处理后/Pattern_symbols/Chrysanthemum/3.jpg,Pattern symbols,0.001,7,6.788136005401611
data/整理的数据-常用_副本/库淑兰-data-处理后/Pattern_symbols/Chrysanthemum/3.jpg,Pattern symbols,0.002,7,6.788136005401611
data/整理的数据-常用_副本/库淑兰-data-处理后/Pattern_symbols/Chrysanthemum/3.jpg,Pattern symbols,0.005,7,6.817681312561035
data/整理的数据-常用_副本/库淑兰-data-处理后/Pattern_symbols/Chrysanthemum/3.jpg,Pattern symbols,0.01,1,15.867505073547363
data/整理的数据-常用_副本/库淑兰-data-处理后/Pattern_symbols/Chrysanthemum/4.jpg,Pattern symbols,5e-05,22,10.153169631958008
data/整理的数据-常用_副本/库淑兰-data-处理后/Pattern_symbols/Chrysanthemum/4.jpg,Pattern symbols,0.0001,20,10.180001258850098
data/整理的数据-常用_副本/库淑兰-data-处理后/Pattern_symbols/Chrysanthemum/4.jpg,Pattern symbols,0.0002,19,10.198126792907715
data/整理的数据-常用_副本/库淑兰-data-处理后/Pattern_symbols/Chrysanthemum/4.jpg,Pattern symbols,0.0005,13,10.553375244140625
data/整理的数据-常用_副本/库淑兰-data-处理后/Pattern_symbols/Chrysanthemum/4.jpg,Pattern symbols,0.001,13,10.553375244140625
data/整理的数据-常用_副本/库淑兰-data-处理后/Pattern_symbols/Chrysanthemum/4.jpg,Pattern symbols,0.002,13,10.553375244140625
data/整理的数据-常用_副本/库淑兰-data-处理后/Pattern_symbols/Chrysanthemum/4.jpg,Pattern symbols,0.005,5,15.03498363494873
data/整理的数据-常用_副本/库淑兰-data-处理后/Pattern_symbols/Chrysanthemum/4.jpg,Pattern symbols,0.01,1,32.10285186767578
data/整理的数据-常用_副本/库淑兰-data-处理后/Pattern_symbols/Chrysanthemum/5.jpg,Pattern symbols,5e-05,6,8.78229808807373
data/整理的数据-常用_副本/库淑兰-data-处理后/Pattern_symbols/Chrysanthemum/5.jpg,Pattern symbols,0.0001,4,8.792141914367676
data/整理的数据-常用_副本/库淑兰-data-处理后/Pattern_symbols/Chrysanthemum/5.jpg,Pattern symbols,0.0002,4,8.792141914367676
data/整理的数据-常用_副本/库淑兰-data-处理后/Pattern_symbols/Chrysanthemum/5.jpg,Pattern symbols,0.0005,4,8.792141914367676
data/整理的数据-常用_副本/库淑兰-data-处理后/Pattern_symbols/Chrysanthemum/5.jpg,Pattern symbols,0.001,4,8.792141914367676
data/整理的数据-常用_副本/库淑兰-data-处理后/Pattern_symbols/Chrysanthemum/5.jpg,Pattern symbols,0.002,4,8.792141914367676
data/整理的数据-常用_副本/库淑兰-data-处理后/Pattern_symbols/Chrysanthemum/5.jpg,Pattern symbols,0.005,3,9.344524383544922
data/整理的数据-常用_副本/库淑兰-data-处理后/Pattern_symbols/Chrysanthemum/5.jpg,Pattern symbols,0.01,3,9.344524383544922
data/整理的数据-常用_副本/库淑兰-data-处理后/Pattern_symbols/Crescent/1.jpg,Pattern symbols,5e-05,9,7.089047431945801
data/整理的数据-常用_副本/库淑兰-data-处理后/Pattern_symbols/Crescent/1.jpg,Pattern symbols,0.0001,7,7.126220703125
data/整理的数据-常用_副本/库淑兰-data-处理后/Pattern_symbols/Crescent/1.jpg,Pattern symbols,0.0002,6,7.181740760803223
data/整理的数据-常用_副本/库淑兰-data-处理后/Pattern_symbols/Crescent/1.jpg,Pattern symbols,0.0005,3,7.849963188171387
data/整理的数据-常用_副本/库淑兰-data-处理后/Pattern_symbols/Crescent/1.jpg,Pattern symbols,0.001,3,7.849963188171387
data/整理的数据-常用_副本/库淑兰-data-处理后/Pattern_symbols/Crescent/1.jpg,Pattern symbols,0.002,3,7.849963188171387
data/整理的数据-常用_副本/库淑兰-data-处理后/Pattern_symbols/Crescent/1.jpg,Pattern symbols,0.005,3,7.849963188171387
data/整理的数据-常用_副本/库淑兰-data-处理后/Pattern_symbols/Crescent/1.jpg,Pattern symbols,0.01,3,7.849963188171387
data/整理的数据-常用_副本/库淑兰-data-处理后/Pattern_symbols/Crescent/2.jpg,Pattern symbols,5e-05,6,6.09288215637207
data/整理的数据-常用_副本/库淑兰-data-处理后/Pattern_symbols/Crescent/2.jpg,Pattern symbols,0.0001,6,6.09288215637207
data/整理的数据-常用_副本/库淑兰-data-处理后/Pattern_symbols/Crescent/2.jpg,Pattern symbols,0.0002,6,6.09288215637207
data/整理的数据-常用_副本/库淑兰-data-处理后/Pattern_symbols/Crescent/2.jpg,Pattern symbols,0.0005,3,6.643533706665039
data/整理的数据-常用_副本/库淑兰-data-处理后/Pattern_symbols/Crescent/2.jpg,Pattern symbols,0.001,3,6.643533706665039
data/整理的数据-常用_副本/库淑兰-data-处理后/Pattern_symbols/Crescent/2.jpg,Pattern symbols,0.002,3,6.643533706665039
data/整理的数据-常用_副本/库淑兰-data-处理后/Pattern_symbols/Crescent/2.jpg,Pattern symbols,0.005,3,6.643533706665039
data/整理的数据-常用_副本/库淑兰-data-处理后/Pattern_symbols/Crescent/2.jpg,Pattern symbols,0.01,3,6.643533706665039
data/整理的数据-常用_副本/库淑兰-data-处理后/Pattern_symbols/Crescent/3.jpg,Pattern symbols,5e-05,11,3.8681862354278564
data/整理的数据-常用_副本/库淑兰-data-处理后/Pattern_symbols/Crescent/3.jpg,Pattern symbols,0.0001,10,3.8804121017456055
data/整理的数据-常用_副本/库淑兰-data-处理后/Pattern_symbols/Crescent/3.jpg,Pattern symbols,0.0002,10,3.8804121017456055
data/整理的数据-常用_副本/库淑兰-data-处理后/Pattern_symbols/Crescent/3.jpg,Pattern symbols,0.0005,6,4.458436489105225
data/整理的数据-常用_副本/库淑兰-data-处理后/Pattern_symbols/Crescent/3.jpg,Pattern symbols,0.001,6,4.458436489105225
data/整理的数据-常用_副本/库淑兰-data-处理后/Pattern_symbols/Crescent/3.jpg,Pattern symbols,0.002,6,4.458436489105225
data/整理的数据-常用_副本/库淑兰-data-处理后/Pattern_symbols/Crescent/3.jpg,Pattern symbols,0.005,4,8.447184562683105
data/整理的数据-常用_副本/库淑兰-data-处理后/Pattern_symbols/Crescent/3.jpg,Pattern symbols,0.01,3,11.574766159057617
data/整理的数据-常用_副本/库淑兰-data-处理后/Pattern_symbols/Curtain/1.jpg,Pattern symbols,5e-05,68,8.18504810333252
data/整理的数据-常用_副本/库淑兰-data-处理后/Pattern_symbols/Curtain/1.jpg,Pattern symbols,0.0001,59,8.284852981567383
data/整理的数据-常用_副本/库淑兰-data-处理后/Pattern_symbols/Curtain/1.jpg,Pattern symbols,0.0002,35,8.530789375305176
data/整理的数据-常用_副本/库淑兰-data-处理后/Pattern_symbols/Curtain/1.jpg,Pattern symbols,0.0005,8,9.88846206665039
data/整理的数据-常用_副本/库淑兰-data-处理后/Pattern_symbols/Curtain/1.jpg,Pattern symbols,0.001,4,10.408825874328613
data/整理的数据-常用_副本/库淑兰-data-处理后/Pattern_symbols/Curtain/1.jpg,Pattern symbols,0.002,4,11.453431129455566
data/整理的数据-常用_副本/库淑兰-data-处理后/Pattern_symbols/Curtain/1.jpg,Pattern symbols,0.005,2,16.11551856994629
data/整理的数据-常用_副本/库淑兰-data-处理后/Pattern_symbols/Curtain/1.jpg,Pattern symbols,0.01,2,16.11551856994629
data/整理的数据-常用_副本/库淑兰-data-处理后/Pattern_symbols/Curtain/2.jpg,Pattern symbols,5e-05,53,7.1528120040893555
data/整理的数据-常用_副本/库淑兰-data-处理后/Pattern_symbols/Curtain/2.jpg,Pattern symbols,0.0001,32,7.418644428253174
data/整理的数据-常用_副本/库淑兰-data-处理后/Pattern_symbols/Curtain/2.jpg,Pattern symbols,0.0002,21,7.635973930358887
data/整理的数据-常用_副本/库淑兰-data-处理后/Pattern_symbols/Curtain/2.jpg,Pattern symbols,0.0005,18,7.720017910003662
data/整理的数据-常用_副本/库淑兰-data-处理后/Pattern_symbols/Curtain/2.jpg,Pattern symbols,0.001,18,7.720017910003662
data/整理的数据-常用_副本/库淑兰-data-处理后/Pattern_symbols/Curtain/2.jpg,Pattern symbols,0.002,2,17.075225830078125
data/整理的数据-常用_副本/库淑兰-data-处理后/Pattern_symbols/Curtain/2.jpg,Pattern symbols,0.005,1,18.04553985595703
data/整理的数据-常用_副本/库淑兰-data-处理后/Pattern_symbols/Curtain/2.jpg,Pattern symbols,0.01,1,18.04553985595703
data/整理的数据-常用_副本/库淑兰-data-处理后/Pattern_symbols/Curtain/3.jpg,Pattern symbols,5e-05,63,7.595030307769775
data/整理的数据-常用_副本/库淑兰-data-处理后/Pattern_symbols/Curtain/3.jpg,Pattern symbols,0.0001,31,8.12893295288086
data/整理的数据-常用_副本/库淑兰-data-处理后/Pattern_symbols/Curtain/3.jpg,Pattern symbols,0.0002,18,8.4290132522583
data/整理的数据-常用_副本/库淑兰-data-处理后/Pattern_symbols/Curtain/3.jpg,Pattern symbols,0.0005,14,8.636916160583496
data/整理的数据-常用_副本/库淑兰-data-处理后/Pattern_symbols/Curtain/3.jpg,Pattern symbols,0.001,14,8.636916160583496
data/整理的数据-常用_副本/库淑兰-data-处理后/Pattern_symbols/Curtain/3.jpg,Pattern symbols,0.002,4,13.754663467407227
data/整理的数据-常用_副本/库淑兰-data-处理后/Pattern_symbols/Curtain/3.jpg,Pattern symbols,0.005,2,20.220827102661133
data/整理的数据-常用_副本/库淑兰-data-处理后/Pattern_symbols/Curtain/3.jpg,Pattern symbols,0.01,2,20.220827102661133
data/整理的数据-常用_副本/库淑兰-data-处理后/Pattern_symbols/Curtain/4.jpg,Pattern symbols,5e-05,148,5.942643642425537
data/整理的数据-常用_副本/库淑兰-data-处理后/Pattern_symbols/Curtain/4.jpg,Pattern symbols,0.0001,142,5.984818935394287
data/整理的数据-常用_副本/库淑兰-data-处理后/Pattern_symbols/Curtain/4.jpg,Pattern symbols,0.0002,60,6.905467987060547
data/整理的数据-常用_副本/库淑兰-data-处理后/Pattern_symbols/Curtain/4.jpg,Pattern symbols,0.0005,39,7.528770446777344
data/整理的数据-常用_副本/库淑兰-data-处理后/Pattern_symbols/Curtain/4.jpg,Pattern symbols,0.001,18,11.0603609085083
data/整理的数据-常用_副本/库淑兰-data-处理后/Pattern_symbols/Curtain/4.jpg,Pattern symbols,0.002,12,12.144791603088379
data/整理的数据-常用_副本/库淑兰-data-处理后/Pattern_symbols/Curtain/4.jpg,Pattern symbols,0.005,6,17.97797393798828
data/整理的数据-常用_副本/库淑兰-data-处理后/Pattern_symbols/Curtain/4.jpg,Pattern symbols,0.01,2,24.68507957458496
data/整理的数据-常用_副本/库淑兰-data-处理后/Pattern_symbols/Dot/1.jpg,Pattern symbols,5e-05,5,3.8241770267486572
data/整理的数据-常用_副本/库淑兰-data-处理后/Pattern_symbols/Dot/1.jpg,Pattern symbols,0.0001,1,3.842172622680664
data/整理的数据-常用_副本/库淑兰-data-处理后/Pattern_symbols/Dot/1.jpg,Pattern symbols,0.0002,1,3.842172622680664
data/整理的数据-常用_副本/库淑兰-data-处理后/Pattern_symbols/Dot/1.jpg,Pattern symbols,0.0005,1,3.842172622680664
data/整理的数据-常用_副本/库淑兰-data-处理后/Pattern_symbols/Dot/1.jpg,Pattern symbols,0.001,1,3.842172622680664
data/整理的数据-常用_副本/库淑兰-data-处理后/Pattern_symbols/Dot/1.jpg,Pattern symbols,0.002,1,3.842172622680664
data/整理的数据-常用_副本/库淑兰-data-处理后/Pattern_symbols/Dot/1.jpg,Pattern symbols,0.005,1,3.842172622680664
data/整理的数据-常用_副本/库淑兰-data-处理后/Pattern_symbols/Dot/1.jpg,Pattern symbols,0.01,1,3.842172622680664
data/整理的数据-常用_副本/库淑兰-data-处理后/Pattern_symbols/Dot/2.jpg,Pattern symbols,5e-05,3,8.07708740234375
data/整理的数据-常用_副本/库淑兰-data-处理后/Pattern_symbols/Dot/2.jpg,Pattern symbols,0.0001,2,8.075398445129395
data/整理的数据-常用_副本/库淑兰-data-处理后/Pattern_symbols/Dot/2.jpg,Pattern symbols,0.0002,2,8.075398445129395
data/整理的数据-常用_副本/库淑兰-data-处理后/Pattern_symbols/Dot/2.jpg,Pattern symbols,0.0005,2,8.075398445129395
data/整理的数据-常用_副本/库淑兰-data-处理后/Pattern_symbols/Dot/2.jpg,Pattern symbols,0.001,2,8.075398445129395
data/整理的数据-常用_副本/库淑兰-data-处理后/Pattern_symbols/Dot/2.jpg,Pattern symbols,0.002,2,8.075398445129395
data/整理的数据-常用_副本/库淑兰-data-处理后/Pattern_symbols/Dot/2.jpg,Pattern symbols,0.005,2,8.075398445129395
data/整理的数据-常用_副本/库淑兰-data-处理后/Pattern_symbols/Dot/2.jpg,Pattern symbols,0.01,2,8.075398445129395
data/整理的数据-常用_副本/库淑兰-data-处理后/Pattern_symbols/Dot/3.jpg,Pattern symbols,5e-05,1,3.8064537048339844
data/整理的数据-常用_副本/库淑兰-data-处理后/Pattern_symbols/Dot/3.jpg,Pattern symbols,0.0001,1,3.8064537048339844
data/整理的数据-常用_副本/库淑兰-data-处理后/Pattern_symbols/Dot/3.jpg,Pattern symbols,0.0002,1,3.8064537048339844
data/整理的数据-常用_副本/库淑兰-data-处理后/Pattern_symbols/Dot/3.jpg,Pattern symbols,0.0005,1,3.8064537048339844
data/整理的数据-常用_副本/库淑兰-data-处理后/Pattern_symbols/Dot/3.jpg,Pattern symbols,0.001,1,3.8064537048339844
data/整理的数据-常用_副本/库淑兰-data-处理后/Pattern_symbols/Dot/3.jpg,Pattern symbols,0.002,1,3.8064537048339844
data/整理的数据-常用_副本/库淑兰-data-处理后/Pattern_symbols/Dot/3.jpg,Pattern symbols,0.005,1,3.8064537048339844
data/整理的数据-常用_副本/库淑兰-data-处理后/Pattern_symbols/Dot/3.jpg,Pattern symbols,0.01,1,3.8064537048339844
data/整理的数据-常用_副本/库淑兰-data-处理后/Pattern_symbols/Dot/4.jpg,Pattern symbols,5e-05,3,3.7835991382598877
data/整理的数据-常用_副本/库淑兰-data-处理后/Pattern_symbols/Dot/4.jpg,Pattern symbols,0.0001,1,3.7925264835357666
data/整理的数据-常用_副本/库淑兰-data-处理后/Pattern_symbols/Dot/4.jpg,Pattern symbols,0.0002,1,3.7925264835357666
data/整理的数据-常用_副本/库淑兰-data-处理后/Pattern_symbols/Dot/4.jpg,Pattern symbols,0.0005,1,3.7925264835357666
data/整理的数据-常用_副本/库淑兰-data-处理后/Pattern_symbols/Dot/4.jpg,Pattern symbols,0.001,1,3.7925264835357666
data/整理的数据-常用_副本/库淑兰-data-处理后/Pattern_symbols/Dot/4.jpg,Pattern symbols,0.002,1,3.7925264835357666
data/整理的数据-常用_副本/库淑兰-data-处理后/Pattern_symbols/Dot/4.jpg,Pattern symbols,0.005,1,3.7925264835357666
data/整理的数据-常用_副本/库淑兰-data-处理后/Pattern_symbols/Dot/4.jpg,Pattern symbols,0.01,1,3.7925264835357666
data/整理的数据-常用_副本/库淑兰-data-处理后/Pattern_symbols/Dot/5.jpg,Pattern symbols,5e-05,1,4.1299967765808105
data/整理的数据-常用_副本/库淑兰-data-处理后/Pattern_symbols/Dot/5.jpg,Pattern symbols,0.0001,1,4.1299967765808105
data/整理的数据-常用_副本/库淑兰-data-处理后/Pattern_symbols/Dot/5.jpg,Pattern symbols,0.0002,1,4.1299967765808105
data/整理的数据-常用_副本/库淑兰-data-处理后/Pattern_symbols/Dot/5.jpg,Pattern symbols,0.0005,1,4.1299967765808105
data/整理的数据-常用_副本/库淑兰-data-处理后/Pattern_symbols/Dot/5.jpg,Pattern symbols,0.001,1,4.1299967765808105
data/整理的数据-常用_副本/库淑兰-data-处理后/Pattern_symbols/Dot/5.jpg,Pattern symbols,0.002,1,4.1299967765808105
data/整理的数据-常用_副本/库淑兰-data-处理后/Pattern_symbols/Dot/5.jpg,Pattern symbols,0.005,1,4.1299967765808105
data/整理的数据-常用_副本/库淑兰-data-处理后/Pattern_symbols/Dot/5.jpg,Pattern symbols,0.01,1,4.1299967765808105
data/整理的数据-常用_副本/库淑兰-data-处理后/Pattern_symbols/Dot/6.jpg,Pattern symbols,5e-05,6,3.7488837242126465
data/整理的数据-常用_副本/库淑兰-data-处理后/Pattern_symbols/Dot/6.jpg,Pattern symbols,0.0001,1,3.75903058052063
data/整理的数据-常用_副本/库淑兰-data-处理后/Pattern_symbols/Dot/6.jpg,Pattern symbols,0.0002,1,3.75903058052063
data/整理的数据-常用_副本/库淑兰-data-处理后/Pattern_symbols/Dot/6.jpg,Pattern symbols,0.0005,1,3.75903058052063
data/整理的数据-常用_副本/库淑兰-data-处理后/Pattern_symbols/Dot/6.jpg,Pattern symbols,0.001,1,3.75903058052063
data/整理的数据-常用_副本/库淑兰-data-处理后/Pattern_symbols/Dot/6.jpg,Pattern symbols,0.002,1,3.75903058052063
data/整理的数据-常用_副本/库淑兰-data-处理后/Pattern_symbols/Dot/6.jpg,Pattern symbols,0.005,1,3.75903058052063
data/整理的数据-常用_副本/库淑兰-data-处理后/Pattern_symbols/Dot/6.jpg,Pattern symbols,0.01,1,3.75903058052063
data/整理的数据-常用_副本/库淑兰-data-处理后/Pattern_symbols/Fish/1.jpg,Pattern symbols,5e-05,2,3.7589242458343506
data/整理的数据-常用_副本/库淑兰-data-处理后/Pattern_symbols/Fish/1.jpg,Pattern symbols,0.0001,2,3.7589242458343506
data/整理的数据-常用_副本/库淑兰-data-处理后/Pattern_symbols/Fish/1.jpg,Pattern symbols,0.0002,2,3.7589242458343506
data/整理的数据-常用_副本/库淑兰-data-处理后/Pattern_symbols/Fish/1.jpg,Pattern symbols,0.0005,2,3.7589242458343506
data/整理的数据-常用_副本/库淑兰-data-处理后/Pattern_symbols/Fish/1.jpg,Pattern symbols,0.001,2,3.7589242458343506
data/整理的数据-常用_副本/库淑兰-data-处理后/Pattern_symbols/Fish/1.jpg,Pattern symbols,0.002,2,3.7589242458343506
data/整理的数据-常用_副本/库淑兰-data-处理后/Pattern_symbols/Fish/1.jpg,Pattern symbols,0.005,2,3.7589242458343506
data/整理的数据-常用_副本/库淑兰-data-处理后/Pattern_symbols/Fish/1.jpg,Pattern symbols,0.01,1,5.0247650146484375
data/整理的数据-常用_副本/库淑兰-data-处理后/Pattern_symbols/Fish/2.jpg,Pattern symbols,5e-05,7,4.50827693939209
data/整理的数据-常用_副本/库淑兰-data-处理后/Pattern_symbols/Fish/2.jpg,Pattern symbols,0.0001,6,4.514847278594971
data/整理的数据-常用_副本/库淑兰-data-处理后/Pattern_symbols/Fish/2.jpg,Pattern symbols,0.0002,6,4.514847278594971
data/整理的数据-常用_副本/库淑兰-data-处理后/Pattern_symbols/Fish/2.jpg,Pattern symbols,0.0005,6,4.514847278594971
data/整理的数据-常用_副本/库淑兰-data-处理后/Pattern_symbols/Fish/2.jpg,Pattern symbols,0.001,6,4.514847278594971
data/整理的数据-常用_副本/库淑兰-data-处理后/Pattern_symbols/Fish/2.jpg,Pattern symbols,0.002,6,4.514847278594971
data/整理的数据-常用_副本/库淑兰-data-处理后/Pattern_symbols/Fish/2.jpg,Pattern symbols,0.005,2,9.211556434631348
data/整理的数据-常用_副本/库淑兰-data-处理后/Pattern_symbols/Fish/2.jpg,Pattern symbols,0.01,1,10.663691520690918
data/整理的数据-常用_副本/库淑兰-data-处理后/Pattern_symbols/Fish/3.jpg,Pattern symbols,5e-05,10,3.3457837104797363
data/整理的数据-常用_副本/库淑兰-data-处理后/Pattern_symbols/Fish/3.jpg,Pattern symbols,0.0001,10,3.3457837104797363
data/整理的数据-常用_副本/库淑兰-data-处理后/Pattern_symbols/Fish/3.jpg,Pattern symbols,0.0002,10,3.3457837104797363
data/整理的数据-常用_副本/库淑兰-data-处理后/Pattern_symbols/Fish/3.jpg,Pattern symbols,0.0005,10,3.3457837104797363
data/整理的数据-常用_副本/库淑兰-data-处理后/Pattern_symbols/Fish/3.jpg,Pattern symbols,0.001,10,3.3457837104797363
data/整理的数据-常用_副本/库淑兰-data-处理后/Pattern_symbols/Fish/3.jpg,Pattern symbols,0.002,8,3.8603615760803223
data/整理的数据-常用_副本/库淑兰-data-处理后/Pattern_symbols/Fish/3.jpg,Pattern symbols,0.005,3,10.113214492797852
data/整理的数据-常用_副本/库淑兰-data-处理后/Pattern_symbols/Fish/3.jpg,Pattern symbols,0.01,1,17.65108871459961
data/整理的数据-常用_副本/库淑兰-data-处理后/Pattern_symbols/Fish/4.jpg,Pattern symbols,5e-05,19,4.366907119750977
data/整理的数据-常用_副本/库淑兰-data-处理后/Pattern_symbols/Fish/4.jpg,Pattern symbols,0.0001,19,4.366907119750977
data/整理的数据-常用_副本/库淑兰-data-处理后/Pattern_symbols/Fish/4.jpg,Pattern symbols,0.0002,18,4.372071266174316
data/整理的数据-常用_副本/库淑兰-data-处理后/Pattern_symbols/Fish/4.jpg,Pattern symbols,0.0005,18,4.372071266174316
data/整理的数据-常用_副本/库淑兰-data-处理后/Pattern_symbols/Fish/4.jpg,Pattern symbols,0.001,16,5.132623672485352
data/整理的数据-常用_副本/库淑兰-data-处理后/Pattern_symbols/Fish/4.jpg,Pattern symbols,0.002,16,5.132623672485352
data/整理的数据-常用_副本/库淑兰-data-处理后/Pattern_symbols/Fish/4.jpg,Pattern symbols,0.005,4,14.048008918762207
data/整理的数据-常用_副本/库淑兰-data-处理后/Pattern_symbols/Fish/4.jpg,Pattern symbols,0.01,1,24.208223342895508
data/整理的数据-常用_副本/库淑兰-data-处理后/Pattern_symbols/Fish/5.jpg,Pattern symbols,5e-05,9,5.602470397949219
data/整理的数据-常用_副本/库淑兰-data-处理后/Pattern_symbols/Fish/5.jpg,Pattern symbols,0.0001,8,5.605898857116699
data/整理的数据-常用_副本/库淑兰-data-处理后/Pattern_symbols/Fish/5.jpg,Pattern symbols,0.0002,8,5.605898857116699
data/整理的数据-常用_副本/库淑兰-data-处理后/Pattern_symbols/Fish/5.jpg,Pattern symbols,0.0005,8,5.605898857116699
data/整理的数据-常用_副本/库淑兰-data-处理后/Pattern_symbols/Fish/5.jpg,Pattern symbols,0.001,8,5.605898857116699
data/整理的数据-常用_副本/库淑兰-data-处理后/Pattern_symbols/Fish/5.jpg,Pattern symbols,0.002,8,5.605898857116699
data/整理的数据-常用_副本/库淑兰-data-处理后/Pattern_symbols/Fish/5.jpg,Pattern symbols,0.005,1,13.863770484924316
data/整理的数据-常用_副本/库淑兰-data-处理后/Pattern_symbols/Fish/5.jpg,Pattern symbols,0.01,1,13.863770484924316
data/整理的数据-常用_副本/库淑兰-data-处理后/Pattern_symbols/Glands/1.jpg,Pattern symbols,5e-05,16,2.7348504066467285
data/整理的数据-常用_副本/库淑兰-data-处理后/Pattern_symbols/Glands/1.jpg,Pattern symbols,0.0001,7,2.845627546310425
data/整理的数据-常用_副本/库淑兰-data-处理后/Pattern_symbols/Glands/1.jpg,Pattern symbols,0.0002,3,2.9906864166259766
data/整理的数据-常用_副本/库淑兰-data-处理后/Pattern_symbols/Glands/1.jpg,Pattern symbols,0.0005,2,3.0498526096343994
data/整理的数据-常用_副本/库淑兰-data-处理后/Pattern_symbols/Glands/1.jpg,Pattern symbols,0.001,1,3.2554352283477783
data/整理的数据-常用_副本/库淑兰-data-处理后/Pattern_symbols/Glands/1.jpg,Pattern symbols,0.002,1,3.2554352283477783
data/整理的数据-常用_副本/库淑兰-data-处理后/Pattern_symbols/Glands/1.jpg,Pattern symbols,0.005,1,3.2554352283477783
data/整理的数据-常用_副本/库淑兰-data-处理后/Pattern_symbols/Glands/1.jpg,Pattern symbols,0.01,1,3.2554352283477783
data/整理的数据-常用_副本/库淑兰-data-处理后/Pattern_symbols/Glands/2.jpg,Pattern symbols,5e-05,2,6.196598529815674
data/整理的数据-常用_副本/库淑兰-data-处理后/Pattern_symbols/Glands/2.jpg,Pattern symbols,0.0001,1,6.212153434753418
data/整理的数据-常用_副本/库淑兰-data-处理后/Pattern_symbols/Glands/2.jpg,Pattern symbols,0.0002,1,6.212153434753418
data/整理的数据-常用_副本/库淑兰-data-处理后/Pattern_symbols/Glands/2.jpg,Pattern symbols,0.0005,1,6.212153434753418
data/整理的数据-常用_副本/库淑兰-data-处理后/Pattern_symbols/Glands/2.jpg,Pattern symbols,0.001,1,6.212153434753418
data/整理的数据-常用_副本/库淑兰-data-处理后/Pattern_symbols/Glands/2.jpg,Pattern symbols,0.002,1,6.212153434753418
data/整理的数据-常用_副本/库淑兰-data-处理后/Pattern_symbols/Glands/2.jpg,Pattern symbols,0.005,1,6.212153434753418
data/整理的数据-常用_副本/库淑兰-data-处理后/Pattern_symbols/Glands/2.jpg,Pattern symbols,0.01,1,6.212153434753418
data/整理的数据-常用_副本/库淑兰-data-处理后/Pattern_symbols/Glands/3.jpg,Pattern symbols,5e-05,9,5.757699489593506
data/整理的数据-常用_副本/库淑兰-data-处理后/Pattern_symbols/Glands/3.jpg,Pattern symbols,0.0001,6,5.793430328369141
data/整理的数据-常用_副本/库淑兰-data-处理后/Pattern_symbols/Glands/3.jpg,Pattern symbols,0.0002,4,5.838620662689209
data/整理的数据-常用_副本/库淑兰-data-处理后/Pattern_symbols/Glands/3.jpg,Pattern symbols,0.0005,1,5.897951602935791
data/整理的数据-常用_副本/库淑兰-data-处理后/Pattern_symbols/Glands/3.jpg,Pattern symbols,0.001,1,5.897951602935791
data/整理的数据-常用_副本/库淑兰-data-处理后/Pattern_symbols/Glands/3.jpg,Pattern symbols,0.002,1,5.897951602935791
data/整理的数据-常用_副本/库淑兰-data-处理后/Pattern_symbols/Glands/3.jpg,Pattern symbols,0.005,1,5.897951602935791
data/整理的数据-常用_副本/库淑兰-data-处理后/Pattern_symbols/Glands/3.jpg,Pattern symbols,0.01,1,5.897951602935791
data/整理的数据-常用_副本/库淑兰-data-处理后/Pattern_symbols/Glands/4.jpg,Pattern symbols,5e-05,10,6.6522722244262695
data/整理的数据-常用_副本/库淑兰-data-处理后/Pattern_symbols/Glands/4.jpg,Pattern symbols,0.0001,6,6.682192325592041
data/整理的数据-常用_副本/库淑兰-data-处理后/Pattern_symbols/Glands/4.jpg,Pattern symbols,0.0002,2,6.780025482177734
data/整理的数据-常用_副本/库淑兰-data-处理后/Pattern_symbols/Glands/4.jpg,Pattern symbols,0.0005,2,6.780025482177734
data/整理的数据-常用_副本/库淑兰-data-处理后/Pattern_symbols/Glands/4.jpg,Pattern symbols,0.001,2,6.780025482177734
data/整理的数据-常用_副本/库淑兰-data-处理后/Pattern_symbols/Glands/4.jpg,Pattern symbols,0.002,1,6.888120651245117
data/整理的数据-常用_副本/库淑兰-data-处理后/Pattern_symbols/Glands/4.jpg,Pattern symbols,0.005,1,6.888120651245117
data/整理的数据-常用_副本/库淑兰-data-处理后/Pattern_symbols/Glands/4.jpg,Pattern symbols,0.01,1,6.888120651245117
data/整理的数据-常用_副本/库淑兰-data-处理后/Pattern_symbols/HangingCoin/1.jpg,Pattern symbols,5e-05,7,4.492628574371338
data/整理的数据-常用_副本/库淑兰-data-处理后/Pattern_symbols/HangingCoin/1.jpg,Pattern symbols,0.0001,6,4.495512008666992
data/整理的数据-常用_副本/库淑兰-data-处理后/Pattern_symbols/HangingCoin/1.jpg,Pattern symbols,0.0002,6,4.495512008666992
data/整理的数据-常用_副本/库淑兰-data-处理后/Pattern_symbols/HangingCoin/1.jpg,Pattern symbols,0.0005,6,4.495512008666992
data/整理的数据-常用_副本/库淑兰-data-处理后/Pattern_symbols/HangingCoin/1.jpg,Pattern symbols,0.001,6,4.495512008666992
data/整理的数据-常用_副本/库淑兰-data-处理后/Pattern_symbols/HangingCoin/1.jpg,Pattern symbols,0.002,6,4.495512008666992
data/整理的数据-常用_副本/库淑兰-data-处理后/Pattern_symbols/HangingCoin/1.jpg,Pattern symbols,0.005,6,4.495512008666992
data/整理的数据-常用_副本/库淑兰-data-处理后/Pattern_symbols/HangingCoin/1.jpg,Pattern symbols,0.01,6,4.495512008666992
data/整理的数据-常用_副本/库淑兰-data-处理后/Pattern_symbols/HangingCoin/2.jpg,Pattern symbols,5e-05,10,5.017548561096191
data/整理的数据-常用_副本/库淑兰-data-处理后/Pattern_symbols/HangingCoin/2.jpg,Pattern symbols,0.0001,9,5.022825241088867
data/整理的数据-常用_副本/库淑兰-data-处理后/Pattern_symbols/HangingCoin/2.jpg,Pattern symbols,0.0002,9,5.022825241088867
data/整理的数据-常用_副本/库淑兰-data-处理后/Pattern_symbols/HangingCoin/2.jpg,Pattern symbols,0.0005,9,5.022825241088867
data/整理的数据-常用_副本/库淑兰-data-处理后/Pattern_symbols/HangingCoin/2.jpg,Pattern symbols,0.001,9,5.022825241088867
data/整理的数据-常用_副本/库淑兰-data-处理后/Pattern_symbols/HangingCoin/2.jpg,Pattern symbols,0.002,9,5.022825241088867
data/整理的数据-常用_副本/库淑兰-data-处理后/Pattern_symbols/HangingCoin/2.jpg,Pattern symbols,0.005,9,5.022825241088867
data/整理的数据-常用_副本/库淑兰-data-处理后/Pattern_symbols/HangingCoin/2.jpg,Pattern symbols,0.01,9,5.022825241088867
data/整理的数据-常用_副本/库淑兰-data-处理后/Pattern_symbols/HangingCoin/3.jpg,Pattern symbols,5e-05,23,5.451529026031494
data/整理的数据-常用_副本/库淑兰-data-处理后/Pattern_symbols/HangingCoin/3.jpg,Pattern symbols,0.0001,23,5.451529026031494
data/整理的数据-常用_副本/库淑兰-data-处理后/Pattern_symbols/HangingCoin/3.jpg,Pattern symbols,0.0002,19,5.48661470413208
data/整理的数据-常用_副本/库淑兰-data-处理后/Pattern_symbols/HangingCoin/3.jpg,Pattern symbols,0.0005,10,5.5813398361206055
data/整理的数据-常用_副本/库淑兰-data-处理后/Pattern_symbols/HangingCoin/3.jpg,Pattern symbols,0.001,9,5.621213912963867
data/整理的数据-常用_副本/库淑兰-data-处理后/Pattern_symbols/HangingCoin/3.jpg,Pattern symbols,0.002,9,5.621213912963867
data/整理的数据-常用_副本/库淑兰-data-处理后/Pattern_symbols/HangingCoin/3.jpg,Pattern symbols,0.005,6,7.95033073425293
data/整理的数据-常用_副本/库淑兰-data-处理后/Pattern_symbols/HangingCoin/3.jpg,Pattern symbols,0.01,1,15.130789756774902
data/整理的数据-常用_副本/库淑兰-data-处理后/Pattern_symbols/HeadOrnament/1.jpg,Pattern symbols,5e-05,17,4.981579780578613
data/整理的数据-常用_副本/库淑兰-data-处理后/Pattern_symbols/HeadOrnament/1.jpg,Pattern symbols,0.0001,16,5.019447326660156
data/整理的数据-常用_副本/库淑兰-data-处理后/Pattern_symbols/HeadOrnament/1.jpg,Pattern symbols,0.0002,16,5.019447326660156
data/整理的数据-常用_副本/库淑兰-data-处理后/Pattern_symbols/HeadOrnament/1.jpg,Pattern symbols,0.0005,16,5.019447326660156
data/整理的数据-常用_副本/库淑兰-data-处理后/Pattern_symbols/HeadOrnament/1.jpg,Pattern symbols,0.001,16,5.019447326660156
data/整理的数据-常用_副本/库淑兰-data-处理后/Pattern_symbols/HeadOrnament/1.jpg,Pattern symbols,0.002,16,5.019447326660156
data/整理的数据-常用_副本/库淑兰-data-处理后/Pattern_symbols/HeadOrnament/1.jpg,Pattern symbols,0.005,1,13.697541236877441
data/整理的数据-常用_副本/库淑兰-data-处理后/Pattern_symbols/HeadOrnament/1.jpg,Pattern symbols,0.01,3,31.18926239013672
data/整理的数据-常用_副本/库淑兰-data-处理后/Pattern_symbols/HeadOrnament/2.jpg,Pattern symbols,5e-05,24,5.691298484802246
data/整理的数据-常用_副本/库淑兰-data-处理后/Pattern_symbols/HeadOrnament/2.jpg,Pattern symbols,0.0001,24,5.691298484802246
data/整理的数据-常用_副本/库淑兰-data-处理后/Pattern_symbols/HeadOrnament/2.jpg,Pattern symbols,0.0002,24,5.691298484802246
data/整理的数据-常用_副本/库淑兰-data-处理后/Pattern_symbols/HeadOrnament/2.jpg,Pattern symbols,0.0005,24,5.691298484802246
data/整理的数据-常用_副本/库淑兰-data-处理后/Pattern_symbols/HeadOrnament/2.jpg,Pattern symbols,0.001,22,6.131443500518799
data/整理的数据-常用_副本/库淑兰-data-处理后/Pattern_symbols/HeadOrnament/2.jpg,Pattern symbols,0.002,12,7.950771808624268
data/整理的数据-常用_副本/库淑兰-data-处理后/Pattern_symbols/HeadOrnament/2.jpg,Pattern symbols,0.005,1,14.083255767822266
data/整理的数据-常用_副本/库淑兰-data-处理后/Pattern_symbols/HeadOrnament/2.jpg,Pattern symbols,0.01,3,34.289817810058594
data/整理的数据-常用_副本/库淑兰-data-处理后/Pattern_symbols/HeadOrnament/3.jpg,Pattern symbols,5e-05,41,5.367618083953857
data/整理的数据-常用_副本/库淑兰-data-处理后/Pattern_symbols/HeadOrnament/3.jpg,Pattern symbols,0.0001,41,5.367618083953857
data/整理的数据-常用_副本/库淑兰-data-处理后/Pattern_symbols/HeadOrnament/3.jpg,Pattern symbols,0.0002,41,5.367618083953857
data/整理的数据-常用_副本/库淑兰-data-处理后/Pattern_symbols/HeadOrnament/3.jpg,Pattern symbols,0.0005,41,5.367618083953857
data/整理的数据-常用_副本/库淑兰-data-处理后/Pattern_symbols/HeadOrnament/3.jpg,Pattern symbols,0.001,30,8.335265159606934
data/整理的数据-常用_副本/库淑兰-data-处理后/Pattern_symbols/HeadOrnament/3.jpg,Pattern symbols,0.002,11,12.082268714904785
data/整理的数据-常用_副本/库淑兰-data-处理后/Pattern_symbols/HeadOrnament/3.jpg,Pattern symbols,0.005,3,22.63646125793457
data/整理的数据-常用_副本/库淑兰-data-处理后/Pattern_symbols/HeadOrnament/3.jpg,Pattern symbols,0.01,1,40.785118103027344
data/整理的数据-常用_副本/库淑兰-data-处理后/Pattern_symbols/HeadOrnament/4.jpg,Pattern symbols,5e-05,44,8.100430488586426
data/整理的数据-常用_副本/库淑兰-data-处理后/Pattern_symbols/HeadOrnament/4.jpg,Pattern symbols,0.0001,44,8.100430488586426
data/整理的数据-常用_副本/库淑兰-data-处理后/Pattern_symbols/HeadOrnament/4.jpg,Pattern symbols,0.0002,44,8.100430488586426
data/整理的数据-常用_副本/库淑兰-data-处理后/Pattern_symbols/HeadOrnament/4.jpg,Pattern symbols,0.0005,44,8.100430488586426
data/整理的数据-常用_副本/库淑兰-data-处理后/Pattern_symbols/HeadOrnament/4.jpg,Pattern symbols,0.001,41,8.985279083251953
data/整理的数据-常用_副本/库淑兰-data-处理后/Pattern_symbols/HeadOrnament/4.jpg,Pattern symbols,0.002,8,18.211383819580078
data/整理的数据-常用_副本/库淑兰-data-处理后/Pattern_symbols/HeadOrnament/4.jpg,Pattern symbols,0.005,5,23.25444221496582
data/整理的数据-常用_副本/库淑兰-data-处理后/Pattern_symbols/HeadOrnament/4.jpg,Pattern symbols,0.01,2,55.303707122802734
data/整理的数据-常用_副本/库淑兰-data-处理后/Pattern_symbols/HeadOrnament/5.jpg,Pattern symbols,5e-05,239,11.700757026672363
data/整理的数据-常用_副本/库淑兰-data-处理后/Pattern_symbols/HeadOrnament/5.jpg,Pattern symbols,0.0001,206,12.211644172668457
data/整理的数据-常用_副本/库淑兰-data-处理后/Pattern_symbols/HeadOrnament/5.jpg,Pattern symbols,0.0002,184,12.755990028381348
data/整理的数据-常用_副本/库淑兰-data-处理后/Pattern_symbols/HeadOrnament/5.jpg,Pattern symbols,0.0005,102,16.829727172851562
data/整理的数据-常用_副本/库淑兰-data-处理后/Pattern_symbols/HeadOrnament/5.jpg,Pattern symbols,0.001,39,22.871923446655273
data/整理的数据-常用_副本/库淑兰-data-处理后/Pattern_symbols/HeadOrnament/5.jpg,Pattern symbols,0.002,17,27.159374237060547
data/整理的数据-常用_副本/库淑兰-data-处理后/Pattern_symbols/HeadOrnament/5.jpg,Pattern symbols,0.005,4,32.72380065917969
data/整理的数据-常用_副本/库淑兰-data-处理后/Pattern_symbols/HeadOrnament/5.jpg,Pattern symbols,0.01,4,32.72380065917969
data/整理的数据-常用_副本/库淑兰-data-处理后/Pattern_symbols/Heya/1.jpg,Pattern symbols,5e-05,31,7.258841514587402
data/整理的数据-常用_副本/库淑兰-data-处理后/Pattern_symbols/Heya/1.jpg,Pattern symbols,0.0001,27,7.2843098640441895
data/整理的数据-常用_副本/库淑兰-data-处理后/Pattern_symbols/Heya/1.jpg,Pattern symbols,0.0002,16,7.397148132324219
data/整理的数据-常用_副本/库淑兰-data-处理后/Pattern_symbols/Heya/1.jpg,Pattern symbols,0.0005,4,7.6549601554870605
data/整理的数据-常用_副本/库淑兰-data-处理后/Pattern_symbols/Heya/1.jpg,Pattern symbols,0.001,4,7.6549601554870605
data/整理的数据-常用_副本/库淑兰-data-处理后/Pattern_symbols/Heya/1.jpg,Pattern symbols,0.002,3,7.775282382965088
data/整理的数据-常用_副本/库淑兰-data-处理后/Pattern_symbols/Heya/1.jpg,Pattern symbols,0.005,3,7.775282382965088
data/整理的数据-常用_副本/库淑兰-data-处理后/Pattern_symbols/Heya/1.jpg,Pattern symbols,0.01,3,7.775282382965088
data/整理的数据-常用_副本/库淑兰-data-处理后/Pattern_symbols/Heya/2.jpg,Pattern symbols,5e-05,17,4.302048206329346
data/整理的数据-常用_副本/库淑兰-data-处理后/Pattern_symbols/Heya/2.jpg,Pattern symbols,0.0001,13,4.322659492492676
data/整理的数据-常用_副本/库淑兰-data-处理后/Pattern_symbols/Heya/2.jpg,Pattern symbols,0.0002,11,4.366050720214844
data/整理的数据-常用_副本/库淑兰-data-处理后/Pattern_symbols/Heya/2.jpg,Pattern symbols,0.0005,5,4.5507988929748535
data/整理的数据-常用_副本/库淑兰-data-处理后/Pattern_symbols/Heya/2.jpg,Pattern symbols,0.001,5,4.5507988929748535
data/整理的数据-常用_副本/库淑兰-data-处理后/Pattern_symbols/Heya/2.jpg,Pattern symbols,0.002,4,4.570331573486328
data/整理的数据-常用_副本/库淑兰-data-处理后/Pattern_symbols/Heya/2.jpg,Pattern symbols,0.005,3,4.989240646362305
data/整理的数据-常用_副本/库淑兰-data-处理后/Pattern_symbols/Heya/2.jpg,Pattern symbols,0.01,3,4.989240646362305
data/整理的数据-常用_副本/库淑兰-data-处理后/Pattern_symbols/Heya/3.jpg,Pattern symbols,5e-05,16,4.460978984832764
data/整理的数据-常用_副本/库淑兰-data-处理后/Pattern_symbols/Heya/3.jpg,Pattern symbols,0.0001,15,4.461294174194336
data/整理的数据-常用_副本/库淑兰-data-处理后/Pattern_symbols/Heya/3.jpg,Pattern symbols,0.0002,15,4.461294174194336
data/整理的数据-常用_副本/库淑兰-data-处理后/Pattern_symbols/Heya/3.jpg,Pattern symbols,0.0005,15,4.461294174194336
data/整理的数据-常用_副本/库淑兰-data-处理后/Pattern_symbols/Heya/3.jpg,Pattern symbols,0.001,9,4.625895977020264
data/整理的数据-常用_副本/库淑兰-data-处理后/Pattern_symbols/Heya/3.jpg,Pattern symbols,0.002,7,4.768991947174072
data/整理的数据-常用_副本/库淑兰-data-处理后/Pattern_symbols/Heya/3.jpg,Pattern symbols,0.005,3,8.0212984085083
data/整理的数据-常用_副本/库淑兰-data-处理后/Pattern_symbols/Heya/3.jpg,Pattern symbols,0.01,3,8.0212984085083
data/整理的数据-常用_副本/库淑兰-data-处理后/Pattern_symbols/Heya/4.jpg,Pattern symbols,5e-05,6,7.459402084350586
data/整理的数据-常用_副本/库淑兰-data-处理后/Pattern_symbols/Heya/4.jpg,Pattern symbols,0.0001,4,7.484588146209717
data/整理的数据-常用_副本/库淑兰-data-处理后/Pattern_symbols/Heya/4.jpg,Pattern symbols,0.0002,3,7.501885890960693
data/整理的数据-常用_副本/库淑兰-data-处理后/Pattern_symbols/Heya/4.jpg,Pattern symbols,0.0005,1,7.689195156097412
data/整理的数据-常用_副本/库淑兰-data-处理后/Pattern_symbols/Heya/4.jpg,Pattern symbols,0.001,1,7.689195156097412
data/整理的数据-常用_副本/库淑兰-data-处理后/Pattern_symbols/Heya/4.jpg,Pattern symbols,0.002,1,7.689195156097412
data/整理的数据-常用_副本/库淑兰-data-处理后/Pattern_symbols/Heya/4.jpg,Pattern symbols,0.005,1,7.689195156097412
data/整理的数据-常用_副本/库淑兰-data-处理后/Pattern_symbols/Heya/4.jpg,Pattern symbols,0.01,1,7.689195156097412
data/整理的数据-常用_副本/库淑兰-data-处理后/Pattern_symbols/Heya/5.jpg,Pattern symbols,5e-05,7,3.2360551357269287
data/整理的数据-常用_副本/库淑兰-data-处理后/Pattern_symbols/Heya/5.jpg,Pattern symbols,0.0001,6,3.2388806343078613
data/整理的数据-常用_副本/库淑兰-data-处理后/Pattern_symbols/Heya/5.jpg,Pattern symbols,0.0002,5,3.335099697113037
data/整理的数据-常用_副本/库淑兰-data-处理后/Pattern_symbols/Heya/5.jpg,Pattern symbols,0.0005,3,3.3257718086242676
data/整理的数据-常用_副本/库淑兰-data-处理后/Pattern_symbols/Heya/5.jpg,Pattern symbols,0.001,3,3.3257718086242676
data/整理的数据-常用_副本/库淑兰-data-处理后/Pattern_symbols/Heya/5.jpg,Pattern symbols,0.002,1,4.077861785888672
data/整理的数据-常用_副本/库淑兰-data-处理后/Pattern_symbols/Heya/5.jpg,Pattern symbols,0.005,1,4.077861785888672
data/整理的数据-常用_副本/库淑兰-data-处理后/Pattern_symbols/Heya/5.jpg,Pattern symbols,0.01,1,4.077861785888672
data/整理的数据-常用_副本/库淑兰-data-处理后/Pattern_symbols/Lotus/1.jpg,Pattern symbols,5e-05,3,6.476113319396973
data/整理的数据-常用_副本/库淑兰-data-处理后/Pattern_symbols/Lotus/1.jpg,Pattern symbols,0.0001,3,6.476113319396973
data/整理的数据-常用_副本/库淑兰-data-处理后/Pattern_symbols/Lotus/1.jpg,Pattern symbols,0.0002,3,6.476113319396973
data/整理的数据-常用_副本/库淑兰-data-处理后/Pattern_symbols/Lotus/1.jpg,Pattern symbols,0.0005,3,6.476113319396973
data/整理的数据-常用_副本/库淑兰-data-处理后/Pattern_symbols/Lotus/1.jpg,Pattern symbols,0.001,3,6.476113319396973
data/整理的数据-常用_副本/库淑兰-data-处理后/Pattern_symbols/Lotus/1.jpg,Pattern symbols,0.002,3,6.476113319396973
data/整理的数据-常用_副本/库淑兰-data-处理后/Pattern_symbols/Lotus/1.jpg,Pattern symbols,0.005,3,6.476113319396973
data/整理的数据-常用_副本/库淑兰-data-处理后/Pattern_symbols/Lotus/1.jpg,Pattern symbols,0.01,1,11.168750762939453
data/整理的数据-常用_副本/库淑兰-data-处理后/Pattern_symbols/Lotus/2.jpg,Pattern symbols,5e-05,69,8.5689697265625
data/整理的数据-常用_副本/库淑兰-data-处理后/Pattern_symbols/Lotus/2.jpg,Pattern symbols,0.0001,50,9.03656005859375
data/整理的数据-常用_副本/库淑兰-data-处理后/Pattern_symbols/Lotus/2.jpg,Pattern symbols,0.0002,30,10.236454963684082
data/整理的数据-常用_副本/库淑兰-data-处理后/Pattern_symbols/Lotus/2.jpg,Pattern symbols,0.0005,21,11.186712265014648
data/整理的数据-常用_副本/库淑兰-data-处理后/Pattern_symbols/Lotus/2.jpg,Pattern symbols,0.001,17,12.012454986572266
data/整理的数据-常用_副本/库淑兰-data-处理后/Pattern_symbols/Lotus/2.jpg,Pattern symbols,0.002,16,12.299676895141602
data/整理的数据-常用_副本/库淑兰-data-处理后/Pattern_symbols/Lotus/2.jpg,Pattern symbols,0.005,5,19.865522384643555
data/整理的数据-常用_副本/库淑兰-data-处理后/Pattern_symbols/Lotus/2.jpg,Pattern symbols,0.01,1,24.90364646911621
data/整理的数据-常用_副本/库淑兰-data-处理后/Pattern_symbols/Lotus/3.jpg,Pattern symbols,5e-05,62,6.822366714477539
data/整理的数据-常用_副本/库淑兰-data-处理后/Pattern_symbols/Lotus/3.jpg,Pattern symbols,0.0001,62,6.822366714477539
data/整理的数据-常用_副本/库淑兰-data-处理后/Pattern_symbols/Lotus/3.jpg,Pattern symbols,0.0002,62,6.822366714477539
data/整理的数据-常用_副本/库淑兰-data-处理后/Pattern_symbols/Lotus/3.jpg,Pattern symbols,0.0005,25,10.079588890075684
data/整理的数据-常用_副本/库淑兰-data-处理后/Pattern_symbols/Lotus/3.jpg,Pattern symbols,0.001,10,12.014134407043457
data/整理的数据-常用_副本/库淑兰-data-处理后/Pattern_symbols/Lotus/3.jpg,Pattern symbols,0.002,10,12.014134407043457
data/整理的数据-常用_副本/库淑兰-data-处理后/Pattern_symbols/Lotus/3.jpg,Pattern symbols,0.005,4,15.872105598449707
data/整理的数据-常用_副本/库淑兰-data-处理后/Pattern_symbols/Lotus/3.jpg,Pattern symbols,0.01,4,15.872105598449707
data/整理的数据-常用_副本/库淑兰-data-处理后/Pattern_symbols/Lotus/4.jpg,Pattern symbols,5e-05,154,7.216014385223389
data/整理的数据-常用_副本/库淑兰-data-处理后/Pattern_symbols/Lotus/4.jpg,Pattern symbols,0.0001,138,7.322928428649902
data/整理的数据-常用_副本/库淑兰-data-处理后/Pattern_symbols/Lotus/4.jpg,Pattern symbols,0.0002,102,8.511967658996582
data/整理的数据-常用_副本/库淑兰-data-处理后/Pattern_symbols/Lotus/4.jpg,Pattern symbols,0.0005,40,13.04456901550293
data/整理的数据-常用_副本/库淑兰-data-处理后/Pattern_symbols/Lotus/4.jpg,Pattern symbols,0.001,32,14.42654037475586
data/整理的数据-常用_副本/库淑兰-data-处理后/Pattern_symbols/Lotus/4.jpg,Pattern symbols,0.002,9,20.651763916015625
data/整理的数据-常用_副本/库淑兰-data-处理后/Pattern_symbols/Lotus/4.jpg,Pattern symbols,0.005,4,22.111923217773438
data/整理的数据-常用_副本/库淑兰-data-处理后/Pattern_symbols/Lotus/4.jpg,Pattern symbols,0.01,2,28.07667350769043
data/整理的数据-常用_副本/库淑兰-data-处理后/Pattern_symbols/Lotus/5.jpg,Pattern symbols,5e-05,136,7.543074607849121
data/整理的数据-常用_副本/库淑兰-data-处理后/Pattern_symbols/Lotus/5.jpg,Pattern symbols,0.0001,123,7.6451592445373535
data/整理的数据-常用_副本/库淑兰-data-处理后/Pattern_symbols/Lotus/5.jpg,Pattern symbols,0.0002,113,7.87882137298584
data/整理的数据-常用_副本/库淑兰-data-处理后/Pattern_symbols/Lotus/5.jpg,Pattern symbols,0.0005,82,9.990082740783691
data/整理的数据-常用_副本/库淑兰-data-处理后/Pattern_symbols/Lotus/5.jpg,Pattern symbols,0.001,35,14.48126220703125
data/整理的数据-常用_副本/库淑兰-data-处理后/Pattern_symbols/Lotus/5.jpg,Pattern symbols,0.002,22,16.071035385131836
data/整理的数据-常用_副本/库淑兰-data-处理后/Pattern_symbols/Lotus/5.jpg,Pattern symbols,0.005,6,22.59747886657715
data/整理的数据-常用_副本/库淑兰-data-处理后/Pattern_symbols/Lotus/5.jpg,Pattern symbols,0.01,4,23.66622543334961
data/整理的数据-常用_副本/库淑兰-data-处理后/Pattern_symbols/Peach/1.jpg,Pattern symbols,5e-05,2,2.995185136795044
data/整理的数据-常用_副本/库淑兰-data-处理后/Pattern_symbols/Peach/1.jpg,Pattern symbols,0.0001,1,3.0012128353118896
data/整理的数据-常用_副本/库淑兰-data-处理后/Pattern_symbols/Peach/1.jpg,Pattern symbols,0.0002,1,3.0012128353118896
data/整理的数据-常用_副本/库淑兰-data-处理后/Pattern_symbols/Peach/1.jpg,Pattern symbols,0.0005,1,3.0012128353118896
data/整理的数据-常用_副本/库淑兰-data-处理后/Pattern_symbols/Peach/1.jpg,Pattern symbols,0.001,1,3.0012128353118896
data/整理的数据-常用_副本/库淑兰-data-处理后/Pattern_symbols/Peach/1.jpg,Pattern symbols,0.002,1,3.0012128353118896
data/整理的数据-常用_副本/库淑兰-data-处理后/Pattern_symbols/Peach/1.jpg,Pattern symbols,0.005,1,3.0012128353118896
data/整理的数据-常用_副本/库淑兰-data-处理后/Pattern_symbols/Peach/1.jpg,Pattern symbols,0.01,1,3.0012128353118896
data/整理的数据-常用_副本/库淑兰-data-处理后/Pattern_symbols/Peach/2.jpg,Pattern symbols,5e-05,5,5.796010971069336
data/整理的数据-常用_副本/库淑兰-data-处理后/Pattern_symbols/Peach/2.jpg,Pattern symbols,0.0001,1,5.801211357116699
data/整理的数据-常用_副本/库淑兰-data-处理后/Pattern_symbols/Peach/2.jpg,Pattern symbols,0.0002,1,5.801211357116699
data/整理的数据-常用_副本/库淑兰-data-处理后/Pattern_symbols/Peach/2.jpg,Pattern symbols,0.0005,1,5.801211357116699
data/整理的数据-常用_副本/库淑兰-data-处理后/Pattern_symbols/Peach/2.jpg,Pattern symbols,0.001,1,5.801211357116699
data/整理的数据-常用_副本/库淑兰-data-处理后/Pattern_symbols/Peach/2.jpg,Pattern symbols,0.002,1,5.801211357116699
data/整理的数据-常用_副本/库淑兰-data-处理后/Pattern_symbols/Peach/2.jpg,Pattern symbols,0.005,1,5.801211357116699
data/整理的数据-常用_副本/库淑兰-data-处理后/Pattern_symbols/Peach/2.jpg,Pattern symbols,0.01,1,5.801211357116699
data/整理的数据-常用_副本/库淑兰-data-处理后/Pattern_symbols/Peach/3.jpg,Pattern symbols,5e-05,2,3.0126681327819824
data/整理的数据-常用_副本/库淑兰-data-处理后/Pattern_symbols/Peach/3.jpg,Pattern symbols,0.0001,1,3.0248615741729736
data/整理的数据-常用_副本/库淑兰-data-处理后/Pattern_symbols/Peach/3.jpg,Pattern symbols,0.0002,1,3.0248615741729736
data/整理的数据-常用_副本/库淑兰-data-处理后/Pattern_symbols/Peach/3.jpg,Pattern symbols,0.0005,1,3.0248615741729736
data/整理的数据-常用_副本/库淑兰-data-处理后/Pattern_symbols/Peach/3.jpg,Pattern symbols,0.001,1,3.0248615741729736
data/整理的数据-常用_副本/库淑兰-data-处理后/Pattern_symbols/Peach/3.jpg,Pattern symbols,0.002,1,3.0248615741729736
data/整理的数据-常用_副本/库淑兰-data-处理后/Pattern_symbols/Peach/3.jpg,Pattern symbols,0.005,1,3.0248615741729736
data/整理的数据-常用_副本/库淑兰-data-处理后/Pattern_symbols/Peach/3.jpg,Pattern symbols,0.01,1,3.0248615741729736
data/整理的数据-常用_副本/库淑兰-data-处理后/Pattern_symbols/Peony/1.jpg,Pattern symbols,5e-05,15,5.832050800323486
data/整理的数据-常用_副本/库淑兰-data-处理后/Pattern_symbols/Peony/1.jpg,Pattern symbols,0.0001,13,5.8346099853515625
data/整理的数据-常用_副本/库淑兰-data-处理后/Pattern_symbols/Peony/1.jpg,Pattern symbols,0.0002,13,5.8346099853515625
data/整理的数据-常用_副本/库淑兰-data-处理后/Pattern_symbols/Peony/1.jpg,Pattern symbols,0.0005,13,5.8346099853515625
data/整理的数据-常用_副本/库淑兰-data-处理后/Pattern_symbols/Peony/1.jpg,Pattern symbols,0.001,9,6.91261625289917
data/整理的数据-常用_副本/库淑兰-data-处理后/Pattern_symbols/Peony/1.jpg,Pattern symbols,0.002,5,8.133549690246582
data/整理的数据-常用_副本/库淑兰-data-处理后/Pattern_symbols/Peony/1.jpg,Pattern symbols,0.005,4,8.191876411437988
data/整理的数据-常用_副本/库淑兰-data-处理后/Pattern_symbols/Peony/1.jpg,Pattern symbols,0.01,3,8.297590255737305
data/整理的数据-常用_副本/库淑兰-data-处理后/Pattern_symbols/Peony/2.jpg,Pattern symbols,5e-05,52,7.032589912414551
data/整理的数据-常用_副本/库淑兰-data-处理后/Pattern_symbols/Peony/2.jpg,Pattern symbols,0.0001,50,7.042527198791504
data/整理的数据-常用_副本/库淑兰-data-处理后/Pattern_symbols/Peony/2.jpg,Pattern symbols,0.0002,48,7.149521827697754
data/整理的数据-常用_副本/库淑兰-data-处理后/Pattern_symbols/Peony/2.jpg,Pattern symbols,0.0005,24,9.53110408782959
data/整理的数据-常用_副本/库淑兰-data-处理后/Pattern_symbols/Peony/2.jpg,Pattern symbols,0.001,12,12.451542854309082
data/整理的数据-常用_副本/库淑兰-data-处理后/Pattern_symbols/Peony/2.jpg,Pattern symbols,0.002,12,12.451542854309082
data/整理的数据-常用_副本/库淑兰-data-处理后/Pattern_symbols/Peony/2.jpg,Pattern symbols,0.005,7,17.513404846191406
data/整理的数据-常用_副本/库淑兰-data-处理后/Pattern_symbols/Peony/2.jpg,Pattern symbols,0.01,2,20.324472427368164
data/整理的数据-常用_副本/库淑兰-data-处理后/Pattern_symbols/Peony/3.jpg,Pattern symbols,5e-05,100,8.13884162902832
data/整理的数据-常用_副本/库淑兰-data-处理后/Pattern_symbols/Peony/3.jpg,Pattern symbols,0.0001,91,8.214272499084473
data/整理的数据-常用_副本/库淑兰-data-处理后/Pattern_symbols/Peony/3.jpg,Pattern symbols,0.0002,73,8.708003044128418
data/整理的数据-常用_副本/库淑兰-data-处理后/Pattern_symbols/Peony/3.jpg,Pattern symbols,0.0005,37,10.574828147888184
data/整理的数据-常用_副本/库淑兰-data-处理后/Pattern_symbols/Peony/3.jpg,Pattern symbols,0.001,20,11.45860481262207
data/整理的数据-常用_副本/库淑兰-data-处理后/Pattern_symbols/Peony/3.jpg,Pattern symbols,0.002,15,12.28860855102539
data/整理的数据-常用_副本/库淑兰-data-处理后/Pattern_symbols/Peony/3.jpg,Pattern symbols,0.005,4,15.662474632263184
data/整理的数据-常用_副本/库淑兰-data-处理后/Pattern_symbols/Peony/3.jpg,Pattern symbols,0.01,3,16.19208526611328
data/整理的数据-常用_副本/库淑兰-data-处理后/Pattern_symbols/Peony/4.jpg,Pattern symbols,5e-05,68,7.908370018005371
data/整理的数据-常用_副本/库淑兰-data-处理后/Pattern_symbols/Peony/4.jpg,Pattern symbols,0.0001,55,7.989044189453125
data/整理的数据-常用_副本/库淑兰-data-处理后/Pattern_symbols/Peony/4.jpg,Pattern symbols,0.0002,52,8.029982566833496
data/整理的数据-常用_副本/库淑兰-data-处理后/Pattern_symbols/Peony/4.jpg,Pattern symbols,0.0005,40,8.406834602355957
data/整理的数据-常用_副本/库淑兰-data-处理后/Pattern_symbols/Peony/4.jpg,Pattern symbols,0.001,21,9.655746459960938
data/整理的数据-常用_副本/库淑兰-data-处理后/Pattern_symbols/Peony/4.jpg,Pattern symbols,0.002,7,11.518532752990723
data/整理的数据-常用_副本/库淑兰-data-处理后/Pattern_symbols/Peony/4.jpg,Pattern symbols,0.005,7,11.518532752990723
data/整理的数据-常用_副本/库淑兰-data-处理后/Pattern_symbols/Peony/4.jpg,Pattern symbols,0.01,7,11.518532752990723
data/整理的数据-常用_副本/库淑兰-data-处理后/Pattern_symbols/Peony/5.jpg,Pattern symbols,5e-05,125,9.230566024780273
data/整理的数据-常用_副本/库淑兰-data-处理后/Pattern_symbols/Peony/5.jpg,Pattern symbols,0.0001,113,9.295166969299316
data/整理的数据-常用_副本/库淑兰-data-处理后/Pattern_symbols/Peony/5.jpg,Pattern symbols,0.0002,109,9.362991333007812
data/整理的数据-常用_副本/库淑兰-data-处理后/Pattern_symbols/Peony/5.jpg,Pattern symbols,0.0005,49,13.152127265930176
data/整理的数据-常用_副本/库淑兰-data-处理后/Pattern_symbols/Peony/5.jpg,Pattern symbols,0.001,34,14.480168342590332
data/整理的数据-常用_副本/库淑兰-data-处理后/Pattern_symbols/Peony/5.jpg,Pattern symbols,0.002,10,19.036806106567383
data/整理的数据-常用_副本/库淑兰-data-处理后/Pattern_symbols/Peony/5.jpg,Pattern symbols,0.005,9,19.590774536132812
data/整理的数据-常用_副本/库淑兰-data-处理后/Pattern_symbols/Peony/5.jpg,Pattern symbols,0.01,5,25.08181381225586
data/整理的数据-常用_副本/库淑兰-data-处理后/Pattern_symbols/Plum/1.jpg,Pattern symbols,5e-05,54,5.1409912109375
data/整理的数据-常用_副本/库淑兰-data-处理后/Pattern_symbols/Plum/1.jpg,Pattern symbols,0.0001,47,5.148048400878906
data/整理的数据-常用_副本/库淑兰-data-处理后/Pattern_symbols/Plum/1.jpg,Pattern symbols,0.0002,46,5.1519365310668945
data/整理的数据-常用_副本/库淑兰-data-处理后/Pattern_symbols/Plum/1.jpg,Pattern symbols,0.0005,46,5.1519365310668945
data/整理的数据-常用_副本/库淑兰-data-处理后/Pattern_symbols/Plum/1.jpg,Pattern symbols,0.001,40,5.300996780395508
data/整理的数据-常用_副本/库淑兰-data-处理后/Pattern_symbols/Plum/1.jpg,Pattern symbols,0.002,30,6.166567802429199
data/整理的数据-常用_副本/库淑兰-data-处理后/Pattern_symbols/Plum/1.jpg,Pattern symbols,0.005,12,12.686498641967773
data/整理的数据-常用_副本/库淑兰-data-处理后/Pattern_symbols/Plum/1.jpg,Pattern symbols,0.01,11,13.189674377441406
data/整理的数据-常用_副本/库淑兰-data-处理后/Pattern_symbols/Plum/2.jpg,Pattern symbols,5e-05,12,7.97101354598999
data/整理的数据-常用_副本/库淑兰-data-处理后/Pattern_symbols/Plum/2.jpg,Pattern symbols,0.0001,11,7.971658706665039
data/整理的数据-常用_副本/库淑兰-data-处理后/Pattern_symbols/Plum/2.jpg,Pattern symbols,0.0002,11,7.971658706665039
data/整理的数据-常用_副本/库淑兰-data-处理后/Pattern_symbols/Plum/2.jpg,Pattern symbols,0.0005,11,7.971658706665039
data/整理的数据-常用_副本/库淑兰-data-处理后/Pattern_symbols/Plum/2.jpg,Pattern symbols,0.001,11,7.971658706665039
data/整理的数据-常用_副本/库淑兰-data-处理后/Pattern_symbols/Plum/2.jpg,Pattern symbols,0.002,11,7.971658706665039
data/整理的数据-常用_副本/库淑兰-data-处理后/Pattern_symbols/Plum/2.jpg,Pattern symbols,0.005,10,8.147467613220215
data/整理的数据-常用_副本/库淑兰-data-处理后/Pattern_symbols/Plum/2.jpg,Pattern symbols,0.01,9,8.219061851501465
data/整理的数据-常用_副本/库淑兰-data-处理后/Pattern_symbols/Plum/3.jpg,Pattern symbols,5e-05,48,7.454862594604492
data/整理的数据-常用_副本/库淑兰-data-处理后/Pattern_symbols/Plum/3.jpg,Pattern symbols,0.0001,47,7.457126140594482
data/整理的数据-常用_副本/库淑兰-data-处理后/Pattern_symbols/Plum/3.jpg,Pattern symbols,0.0002,45,7.486721992492676
data/整理的数据-常用_副本/库淑兰-data-处理后/Pattern_symbols/Plum/3.jpg,Pattern symbols,0.0005,43,7.578157424926758
data/整理的数据-常用_副本/库淑兰-data-处理后/Pattern_symbols/Plum/3.jpg,Pattern symbols,0.001,28,9.889071464538574
data/整理的数据-常用_副本/库淑兰-data-处理后/Pattern_symbols/Plum/3.jpg,Pattern symbols,0.002,19,12.690474510192871
data/整理的数据-常用_副本/库淑兰-data-处理后/Pattern_symbols/Plum/3.jpg,Pattern symbols,0.005,7,18.174428939819336
data/整理的数据-常用_副本/库淑兰-data-处理后/Pattern_symbols/Plum/3.jpg,Pattern symbols,0.01,7,18.174428939819336
data/整理的数据-常用_副本/库淑兰-data-处理后/Pattern_symbols/Plum/4.jpg,Pattern symbols,5e-05,30,5.674469947814941
data/整理的数据-常用_副本/库淑兰-data-处理后/Pattern_symbols/Plum/4.jpg,Pattern symbols,0.0001,29,5.679664611816406
data/整理的数据-常用_副本/库淑兰-data-处理后/Pattern_symbols/Plum/4.jpg,Pattern symbols,0.0002,29,5.679664611816406
data/整理的数据-常用_副本/库淑兰-data-处理后/Pattern_symbols/Plum/4.jpg,Pattern symbols,0.0005,28,5.718898296356201
data/整理的数据-常用_副本/库淑兰-data-处理后/Pattern_symbols/Plum/4.jpg,Pattern symbols,0.001,28,5.718898296356201
data/整理的数据-常用_副本/库淑兰-data-处理后/Pattern_symbols/Plum/4.jpg,Pattern symbols,0.002,25,6.93986177444458
data/整理的数据-常用_副本/库淑兰-data-处理后/Pattern_symbols/Plum/4.jpg,Pattern symbols,0.005,13,12.584365844726562
data/整理的数据-常用_副本/库淑兰-data-处理后/Pattern_symbols/Plum/4.jpg,Pattern symbols,0.01,5,26.394563674926758
data/整理的数据-常用_副本/库淑兰-data-处理后/Pattern_symbols/Plum/5.jpg,Pattern symbols,5e-05,62,4.85495662689209
data/整理的数据-常用_副本/库淑兰-data-处理后/Pattern_symbols/Plum/5.jpg,Pattern symbols,0.0001,57,4.892650127410889
data/整理的数据-常用_副本/库淑兰-data-处理后/Pattern_symbols/Plum/5.jpg,Pattern symbols,0.0002,50,5.004121780395508
data/整理的数据-常用_副本/库淑兰-data-处理后/Pattern_symbols/Plum/5.jpg,Pattern symbols,0.0005,40,5.499668121337891
data/整理的数据-常用_副本/库淑兰-data-处理后/Pattern_symbols/Plum/5.jpg,Pattern symbols,0.001,33,6.066887378692627
data/整理的数据-常用_副本/库淑兰-data-处理后/Pattern_symbols/Plum/5.jpg,Pattern symbols,0.002,16,10.928864479064941
data/整理的数据-常用_副本/库淑兰-data-处理后/Pattern_symbols/Plum/5.jpg,Pattern symbols,0.005,4,15.351828575134277
data/整理的数据-常用_副本/库淑兰-data-处理后/Pattern_symbols/Plum/5.jpg,Pattern symbols,0.01,4,15.351828575134277
data/整理的数据-常用_副本/库淑兰-data-处理后/Pattern_symbols/SquareAuspiciousCloud/1.jpg,Pattern symbols,5e-05,43,3.7387073040008545
data/整理的数据-常用_副本/库淑兰-data-处理后/Pattern_symbols/SquareAuspiciousCloud/1.jpg,Pattern symbols,0.0001,31,3.8014321327209473
data/整理的数据-常用_副本/库淑兰-data-处理后/Pattern_symbols/SquareAuspiciousCloud/1.jpg,Pattern symbols,0.0002,25,3.852144479751587
data/整理的数据-常用_副本/库淑兰-data-处理后/Pattern_symbols/SquareAuspiciousCloud/1.jpg,Pattern symbols,0.0005,23,3.8670077323913574
data/整理的数据-常用_副本/库淑兰-data-处理后/Pattern_symbols/SquareAuspiciousCloud/1.jpg,Pattern symbols,0.001,21,4.374535083770752
data/整理的数据-常用_副本/库淑兰-data-处理后/Pattern_symbols/SquareAuspiciousCloud/1.jpg,Pattern symbols,0.002,18,4.579229354858398
data/整理的数据-常用_副本/库淑兰-data-处理后/Pattern_symbols/SquareAuspiciousCloud/1.jpg,Pattern symbols,0.005,8,14.679155349731445
data/整理的数据-常用_副本/库淑兰-data-处理后/Pattern_symbols/SquareAuspiciousCloud/1.jpg,Pattern symbols,0.01,4,23.40180206298828
data/整理的数据-常用_副本/库淑兰-data-处理后/Pattern_symbols/SquareAuspiciousCloud/2.jpg,Pattern symbols,5e-05,10,2.78212571144104
data/整理的数据-常用_副本/库淑兰-data-处理后/Pattern_symbols/SquareAuspiciousCloud/2.jpg,Pattern symbols,0.0001,10,2.78212571144104
data/整理的数据-常用_副本/库淑兰-data-处理后/Pattern_symbols/SquareAuspiciousCloud/2.jpg,Pattern symbols,0.0002,10,2.78212571144104
data/整理的数据-常用_副本/库淑兰-data-处理后/Pattern_symbols/SquareAuspiciousCloud/2.jpg,Pattern symbols,0.0005,10,2.78212571144104
data/整理的数据-常用_副本/库淑兰-data-处理后/Pattern_symbols/SquareAuspiciousCloud/2.jpg,Pattern symbols,0.001,10,2.78212571144104
data/整理的数据-常用_副本/库淑兰-data-处理后/Pattern_symbols/SquareAuspiciousCloud/2.jpg,Pattern symbols,0.002,9,2.792525291442871
data/整理的数据-常用_副本/库淑兰-data-处理后/Pattern_symbols/SquareAuspiciousCloud/2.jpg,Pattern symbols,0.005,7,4.20622444152832
data/整理的数据-常用_副本/库淑兰-data-处理后/Pattern_symbols/SquareAuspiciousCloud/2.jpg,Pattern symbols,0.01,5,9.428315162658691
data/整理的数据-常用_副本/库淑兰-data-处理后/Pattern_symbols/SquareAuspiciousCloud/3.jpg,Pattern symbols,5e-05,46,5.487583160400391
data/整理的数据-常用_副本/库淑兰-data-处理后/Pattern_symbols/SquareAuspiciousCloud/3.jpg,Pattern symbols,0.0001,30,5.534179210662842
data/整理的数据-常用_副本/库淑兰-data-处理后/Pattern_symbols/SquareAuspiciousCloud/3.jpg,Pattern symbols,0.0002,23,5.630383014678955
data/整理的数据-常用_副本/库淑兰-data-处理后/Pattern_symbols/SquareAuspiciousCloud/3.jpg,Pattern symbols,0.0005,16,5.728760242462158
data/整理的数据-常用_副本/库淑兰-data-处理后/Pattern_symbols/SquareAuspiciousCloud/3.jpg,Pattern symbols,0.001,15,5.7366557121276855
data/整理的数据-常用_副本/库淑兰-data-处理后/Pattern_symbols/SquareAuspiciousCloud/3.jpg,Pattern symbols,0.002,11,7.202247619628906
data/整理的数据-常用_副本/库淑兰-data-处理后/Pattern_symbols/SquareAuspiciousCloud/3.jpg,Pattern symbols,0.005,7,12.080531120300293
data/整理的数据-常用_副本/库淑兰-data-处理后/Pattern_symbols/SquareAuspiciousCloud/3.jpg,Pattern symbols,0.01,5,17.64546012878418
data/整理的数据-常用_副本/库淑兰-data-处理后/Pattern_symbols/SquareAuspiciousCloud/4.jpg,Pattern symbols,5e-05,27,3.111781120300293
data/整理的数据-常用_副本/库淑兰-data-处理后/Pattern_symbols/SquareAuspiciousCloud/4.jpg,Pattern symbols,0.0001,14,3.184627056121826
data/整理的数据-常用_副本/库淑兰-data-处理后/Pattern_symbols/SquareAuspiciousCloud/4.jpg,Pattern symbols,0.0002,13,3.1947076320648193
data/整理的数据-常用_副本/库淑兰-data-处理后/Pattern_symbols/SquareAuspiciousCloud/4.jpg,Pattern symbols,0.0005,11,3.2926645278930664
data/整理的数据-常用_副本/库淑兰-data-处理后/Pattern_symbols/SquareAuspiciousCloud/4.jpg,Pattern symbols,0.001,10,3.38869571685791
data/整理的数据-常用_副本/库淑兰-data-处理后/Pattern_symbols/SquareAuspiciousCloud/4.jpg,Pattern symbols,0.002,9,3.464771032333374
data/整理的数据-常用_副本/库淑兰-data-处理后/Pattern_symbols/SquareAuspiciousCloud/4.jpg,Pattern symbols,0.005,7,5.710200786590576
data/整理的数据-常用_副本/库淑兰-data-处理后/Pattern_symbols/SquareAuspiciousCloud/4.jpg,Pattern symbols,0.01,5,8.747025489807129
data/整理的数据-常用_副本/库淑兰-data-处理后/Pattern_symbols/SquareAuspiciousCloud/5.jpg,Pattern symbols,5e-05,37,3.9015591144561768
data/整理的数据-常用_副本/库淑兰-data-处理后/Pattern_symbols/SquareAuspiciousCloud/5.jpg,Pattern symbols,0.0001,26,3.9459705352783203
data/整理的数据-常用_副本/库淑兰-data-处理后/Pattern_symbols/SquareAuspiciousCloud/5.jpg,Pattern symbols,0.0002,25,3.950986385345459
data/整理的数据-常用_副本/库淑兰-data-处理后/Pattern_symbols/SquareAuspiciousCloud/5.jpg,Pattern symbols,0.0005,24,4.107109069824219
data/整理的数据-常用_副本/库淑兰-data-处理后/Pattern_symbols/SquareAuspiciousCloud/5.jpg,Pattern symbols,0.001,19,5.3481645584106445
data/整理的数据-常用_副本/库淑兰-data-处理后/Pattern_symbols/SquareAuspiciousCloud/5.jpg,Pattern symbols,0.002,17,5.512093544006348
data/整理的数据-常用_副本/库淑兰-data-处理后/Pattern_symbols/SquareAuspiciousCloud/5.jpg,Pattern symbols,0.005,9,15.102704048156738
data/整理的数据-常用_副本/库淑兰-data-处理后/Pattern_symbols/SquareAuspiciousCloud/5.jpg,Pattern symbols,0.01,4,28.519094467163086
data/整理的数据-常用_副本/库淑兰-data-处理后/Pattern_symbols/StringofCoins/1.jpg,Pattern symbols,5e-05,14,4.996340274810791
data/整理的数据-常用_副本/库淑兰-data-处理后/Pattern_symbols/StringofCoins/1.jpg,Pattern symbols,0.0001,13,5.012290000915527
data/整理的数据-常用_副本/库淑兰-data-处理后/Pattern_symbols/StringofCoins/1.jpg,Pattern symbols,0.0002,12,5.059648036956787
data/整理的数据-常用_副本/库淑兰-data-处理后/Pattern_symbols/StringofCoins/1.jpg,Pattern symbols,0.0005,12,5.059648036956787
data/整理的数据-常用_副本/库淑兰-data-处理后/Pattern_symbols/StringofCoins/1.jpg,Pattern symbols,0.001,12,5.059648036956787
data/整理的数据-常用_副本/库淑兰-data-处理后/Pattern_symbols/StringofCoins/1.jpg,Pattern symbols,0.002,12,5.059648036956787
data/整理的数据-常用_副本/库淑兰-data-处理后/Pattern_symbols/StringofCoins/1.jpg,Pattern symbols,0.005,9,7.2671966552734375
data/整理的数据-常用_副本/库淑兰-data-处理后/Pattern_symbols/StringofCoins/1.jpg,Pattern symbols,0.01,3,12.576373100280762
data/整理的数据-常用_副本/库淑兰-data-处理后/Pattern_symbols/StringofCoins/2.jpg,Pattern symbols,5e-05,39,4.973381996154785
data/整理的数据-常用_副本/库淑兰-data-处理后/Pattern_symbols/StringofCoins/2.jpg,Pattern symbols,0.0001,24,5.03799295425415
data/整理的数据-常用_副本/库淑兰-data-处理后/Pattern_symbols/StringofCoins/2.jpg,Pattern symbols,0.0002,19,5.063647270202637
data/整理的数据-常用_副本/库淑兰-data-处理后/Pattern_symbols/StringofCoins/2.jpg,Pattern symbols,0.0005,12,5.2505035400390625
data/整理的数据-常用_副本/库淑兰-data-处理后/Pattern_symbols/StringofCoins/2.jpg,Pattern symbols,0.001,11,5.3505377769470215
data/整理的数据-常用_副本/库淑兰-data-处理后/Pattern_symbols/StringofCoins/2.jpg,Pattern symbols,0.002,9,5.57072114944458
data/整理的数据-常用_副本/库淑兰-data-处理后/Pattern_symbols/StringofCoins/2.jpg,Pattern symbols,0.005,9,5.57072114944458
data/整理的数据-常用_副本/库淑兰-data-处理后/Pattern_symbols/StringofCoins/2.jpg,Pattern symbols,0.01,4,12.448697090148926
data/整理的数据-常用_副本/库淑兰-data-处理后/Pattern_symbols/StringofCoins/3.jpg,Pattern symbols,5e-05,12,3.6079206466674805
data/整理的数据-常用_副本/库淑兰-data-处理后/Pattern_symbols/StringofCoins/3.jpg,Pattern symbols,0.0001,12,3.6079206466674805
data/整理的数据-常用_副本/库淑兰-data-处理后/Pattern_symbols/StringofCoins/3.jpg,Pattern symbols,0.0002,9,3.6405673027038574
data/整理的数据-常用_副本/库淑兰-data-处理后/Pattern_symbols/StringofCoins/3.jpg,Pattern symbols,0.0005,6,3.747967004776001
data/整理的数据-常用_副本/库淑兰-data-处理后/Pattern_symbols/StringofCoins/3.jpg,Pattern symbols,0.001,6,3.747967004776001
data/整理的数据-常用_副本/库淑兰-data-处理后/Pattern_symbols/StringofCoins/3.jpg,Pattern symbols,0.002,6,3.747967004776001
data/整理的数据-常用_副本/库淑兰-data-处理后/Pattern_symbols/StringofCoins/3.jpg,Pattern symbols,0.005,6,3.747967004776001
data/整理的数据-常用_副本/库淑兰-data-处理后/Pattern_symbols/StringofCoins/3.jpg,Pattern symbols,0.01,1,7.469365119934082
data/整理的数据-常用_副本/库淑兰-data-处理后/Pattern_symbols/StringofCoins/4.jpg,Pattern symbols,5e-05,17,6.217157363891602
data/整理的数据-常用_副本/库淑兰-data-处理后/Pattern_symbols/StringofCoins/4.jpg,Pattern symbols,0.0001,11,6.5876007080078125
data/整理的数据-常用_副本/库淑兰-data-处理后/Pattern_symbols/StringofCoins/4.jpg,Pattern symbols,0.0002,10,6.651886463165283
data/整理的数据-常用_副本/库淑兰-data-处理后/Pattern_symbols/StringofCoins/4.jpg,Pattern symbols,0.0005,10,6.651886463165283
data/整理的数据-常用_副本/库淑兰-data-处理后/Pattern_symbols/StringofCoins/4.jpg,Pattern symbols,0.001,10,6.651886463165283
data/整理的数据-常用_副本/库淑兰-data-处理后/Pattern_symbols/StringofCoins/4.jpg,Pattern symbols,0.002,9,11.284917831420898
data/整理的数据-常用_副本/库淑兰-data-处理后/Pattern_symbols/StringofCoins/4.jpg,Pattern symbols,0.005,0,87.18714141845703
data/整理的数据-常用_副本/库淑兰-data-处理后/Pattern_symbols/StringofCoins/4.jpg,Pattern symbols,0.01,0,87.18714141845703
data/整理的数据-常用_副本/库淑兰-data-处理后/Pattern_symbols/StringofCoins/5.jpg,Pattern symbols,5e-05,17,4.245514392852783
data/整理的数据-常用_副本/库淑兰-data-处理后/Pattern_symbols/StringofCoins/5.jpg,Pattern symbols,0.0001,17,4.245514392852783
data/整理的数据-常用_副本/库淑兰-data-处理后/Pattern_symbols/StringofCoins/5.jpg,Pattern symbols,0.0002,15,4.256021976470947
data/整理的数据-常用_副本/库淑兰-data-处理后/Pattern_symbols/StringofCoins/5.jpg,Pattern symbols,0.0005,14,4.262793064117432
data/整理的数据-常用_副本/库淑兰-data-处理后/Pattern_symbols/StringofCoins/5.jpg,Pattern symbols,0.001,14,4.262793064117432
data/整理的数据-常用_副本/库淑兰-data-处理后/Pattern_symbols/StringofCoins/5.jpg,Pattern symbols,0.002,12,4.716375827789307
data/整理的数据-常用_副本/库淑兰-data-处理后/Pattern_symbols/StringofCoins/5.jpg,Pattern symbols,0.005,9,7.2493577003479
data/整理的数据-常用_副本/库淑兰-data-处理后/Pattern_symbols/StringofCoins/5.jpg,Pattern symbols,0.01,3,14.009848594665527
data/整理的数据-常用_副本/库淑兰-data-处理后/Pattern_symbols/Sun/1.jpg,Pattern symbols,5e-05,5,4.766048908233643
data/整理的数据-常用_副本/库淑兰-data-处理后/Pattern_symbols/Sun/1.jpg,Pattern symbols,0.0001,3,4.7796711921691895
data/整理的数据-常用_副本/库淑兰-data-处理后/Pattern_symbols/Sun/1.jpg,Pattern symbols,0.0002,2,4.788218975067139
data/整理的数据-常用_副本/库淑兰-data-处理后/Pattern_symbols/Sun/1.jpg,Pattern symbols,0.0005,2,4.788218975067139
data/整理的数据-常用_副本/库淑兰-data-处理后/Pattern_symbols/Sun/1.jpg,Pattern symbols,0.001,2,4.788218975067139
data/整理的数据-常用_副本/库淑兰-data-处理后/Pattern_symbols/Sun/1.jpg,Pattern symbols,0.002,2,4.788218975067139
data/整理的数据-常用_副本/库淑兰-data-处理后/Pattern_symbols/Sun/1.jpg,Pattern symbols,0.005,2,4.788218975067139
data/整理的数据-常用_副本/库淑兰-data-处理后/Pattern_symbols/Sun/1.jpg,Pattern symbols,0.01,2,4.788218975067139
data/整理的数据-常用_副本/库淑兰-data-处理后/Pattern_symbols/Sun/2.jpg,Pattern symbols,5e-05,4,3.952364206314087
data/整理的数据-常用_副本/库淑兰-data-处理后/Pattern_symbols/Sun/2.jpg,Pattern symbols,0.0001,2,3.9680206775665283
data/整理的数据-常用_副本/库淑兰-data-处理后/Pattern_symbols/Sun/2.jpg,Pattern symbols,0.0002,2,3.9680206775665283
data/整理的数据-常用_副本/库淑兰-data-处理后/Pattern_symbols/Sun/2.jpg,Pattern symbols,0.0005,2,3.9680206775665283
data/整理的数据-常用_副本/库淑兰-data-处理后/Pattern_symbols/Sun/2.jpg,Pattern symbols,0.001,2,3.9680206775665283
data/整理的数据-常用_副本/库淑兰-data-处理后/Pattern_symbols/Sun/2.jpg,Pattern symbols,0.002,2,3.9680206775665283
data/整理的数据-常用_副本/库淑兰-data-处理后/Pattern_symbols/Sun/2.jpg,Pattern symbols,0.005,2,3.9680206775665283
data/整理的数据-常用_副本/库淑兰-data-处理后/Pattern_symbols/Sun/2.jpg,Pattern symbols,0.01,2,3.9680206775665283
data/整理的数据-常用_副本/库淑兰-data-处理后/Pattern_symbols/Sun/3.jpg,Pattern symbols,5e-05,27,5.910135269165039
data/整理的数据-常用_副本/库淑兰-data-处理后/Pattern_symbols/Sun/3.jpg,Pattern symbols,0.0001,9,6.019724369049072
data/整理的数据-常用_副本/库淑兰-data-处理后/Pattern_symbols/Sun/3.jpg,Pattern symbols,0.0002,8,6.05388879776001
data/整理的数据-常用_副本/库淑兰-data-处理后/Pattern_symbols/Sun/3.jpg,Pattern symbols,0.0005,6,6.275879383087158
data/整理的数据-常用_副本/库淑兰-data-处理后/Pattern_symbols/Sun/3.jpg,Pattern symbols,0.001,5,6.413506507873535
data/整理的数据-常用_副本/库淑兰-data-处理后/Pattern_symbols/Sun/3.jpg,Pattern symbols,0.002,4,6.686573028564453
data/整理的数据-常用_副本/库淑兰-data-处理后/Pattern_symbols/Sun/3.jpg,Pattern symbols,0.005,3,7.223332405090332
data/整理的数据-常用_副本/库淑兰-data-处理后/Pattern_symbols/Sun/3.jpg,Pattern symbols,0.01,2,8.69058895111084
data/整理的数据-常用_副本/库淑兰-data-处理后/Pattern_symbols/Sun/4.jpg,Pattern symbols,5e-05,4,5.633039951324463
data/整理的数据-常用_副本/库淑兰-data-处理后/Pattern_symbols/Sun/4.jpg,Pattern symbols,0.0001,4,5.633039951324463
data/整理的数据-常用_副本/库淑兰-data-处理后/Pattern_symbols/Sun/4.jpg,Pattern symbols,0.0002,3,5.664205551147461
data/整理的数据-常用_副本/库淑兰-data-处理后/Pattern_symbols/Sun/4.jpg,Pattern symbols,0.0005,3,5.664205551147461
data/整理的数据-常用_副本/库淑兰-data-处理后/Pattern_symbols/Sun/4.jpg,Pattern symbols,0.001,3,5.664205551147461
data/整理的数据-常用_副本/库淑兰-data-处理后/Pattern_symbols/Sun/4.jpg,Pattern symbols,0.002,3,5.664205551147461
data/整理的数据-常用_副本/库淑兰-data-处理后/Pattern_symbols/Sun/4.jpg,Pattern symbols,0.005,3,5.664205551147461
data/整理的数据-常用_副本/库淑兰-data-处理后/Pattern_symbols/Sun/4.jpg,Pattern symbols,0.01,3,5.664205551147461
data/整理的数据-常用_副本/库淑兰-data-处理后/Pattern_symbols/Sun/5.jpg,Pattern symbols,5e-05,16,12.247880935668945
data/整理的数据-常用_副本/库淑兰-data-处理后/Pattern_symbols/Sun/5.jpg,Pattern symbols,0.0001,5,12.272859573364258
data/整理的数据-常用_副本/库淑兰-data-处理后/Pattern_symbols/Sun/5.jpg,Pattern symbols,0.0002,5,12.272859573364258
data/整理的数据-常用_副本/库淑兰-data-处理后/Pattern_symbols/Sun/5.jpg,Pattern symbols,0.0005,5,12.272859573364258
data/整理的数据-常用_副本/库淑兰-data-处理后/Pattern_symbols/Sun/5.jpg,Pattern symbols,0.001,5,12.272859573364258
data/整理的数据-常用_副本/库淑兰-data-处理后/Pattern_symbols/Sun/5.jpg,Pattern symbols,0.002,5,12.272859573364258
data/整理的数据-常用_副本/库淑兰-data-处理后/Pattern_symbols/Sun/5.jpg,Pattern symbols,0.005,5,12.272859573364258
data/整理的数据-常用_副本/库淑兰-data-处理后/Pattern_symbols/Sun/5.jpg,Pattern symbols,0.01,5,12.272859573364258
data/整理的数据-常用_副本/库淑兰-data-处理后/Pattern_symbols/Sun/6.jpg,Pattern symbols,5e-05,39,5.985432147979736
data/整理的数据-常用_副本/库淑兰-data-处理后/Pattern_symbols/Sun/6.jpg,Pattern symbols,0.0001,27,6.049823760986328
data/整理的数据-常用_副本/库淑兰-data-处理后/Pattern_symbols/Sun/6.jpg,Pattern symbols,0.0002,16,6.349467754364014
data/整理的数据-常用_副本/库淑兰-data-处理后/Pattern_symbols/Sun/6.jpg,Pattern symbols,0.0005,11,6.642773151397705
data/整理的数据-常用_副本/库淑兰-data-处理后/Pattern_symbols/Sun/6.jpg,Pattern symbols,0.001,10,6.773314476013184
data/整理的数据-常用_副本/库淑兰-data-处理后/Pattern_symbols/Sun/6.jpg,Pattern symbols,0.002,6,8.048493385314941
data/整理的数据-常用_副本/库淑兰-data-处理后/Pattern_symbols/Sun/6.jpg,Pattern symbols,0.005,4,10.005775451660156
data/整理的数据-常用_副本/库淑兰-data-处理后/Pattern_symbols/Sun/6.jpg,Pattern symbols,0.01,1,14.513204574584961
data/整理的数据-常用_副本/库淑兰-data-处理后/Pattern_symbols/Tree/1.jpg,Pattern symbols,5e-05,17,6.494125843048096
data/整理的数据-常用_副本/库淑兰-data-处理后/Pattern_symbols/Tree/1.jpg,Pattern symbols,0.0001,16,6.544239044189453
data/整理的数据-常用_副本/库淑兰-data-处理后/Pattern_symbols/Tree/1.jpg,Pattern symbols,0.0002,16,6.544239044189453
data/整理的数据-常用_副本/库淑兰-data-处理后/Pattern_symbols/Tree/1.jpg,Pattern symbols,0.0005,16,6.544239044189453
data/整理的数据-常用_副本/库淑兰-data-处理后/Pattern_symbols/Tree/1.jpg,Pattern symbols,0.001,10,7.404820919036865
data/整理的数据-常用_副本/库淑兰-data-处理后/Pattern_symbols/Tree/1.jpg,Pattern symbols,0.002,5,8.710948944091797
data/整理的数据-常用_副本/库淑兰-data-处理后/Pattern_symbols/Tree/1.jpg,Pattern symbols,0.005,3,12.213582038879395
data/整理的数据-常用_副本/库淑兰-data-处理后/Pattern_symbols/Tree/1.jpg,Pattern symbols,0.01,3,18.278057098388672
data/整理的数据-常用_副本/库淑兰-data-处理后/Pattern_symbols/Tree/2.jpg,Pattern symbols,5e-05,1,2.501272439956665
data/整理的数据-常用_副本/库淑兰-data-处理后/Pattern_symbols/Tree/2.jpg,Pattern symbols,0.0001,1,2.501272439956665
data/整理的数据-常用_副本/库淑兰-data-处理后/Pattern_symbols/Tree/2.jpg,Pattern symbols,0.0002,1,2.501272439956665
data/整理的数据-常用_副本/库淑兰-data-处理后/Pattern_symbols/Tree/2.jpg,Pattern symbols,0.0005,1,2.501272439956665
data/整理的数据-常用_副本/库淑兰-data-处理后/Pattern_symbols/Tree/2.jpg,Pattern symbols,0.001,1,2.501272439956665
data/整理的数据-常用_副本/库淑兰-data-处理后/Pattern_symbols/Tree/2.jpg,Pattern symbols,0.002,1,2.5157105922698975
data/整理的数据-常用_副本/库淑兰-data-处理后/Pattern_symbols/Tree/2.jpg,Pattern symbols,0.005,1,2.5351622104644775
data/整理的数据-常用_副本/库淑兰-data-处理后/Pattern_symbols/Tree/2.jpg,Pattern symbols,0.01,1,2.5351622104644775
data/整理的数据-常用_副本/库淑兰-data-处理后/Pattern_symbols/Tree/3.jpg,Pattern symbols,5e-05,4,4.470056533813477
data/整理的数据-常用_副本/库淑兰-data-处理后/Pattern_symbols/Tree/3.jpg,Pattern symbols,0.0001,4,4.470056533813477
data/整理的数据-常用_副本/库淑兰-data-处理后/Pattern_symbols/Tree/3.jpg,Pattern symbols,0.0002,4,4.470056533813477
data/整理的数据-常用_副本/库淑兰-data-处理后/Pattern_symbols/Tree/3.jpg,Pattern symbols,0.0005,4,4.470056533813477
data/整理的数据-常用_副本/库淑兰-data-处理后/Pattern_symbols/Tree/3.jpg,Pattern symbols,0.001,4,4.470056533813477
data/整理的数据-常用_副本/库淑兰-data-处理后/Pattern_symbols/Tree/3.jpg,Pattern symbols,0.002,4,4.470056533813477
data/整理的数据-常用_副本/库淑兰-data-处理后/Pattern_symbols/Tree/3.jpg,Pattern symbols,0.005,4,4.470056533813477
data/整理的数据-常用_副本/库淑兰-data-处理后/Pattern_symbols/Tree/3.jpg,Pattern symbols,0.01,1,9.974498748779297
data/整理的数据-常用_副本/库淑兰-data-处理后/Pattern_symbols/Tree/4.jpg,Pattern symbols,5e-05,10,6.464740753173828
data/整理的数据-常用_副本/库淑兰-data-处理后/Pattern_symbols/Tree/4.jpg,Pattern symbols,0.0001,7,6.531985282897949
data/整理的数据-常用_副本/库淑兰-data-处理后/Pattern_symbols/Tree/4.jpg,Pattern symbols,0.0002,7,6.533698558807373
data/整理的数据-常用_副本/库淑兰-data-处理后/Pattern_symbols/Tree/4.jpg,Pattern symbols,0.0005,7,6.533698558807373
data/整理的数据-常用_副本/库淑兰-data-处理后/Pattern_symbols/Tree/4.jpg,Pattern symbols,0.001,7,6.580037593841553
data/整理的数据-常用_副本/库淑兰-data-处理后/Pattern_symbols/Tree/4.jpg,Pattern symbols,0.002,1,8.1516752243042
data/整理的数据-常用_副本/库淑兰-data-处理后/Pattern_symbols/Tree/4.jpg,Pattern symbols,0.005,1,8.191304206848145
data/整理的数据-常用_副本/库淑兰-data-处理后/Pattern_symbols/Tree/4.jpg,Pattern symbols,0.01,1,8.191304206848145
data/整理的数据-常用_副本/库淑兰-data-处理后/Pattern_symbols/Tree/5.jpg,Pattern symbols,5e-05,15,5.1434149742126465
data/整理的数据-常用_副本/库淑兰-data-处理后/Pattern_symbols/Tree/5.jpg,Pattern symbols,0.0001,14,5.148006439208984
data/整理的数据-常用_副本/库淑兰-data-处理后/Pattern_symbols/Tree/5.jpg,Pattern symbols,0.0002,14,5.148006439208984
data/整理的数据-常用_副本/库淑兰-data-处理后/Pattern_symbols/Tree/5.jpg,Pattern symbols,0.0005,14,5.165585517883301
data/整理的数据-常用_副本/库淑兰-data-处理后/Pattern_symbols/Tree/5.jpg,Pattern symbols,0.001,14,5.195277690887451
data/整理的数据-常用_副本/库淑兰-data-处理后/Pattern_symbols/Tree/5.jpg,Pattern symbols,0.002,14,5.272039413452148
data/整理的数据-常用_副本/库淑兰-data-处理后/Pattern_symbols/Tree/5.jpg,Pattern symbols,0.005,13,7.411163806915283
data/整理的数据-常用_副本/库淑兰-data-处理后/Pattern_symbols/Tree/5.jpg,Pattern symbols,0.01,2,20.76922607421875
data/整理的数据-常用_副本/库淑兰-data-处理后/Pattern_symbols/Tree/6.jpg,Pattern symbols,5e-05,85,12.359465599060059
data/整理的数据-常用_副本/库淑兰-data-处理后/Pattern_symbols/Tree/6.jpg,Pattern symbols,0.0001,73,12.390066146850586
data/整理的数据-常用_副本/库淑兰-data-处理后/Pattern_symbols/Tree/6.jpg,Pattern symbols,0.0002,64,12.43726921081543
data/整理的数据-常用_副本/库淑兰-data-处理后/Pattern_symbols/Tree/6.jpg,Pattern symbols,0.0005,56,12.622272491455078
data/整理的数据-常用_副本/库淑兰-data-处理后/Pattern_symbols/Tree/6.jpg,Pattern symbols,0.001,49,12.900901794433594
data/整理的数据-常用_副本/库淑兰-data-处理后/Pattern_symbols/Tree/6.jpg,Pattern symbols,0.002,10,16.698715209960938
data/整理的数据-常用_副本/库淑兰-data-处理后/Pattern_symbols/Tree/6.jpg,Pattern symbols,0.005,3,19.534889221191406
data/整理的数据-常用_副本/库淑兰-data-处理后/Pattern_symbols/Tree/6.jpg,Pattern symbols,0.01,1,26.958919525146484
data/整理的数据-常用_副本/库淑兰-data-处理后/Pattern_symbols/Tree/7.jpg,Pattern symbols,5e-05,89,6.977272033691406
data/整理的数据-常用_副本/库淑兰-data-处理后/Pattern_symbols/Tree/7.jpg,Pattern symbols,0.0001,81,7.092494964599609
data/整理的数据-常用_副本/库淑兰-data-处理后/Pattern_symbols/Tree/7.jpg,Pattern symbols,0.0002,73,7.30647611618042
data/整理的数据-常用_副本/库淑兰-data-处理后/Pattern_symbols/Tree/7.jpg,Pattern symbols,0.0005,62,7.855510711669922
data/整理的数据-常用_副本/库淑兰-data-处理后/Pattern_symbols/Tree/7.jpg,Pattern symbols,0.001,49,9.22667407989502
data/整理的数据-常用_副本/库淑兰-data-处理后/Pattern_symbols/Tree/7.jpg,Pattern symbols,0.002,17,17.92167091369629
data/整理的数据-常用_副本/库淑兰-data-处理后/Pattern_symbols/Tree/7.jpg,Pattern symbols,0.005,9,22.854778289794922
data/整理的数据-常用_副本/库淑兰-data-处理后/Pattern_symbols/Tree/7.jpg,Pattern symbols,0.01,7,25.864850997924805
data/整理的数据-常用_副本/库淑兰-data-处理后/Pattern_symbols/Water/1.jpg,Pattern symbols,5e-05,4,8.202047348022461
data/整理的数据-常用_副本/库淑兰-data-处理后/Pattern_symbols/Water/1.jpg,Pattern symbols,0.0001,4,8.202047348022461
data/整理的数据-常用_副本/库淑兰-data-处理后/Pattern_symbols/Water/1.jpg,Pattern symbols,0.0002,4,8.202047348022461
data/整理的数据-常用_副本/库淑兰-data-处理后/Pattern_symbols/Water/1.jpg,Pattern symbols,0.0005,4,8.202047348022461
data/整理的数据-常用_副本/库淑兰-data-处理后/Pattern_symbols/Water/1.jpg,Pattern symbols,0.001,4,8.202047348022461
data/整理的数据-常用_副本/库淑兰-data-处理后/Pattern_symbols/Water/1.jpg,Pattern symbols,0.002,4,8.202047348022461
data/整理的数据-常用_副本/库淑兰-data-处理后/Pattern_symbols/Water/1.jpg,Pattern symbols,0.005,4,8.202047348022461
data/整理的数据-常用_副本/库淑兰-data-处理后/Pattern_symbols/Water/1.jpg,Pattern symbols,0.01,4,8.202047348022461
data/整理的数据-常用_副本/库淑兰-data-处理后/Pattern_symbols/Water/2.jpg,Pattern symbols,5e-05,3,7.798315525054932
data/整理的数据-常用_副本/库淑兰-data-处理后/Pattern_symbols/Water/2.jpg,Pattern symbols,0.0001,3,7.798315525054932
data/整理的数据-常用_副本/库淑兰-data-处理后/Pattern_symbols/Water/2.jpg,Pattern symbols,0.0002,3,7.798315525054932
data/整理的数据-常用_副本/库淑兰-data-处理后/Pattern_symbols/Water/2.jpg,Pattern symbols,0.0005,3,7.798315525054932
data/整理的数据-常用_副本/库淑兰-data-处理后/Pattern_symbols/Water/2.jpg,Pattern symbols,0.001,3,7.798315525054932
data/整理的数据-常用_副本/库淑兰-data-处理后/Pattern_symbols/Water/2.jpg,Pattern symbols,0.002,3,7.798315525054932
data/整理的数据-常用_副本/库淑兰-data-处理后/Pattern_symbols/Water/2.jpg,Pattern symbols,0.005,3,7.798315525054932
data/整理的数据-常用_副本/库淑兰-data-处理后/Pattern_symbols/Water/2.jpg,Pattern symbols,0.01,3,7.798315525054932
data/整理的数据-常用_副本/库淑兰-data-处理后/Pattern_symbols/Water/3.jpg,Pattern symbols,5e-05,5,7.7290496826171875
data/整理的数据-常用_副本/库淑兰-data-处理后/Pattern_symbols/Water/3.jpg,Pattern symbols,0.0001,3,7.735753536224365
data/整理的数据-常用_副本/库淑兰-data-处理后/Pattern_symbols/Water/3.jpg,Pattern symbols,0.0002,3,7.735753536224365
data/整理的数据-常用_副本/库淑兰-data-处理后/Pattern_symbols/Water/3.jpg,Pattern symbols,0.0005,3,7.735753536224365
data/整理的数据-常用_副本/库淑兰-data-处理后/Pattern_symbols/Water/3.jpg,Pattern symbols,0.001,3,7.735753536224365
data/整理的数据-常用_副本/库淑兰-data-处理后/Pattern_symbols/Water/3.jpg,Pattern symbols,0.002,3,7.735753536224365
data/整理的数据-常用_副本/库淑兰-data-处理后/Pattern_symbols/Water/3.jpg,Pattern symbols,0.005,3,7.735753536224365
data/整理的数据-常用_副本/库淑兰-data-处理后/Pattern_symbols/Water/3.jpg,Pattern symbols,0.01,3,7.735753536224365
data/整理的数据-常用_副本/库淑兰-data-处理后/Pattern_symbols/Water/4.jpg,Pattern symbols,5e-05,4,10.594168663024902
data/整理的数据-常用_副本/库淑兰-data-处理后/Pattern_symbols/Water/4.jpg,Pattern symbols,0.0001,4,10.594168663024902
data/整理的数据-常用_副本/库淑兰-data-处理后/Pattern_symbols/Water/4.jpg,Pattern symbols,0.0002,4,10.594168663024902
data/整理的数据-常用_副本/库淑兰-data-处理后/Pattern_symbols/Water/4.jpg,Pattern symbols,0.0005,4,10.594168663024902
data/整理的数据-常用_副本/库淑兰-data-处理后/Pattern_symbols/Water/4.jpg,Pattern symbols,0.001,4,10.594168663024902
data/整理的数据-常用_副本/库淑兰-data-处理后/Pattern_symbols/Water/4.jpg,Pattern symbols,0.002,4,10.594168663024902
data/整理的数据-常用_副本/库淑兰-data-处理后/Pattern_symbols/Water/4.jpg,Pattern symbols,0.005,4,10.594168663024902
data/整理的数据-常用_副本/库淑兰-data-处理后/Pattern_symbols/Water/4.jpg,Pattern symbols,0.01,4,10.594168663024902
data/整理的数据-常用_副本/库淑兰-data-处理后/Pattern_symbols/Wind/1.jpg,Pattern symbols,5e-05,18,3.0157434940338135
data/整理的数据-常用_副本/库淑兰-data-处理后/Pattern_symbols/Wind/1.jpg,Pattern symbols,0.0001,16,3.035595178604126
data/整理的数据-常用_副本/库淑兰-data-处理后/Pattern_symbols/Wind/1.jpg,Pattern symbols,0.0002,12,3.12168025970459
data/整理的数据-常用_副本/库淑兰-data-处理后/Pattern_symbols/Wind/1.jpg,Pattern symbols,0.0005,11,3.175814628601074
data/整理的数据-常用_副本/库淑兰-data-处理后/Pattern_symbols/Wind/1.jpg,Pattern symbols,0.001,9,3.5795485973358154
data/整理的数据-常用_副本/库淑兰-data-处理后/Pattern_symbols/Wind/1.jpg,Pattern symbols,0.002,6,4.035639762878418
data/整理的数据-常用_副本/库淑兰-data-处理后/Pattern_symbols/Wind/1.jpg,Pattern symbols,0.005,1,8.117409706115723
data/整理的数据-常用_副本/库淑兰-data-处理后/Pattern_symbols/Wind/1.jpg,Pattern symbols,0.01,1,8.117409706115723
data/整理的数据-常用_副本/库淑兰-data-处理后/Pattern_symbols/Wind/2.jpg,Pattern symbols,5e-05,18,3.7375524044036865
data/整理的数据-常用_副本/库淑兰-data-处理后/Pattern_symbols/Wind/2.jpg,Pattern symbols,0.0001,13,3.7569100856781006
data/整理的数据-常用_副本/库淑兰-data-处理后/Pattern_symbols/Wind/2.jpg,Pattern symbols,0.0002,12,3.7646920680999756
data/整理的数据-常用_副本/库淑兰-data-处理后/Pattern_symbols/Wind/2.jpg,Pattern symbols,0.0005,12,3.7646920680999756
data/整理的数据-常用_副本/库淑兰-data-处理后/Pattern_symbols/Wind/2.jpg,Pattern symbols,0.001,9,4.075049877166748
data/整理的数据-常用_副本/库淑兰-data-处理后/Pattern_symbols/Wind/2.jpg,Pattern symbols,0.002,7,4.308679580688477
data/整理的数据-常用_副本/库淑兰-data-处理后/Pattern_symbols/Wind/2.jpg,Pattern symbols,0.005,7,4.308679580688477
data/整理的数据-常用_副本/库淑兰-data-处理后/Pattern_symbols/Wind/2.jpg,Pattern symbols,0.01,5,8.261520385742188
data/整理的数据-常用_副本/库淑兰-data-处理后/Pattern_symbols/Wind/3.jpg,Pattern symbols,5e-05,21,3.7986183166503906
data/整理的数据-常用_副本/库淑兰-data-处理后/Pattern_symbols/Wind/3.jpg,Pattern symbols,0.0001,16,3.8483781814575195
data/整理的数据-常用_副本/库淑兰-data-处理后/Pattern_symbols/Wind/3.jpg,Pattern symbols,0.0002,13,3.913259744644165
data/整理的数据-常用_副本/库淑兰-data-处理后/Pattern_symbols/Wind/3.jpg,Pattern symbols,0.0005,12,3.984027862548828
data/整理的数据-常用_副本/库淑兰-data-处理后/Pattern_symbols/Wind/3.jpg,Pattern symbols,0.001,11,4.221324920654297
data/整理的数据-常用_副本/库淑兰-data-处理后/Pattern_symbols/Wind/3.jpg,Pattern symbols,0.002,8,5.0406813621521
data/整理的数据-常用_副本/库淑兰-data-处理后/Pattern_symbols/Wind/3.jpg,Pattern symbols,0.005,5,7.457744121551514
data/整理的数据-常用_副本/库淑兰-data-处理后/Pattern_symbols/Wind/3.jpg,Pattern symbols,0.01,1,14.18556022644043
data/整理的数据-常用_副本/库淑兰-data-处理后/Pattern_symbols/Wind/4.jpg,Pattern symbols,5e-05,12,5.598275184631348
data/整理的数据-常用_副本/库淑兰-data-处理后/Pattern_symbols/Wind/4.jpg,Pattern symbols,0.0001,11,5.605489730834961
data/整理的数据-常用_副本/库淑兰-data-处理后/Pattern_symbols/Wind/4.jpg,Pattern symbols,0.0002,11,5.605489730834961
data/整理的数据-常用_副本/库淑兰-data-处理后/Pattern_symbols/Wind/4.jpg,Pattern symbols,0.0005,7,5.670182228088379
data/整理的数据-常用_副本/库淑兰-data-处理后/Pattern_symbols/Wind/4.jpg,Pattern symbols,0.001,6,5.694699764251709
data/整理的数据-常用_副本/库淑兰-data-处理后/Pattern_symbols/Wind/4.jpg,Pattern symbols,0.002,6,5.694699764251709
data/整理的数据-常用_副本/库淑兰-data-处理后/Pattern_symbols/Wind/4.jpg,Pattern symbols,0.005,6,5.694699764251709
data/整理的数据-常用_副本/库淑兰-data-处理后/Pattern_symbols/Wind/4.jpg,Pattern symbols,0.01,4,10.081636428833008
data/整理的数据-常用_副本/库淑兰-data-处理后/Pattern_symbols/Wind/5.jpg,Pattern symbols,5e-05,40,5.593054294586182
data/整理的数据-常用_副本/库淑兰-data-处理后/Pattern_symbols/Wind/5.jpg,Pattern symbols,0.0001,37,5.658962726593018
data/整理的数据-常用_副本/库淑兰-data-处理后/Pattern_symbols/Wind/5.jpg,Pattern symbols,0.0002,35,5.752936363220215
data/整理的数据-常用_副本/库淑兰-data-处理后/Pattern_symbols/Wind/5.jpg,Pattern symbols,0.0005,30,6.314262390136719
data/整理的数据-常用_副本/库淑兰-data-处理后/Pattern_symbols/Wind/5.jpg,Pattern symbols,0.001,21,7.5278449058532715
data/整理的数据-常用_副本/库淑兰-data-处理后/Pattern_symbols/Wind/5.jpg,Pattern symbols,0.002,12,12.520612716674805
data/整理的数据-常用_副本/库淑兰-data-处理后/Pattern_symbols/Wind/5.jpg,Pattern symbols,0.005,5,16.84101104736328
data/整理的数据-常用_副本/库淑兰-data-处理后/Pattern_symbols/Wind/5.jpg,Pattern symbols,0.01,4,19.217546463012695
data/整理的数据-常用_副本/库淑兰-data-处理后/Pattern_symbols/Wind/6.jpg,Pattern symbols,5e-05,10,7.144413948059082
data/整理的数据-常用_副本/库淑兰-data-处理后/Pattern_symbols/Wind/6.jpg,Pattern symbols,0.0001,8,7.186579704284668
data/整理的数据-常用_副本/库淑兰-data-处理后/Pattern_symbols/Wind/6.jpg,Pattern symbols,0.0002,8,7.186579704284668
data/整理的数据-常用_副本/库淑兰-data-处理后/Pattern_symbols/Wind/6.jpg,Pattern symbols,0.0005,7,7.19268274307251
data/整理的数据-常用_副本/库淑兰-data-处理后/Pattern_symbols/Wind/6.jpg,Pattern symbols,0.001,7,7.19268274307251
data/整理的数据-常用_副本/库淑兰-data-处理后/Pattern_symbols/Wind/6.jpg,Pattern symbols,0.002,6,7.873226642608643
data/整理的数据-常用_副本/库淑兰-data-处理后/Pattern_symbols/Wind/6.jpg,Pattern symbols,0.005,2,14.694149017333984
data/整理的数据-常用_副本/库淑兰-data-处理后/Pattern_symbols/Wind/6.jpg,Pattern symbols,0.01,2,14.694149017333984
