file,variant,line_recall_t2,edge_prec_t2,edge_f1_t2,line_recall_t3,edge_prec_t3,edge_f1_t3,line_recall_t5,edge_prec_t5,edge_f1_t5,contour_f,sil_iou,decoration_density,method
ind_人物-16_s_seed0.png,raw,0.9034839924670434,0.4530066287878788,0.6034457314753418,0.9683380414312618,0.4941524621212121,0.6543722864204179,0.9957038606403014,0.5166193181818182,0.6802776771505142,0.0,0.30512712835000383,10.735064122614952,cutcraft
ind_人物-16_s_seed0.png,colour only,0.9054260828625236,0.4351767502832893,0.5878256715857395,0.9684557438794726,0.47528162285866643,0.6376356645222423,0.9937029190207156,0.49947785899971114,0.6647990836477813,0.0,0.3048896789550781,13.750390991554582,cutcraft
ind_人物-16_s_seed0.png,ground only,0.9034839924670434,0.7808929154423767,0.8377272873074184,0.9683380414312618,0.8518201110022854,0.9063496123530702,0.9957038606403014,0.8905892915442377,0.9402177968027263,0.22836660795871386,0.8531446069508983,10.735064122614952,cutcraft
ind_人物-16_s_seed0.png,colour + merge (no ground),0.6930908662900188,0.42987262257895653,0.5306330817178941,0.815677966101695,0.4700750305356831,0.5964284677155254,0.9364406779661016,0.49792357354737393,0.6501499020154942,0.0,0.3048896789550781,9.784172661870503,cutcraft
ind_人物-16_s_seed0.png,full projection,0.6931497175141242,0.7514369573193103,0.721117429323664,0.815677966101695,0.8217561452855571,0.8187057745489574,0.9364406779661016,0.8693286046227223,0.9016375189649221,0.2706994520305243,0.8570632274987704,9.784172661870503,cutcraft
ind_人物-16_s_seed1.png,raw,0.8717043314500942,0.4279550519178797,0.574073910744264,0.953566384180791,0.47373287184106966,0.6329937324119953,0.9957038606403014,0.49781897491821153,0.663773279423207,0.027732749051332103,0.5127608563952514,13.024710666249609,cutcraft
ind_人物-16_s_seed1.png,colour only,0.8662311676082862,0.41210433365031923,0.5585038008611711,0.9469750470809792,0.4563465108907304,0.6158941351411947,0.9941737288135594,0.4805506498211294,0.6479188088810963,0.025571211850203043,0.5305306106122123,13.938066937754144,cutcraft
ind_人物-16_s_seed1.png,ground only,0.8717043314500942,0.7712552337007604,0.8184090979850464,0.953566384180791,0.8537554473211997,0.9009048423878715,0.9957038606403014,0.8971631205673759,0.9438685249854082,0.20084605582206957,0.8575620913622338,13.024710666249609,cutcraft
ind_人物-16_s_seed1.png,colour + merge (no ground),0.6265889830508474,0.40132911617328265,0.4892771184037332,0.7465277777777778,0.4426241159955933,0.5557426253706447,0.862758945386064,0.4682824549557554,0.6070658311254197,0.0692279839850374,0.5721588154937646,10.34720050046919,cutcraft
ind_人物-16_s_seed1.png,full projection,0.6265889830508474,0.7371891115608068,0.6774043043426023,0.7465277777777778,0.8130426268033162,0.7783667908075212,0.862758945386064,0.8601736405770611,0.86146435332327,0.2404619591279816,0.8483502123489056,10.34720050046919,cutcraft
ind_人物-26_s_seed0.png,raw,0.9075440149503295,0.5419077217308153,0.6786084656233835,0.974131995672273,0.5930910829548172,0.7372900618083318,0.9975410642274024,0.6141047095386086,0.760210060389044,0.00742584677385406,0.6599094303195492,9.378562670739315,cutcraft
ind_人物-26_s_seed0.png,colour only,0.90705222779581,0.5565602061154051,0.6898399646830237,0.9706894855906364,0.6092071362597832,0.7485945011029225,0.9961148814792957,0.6317388556706043,0.7731462120718068,0.007178357496310445,0.6486273415425402,10.249736496805696,cutcraft
ind_人物-26_s_seed0.png,ground only,0.9075440149503295,0.8127352909540712,0.8575270847154765,0.974131995672273,0.8894984045032448,0.9298934551018724,0.9975410642274024,0.9210139471514108,0.9577512529592976,0.03412080259968021,0.8558199475307221,9.378562670739315,cutcraft
ind_人物-26_s_seed0.png,colour + merge (no ground),0.6644536244713288,0.5207805750037241,0.5839091392549218,0.787105340808498,0.5701623715179502,0.6612959899865035,0.9143306776826989,0.5944436168628036,0.7204762660859743,0.011587141244280707,0.6773497733665632,7.474886532297963,cutcraft
ind_人物-26_s_seed0.png,full projection,0.6644536244713288,0.7759405171457108,0.7158825131193877,0.787105340808498,0.8495172566862723,0.8171212726382819,0.9143306776826989,0.8856952613472423,0.8997851986115283,0.042174700586660896,0.860337470728163,7.474886532297963,cutcraft
ind_人物-26_s_seed1.png,raw,0.9285925051637651,0.5391436184875494,0.68219990673657,0.9818038752827776,0.5859138105301847,0.7338725013642097,0.99596734533294,0.6056004778094275,0.7532098129104324,0.03832206466232063,0.6433000976975257,8.9913743035987,cutcraft
ind_人物-26_s_seed1.png,colour only,0.9240188846267335,0.5271777777777777,0.6713386749596041,0.9786564374938527,0.5740444444444445,0.7236323460598935,0.9941477328612177,0.5948222222222223,0.7443075456346703,0.03720110497237569,0.6427873589102222,10.077652778076533,cutcraft
ind_人物-26_s_seed1.png,ground only,0.9285925051637651,0.8084739924216328,0.8643801386142924,0.9818038752827776,0.878608336203927,0.9273440197980917,0.99596734533294,0.908129521184981,0.9500224115037865,0.17645912048942156,0.8679462248980966,8.9913743035987,cutcraft
ind_人物-26_s_seed1.png,colour + merge (no ground),0.6780761286515197,0.5102595797280594,0.5823183431913435,0.7918756762073375,0.55380540349638,0.6517815179173494,0.899724599193469,0.5747130496203425,0.701397537748597,0.06213876030281268,0.6932126008217927,6.270300501193831,cutcraft
ind_人物-26_s_seed1.png,full projection,0.6780761286515197,0.7883880825057296,0.7290831031445554,0.7918756762073375,0.8556695405434901,0.8225375414754093,0.899724599193469,0.8879733711666484,0.8938103625037376,0.19238794628397735,0.8631415388405166,6.270300501193831,cutcraft
ind_人物-3_s_seed0.png,raw,0.9140793308832847,0.29175548011894425,0.44232866992287073,0.9746546698770752,0.3599905265650904,0.5257823558852883,0.9983525535420099,0.4301465750901292,0.6012435332036767,0.0616367845751634,0.42625276306819354,45.00827535230505,cutcraft
ind_人物-3_s_seed0.png,colour only,0.9064757318464073,0.3023071672354949,0.4534050090720915,0.9716132302623242,0.3736245733788396,0.5397091542676132,0.9982258268913953,0.44720819112627985,0.6176895808663291,0.06865072851378447,0.4256228198724432,46.470522070284254,cutcraft
ind_人物-3_s_seed0.png,ground only,0.9140793308832847,0.5454366543665436,0.6832023452997618,0.9746546698770752,0.6729643296432964,0.7961887144278764,0.9983525535420099,0.8039852398523986,0.8906884382699951,0.2475654737941615,0.7015674762838459,45.00827535230505,cutcraft
ind_人物-3_s_seed0.png,colour + merge (no ground),0.7167659358763148,0.28505152679012813,0.4078891254877752,0.8145989101508048,0.3436133399247062,0.483343277016272,0.9031808389304271,0.40772711716165344,0.5618263555750059,0.09159368571426887,0.44640625454122707,30.755387013320906,cutcraft
ind_人物-3_s_seed0.png,full projection,0.7167659358763148,0.544892766266812,0.6191223869054867,0.8145989101508048,0.6568520537986187,0.727269858478361,0.9030541122798125,0.778698655034533,0.8362787162570537,0.3159867817824902,0.7125008708576206,30.755387013320906,cutcraft
ind_人物-3_s_seed1.png,raw,0.9114180712203777,0.27351693832711665,0.4207627901405368,0.9689519705994171,0.3425220990240662,0.5061288980246489,0.9923964009631225,0.4153594604261407,0.5856146579650537,0.051521824086432993,0.4713540076918381,46.502659360789295,cutcraft
ind_人物-3_s_seed1.png,colour only,0.9131922443289824,0.2852264369023852,0.4346837614200411,0.9690786972500317,0.3572029000735526,0.5219973220705958,0.9922696743125079,0.4331984869181465,0.6030997158938111,0.048852628104365,0.4668671967109042,46.631208522809445,cutcraft
ind_人物-3_s_seed1.png,ground only,0.9114180712203777,0.5243155884225477,0.665681547689987,0.9689519705994171,0.6565943484009991,0.7827625461436333,0.9923964009631225,0.796219207600764,0.8835493464525294,0.2117346593141572,0.6965849584687613,46.502659360789295,cutcraft
ind_人物-3_s_seed1.png,colour + merge (no ground),0.6504878976048662,0.2614877071714712,0.37302442740056185,0.744012165758459,0.3205168486371848,0.4480261815165494,0.8574325180585477,0.39042494697981306,0.5365405180975298,0.10681284825338934,0.4967628644341782,26.931049443221443,cutcraft
ind_人物-3_s_seed1.png,full projection,0.6504878976048662,0.5093329253365974,0.571320840649989,0.744012165758459,0.6240820073439413,0.6787904151976797,0.8574325180585477,0.760327417380661,0.8059656290803852,0.3614724466459768,0.7137398199230971,26.931049443221443,cutcraft
ind_人物-4_s_seed0.png,raw,0.9017784598718065,0.3238362340113231,0.47654216584525333,0.9768890493816015,0.36344097295030403,0.5297822187912284,0.999277782793175,0.38351855734954915,0.5542993751469413,0.0,0.20020294189453125,11.337220380320872,cutcraft
ind_人物-4_s_seed0.png,colour only,0.8974451566308568,0.311116137625977,0.4620529752011017,0.972736300442358,0.34783482872150595,0.5124321696625164,0.9985555655863501,0.36784035788785846,0.5376319268902284,0.0,0.20020294189453125,12.004115696810334,cutcraft
ind_人物-4_s_seed0.png,ground only,0.9017784598718065,0.759793370641412,0.8247194409719747,0.9768890493816015,0.8527150851731136,0.9105882668447837,0.999277782793175,0.8994526781870734,0.9467410951232553,0.15521214947045894,0.824995223234189,11.337220380320872,cutcraft
ind_人物-4_s_seed0.png,colour + merge (no ground),0.5780445969125214,0.24199593104186745,0.341164700146008,0.7056062110679787,0.271335260734554,0.39194946838074113,0.8379525142186512,0.28903879787272013,0.42981837532487716,0.0,0.20020294189453125,6.745169772493426,cutcraft
ind_人物-4_s_seed0.png,full projection,0.5780445969125214,0.7239427595044853,0.642819146504029,0.7055159339171255,0.8117257582229817,0.7549034005116042,0.8379525142186512,0.8645877829987185,0.8510618018388181,0.1628729281767956,0.8222856589897426,6.745169772493426,cutcraft
ind_人物-4_s_seed1.png,raw,0.8949173964069694,0.3183030810273578,0.4695848278850686,0.9702988173693238,0.3564105246639117,0.5213270150783493,0.9962986368150221,0.37448344405502954,0.5443569040310349,0.0034815045073049423,0.37009950845222395,9.793834076445258,cutcraft
ind_人物-4_s_seed1.png,colour only,0.8851674641148325,0.3022814637312166,0.4506631155669723,0.9580211248532996,0.33802605960760823,0.4997288829259859,0.9925069964791912,0.35539913134641304,0.5233838130448502,0.003544566816394058,0.371390760346487,10.193971266338936,cutcraft
ind_人物-4_s_seed1.png,ground only,0.8949173964069694,0.7692307692307693,0.8273277721906702,0.9702988173693238,0.8613235572972632,0.9125693599042266,0.9962986368150221,0.9050628910941154,0.9484918164095947,0.30549203415682297,0.8591921479803699,9.793834076445258,cutcraft
ind_人物-4_s_seed1.png,colour + merge (no ground),0.5623363726640788,0.2711344903284596,0.36586470521116393,0.6783425115103368,0.30335915172099576,0.41923410456639787,0.814209623544281,0.32303359151720995,0.46255199496118904,0.05148891577685811,0.483747378233512,6.078274456003963,cutcraft
ind_人物-4_s_seed1.png,full projection,0.5623363726640788,0.7229155162893429,0.6325945795788851,0.6783425115103368,0.8088348978464937,0.7378636772591682,0.814209623544281,0.8612921038100497,0.8370893424409334,0.3672133081642284,0.8589918937852353,6.078274456003963,cutcraft
ind_人物-5_s_seed0.png,raw,0.9858060660391453,0.3102693104468778,0.47198700614711253,0.9983564918571642,0.3871263687481503,0.5579139726635803,0.9998505901688332,0.4311334714412548,0.602479185375488,0.0728315792993496,0.6045235773867558,43.29899539182272,cutcraft
ind_人物-5_s_seed0.png,colour only,0.9856566562079785,0.3407599950488922,0.5064356768607757,0.9979082623636635,0.42270082931055825,0.5938532317568905,0.9997011803376662,0.469488798118579,0.6389214635504453,0.06942011389307327,0.5936563702453195,45.12439525651336,cutcraft
ind_人物-5_s_seed0.png,ground only,0.9858060660391453,0.5543570219966159,0.7096501913087934,0.9983564918571642,0.6916772419627749,0.8171913388055093,0.9998505901688332,0.7703045685279187,0.8701943145135679,0.24504217270910436,0.8203391610227332,43.29899539182272,cutcraft
ind_人物-5_s_seed0.png,colour + merge (no ground),0.7603466308083072,0.3244144017274562,0.4547866118725677,0.8026296130285373,0.3622963901797869,0.49924168685525727,0.8513372179889437,0.40421536872740926,0.5481627629484705,0.09085737721036403,0.6026631201128061,30.929677427590345,cutcraft
ind_人物-5_s_seed0.png,full projection,0.7603466308083072,0.5700263939293962,0.6515731152643869,0.8026296130285373,0.6365885846255361,0.7100311129601039,0.8511878081577767,0.7102441438469153,0.7743547905264537,0.23827773826078028,0.8006599254922832,30.929677427590345,cutcraft
ind_人物-5_s_seed1.png,raw,0.9672792469744509,0.26908185091923215,0.4210376573236827,0.9934259674286569,0.31446132185308534,0.4777078964539127,0.9997011803376662,0.358974358974359,0.5282601769063108,0.034214896824803616,0.5445345962321969,50.306999068152514,cutcraft
ind_人物-5_s_seed1.png,colour only,0.9678768862991185,0.26890960680989057,0.4208833042489203,0.9937247870909905,0.31236319416295094,0.4753172115045883,0.9997011803376662,0.35738413727874613,0.5265363042893187,0.034725739509080034,0.5427766091128097,51.62179757209053,cutcraft
ind_人物-5_s_seed1.png,ground only,0.9672792469744509,0.5196339869281046,0.6760733042357042,0.9934259674286569,0.6072679738562091,0.7537677988988946,0.9997011803376662,0.6933333333333334,0.8187974268733359,0.16584508217699492,0.8081690461175838,50.306999068152514,cutcraft
ind_人物-5_s_seed1.png,colour + merge (no ground),0.7321081727177648,0.26572420215017356,0.38992292690201885,0.7855968922755118,0.29056971133496995,0.4242292251930305,0.8544748244434484,0.33285363582493865,0.479084030332412,0.06751176647655577,0.5917355752974086,34.63153729304688,cutcraft
ind_人物-5_s_seed1.png,full projection,0.7321081727177648,0.5061260680315977,0.5984958558522738,0.7855968922755118,0.5536837014347896,0.6495609615991517,0.8544748244434484,0.634209253586974,0.7280468013550765,0.20071713477985148,0.8059515585421507,34.63153729304688,cutcraft
ind_动物-18_s_seed0.png,raw,0.9466553767993227,0.39876197494473103,0.5611495453885873,0.977500907221483,0.43858511422254975,0.6054961923982584,0.992500302407161,0.49058216654384673,0.6566094048629908,0.04963123525748659,0.6029927904413163,35.02477537677077,cutcraft
ind_动物-18_s_seed0.png,colour only,0.9473811539857264,0.4235999148237155,0.5854356201759147,0.9772589814926818,0.4681349435707115,0.6330303043649262,0.9914116366275554,0.5257810361086606,0.6871446809403988,0.0567358167429104,0.6100524929336435,37.34810946398832,cutcraft
ind_动物-18_s_seed0.png,ground only,0.9466553767993227,0.6198506163222288,0.7491639627685496,0.977500907221483,0.681711955276543,0.8032411872016146,0.992500302407161,0.7624982816294735,0.8624277899547248,0.15783593393722142,0.8189593605066384,35.02477537677077,cutcraft
ind_动物-18_s_seed0.png,colour + merge (no ground),0.8721422523285352,0.4309514839465863,0.5768594958147311,0.9185919922583767,0.47385826112436685,0.6252035260532585,0.9577839603241805,0.5320021767340617,0.684048722240881,0.10313009239372313,0.6363084805177296,26.3688138659868,cutcraft
ind_动物-18_s_seed0.png,full projection,0.8719003265997339,0.6098529760493242,0.7177051781083992,0.9185919922583767,0.6705003557031065,0.7751799426199184,0.9577839603241805,0.7525492055963955,0.8428528111796003,0.26168812489842247,0.8322337084994531,26.3688138659868,cutcraft
ind_动物-18_s_seed1.png,raw,0.9460505624773194,0.6022054220638513,0.7359464894162641,0.9812507560179025,0.6722685029132759,0.797890890193897,0.9956453368815773,0.7548514470072711,0.8586868941072248,0.022162736095948796,0.8176728232633605,39.003227995147725,cutcraft
ind_动物-18_s_seed1.png,colour only,0.9471392282569251,0.5954349388928828,0.7311930933502339,0.976533204306278,0.6695722501797268,0.7944321345885347,0.9943147453731704,0.7563353702372394,0.859149871660045,0.008073817762399077,0.807233014945686,45.06856919629089,cutcraft
ind_动物-18_s_seed1.png,ground only,0.9460505624773194,0.6159377462568952,0.7461108998562944,0.9812507560179025,0.6875985027580772,0.8085889688599026,0.9956453368815773,0.7720646178092987,0.8697156843555937,0.022279683694639046,0.8427167810355584,39.003227995147725,cutcraft
ind_动物-18_s_seed1.png,colour + merge (no ground),0.8452884964315955,0.5890479778950013,0.6942798826819244,0.9003265997338817,0.6495855312735493,0.7546739210663521,0.9514938913753478,0.7244410952022104,0.8225871316808039,0.008663008951775917,0.8090524985028944,30.16222217653227,cutcraft
ind_动物-18_s_seed1.png,full projection,0.8452884964315955,0.601063829787234,0.7025568137585274,0.9003265997338817,0.6628428608049218,0.7635449311051326,0.9514938913753478,0.7392335298641374,0.8320397234107814,0.008720930232558141,0.8343611956941287,30.16222217653227,cutcraft
ind_动物-38_s_seed0.png,raw,0.9396917578735761,0.6160295768138906,0.7441922959225244,0.9732707914526096,0.6604608173235624,0.7869190005835386,0.9951604497059042,0.7136726744569882,0.8312325055184628,0.03066759668651606,0.7978587472595462,17.161159811193528,cutcraft
ind_动物-38_s_seed0.png,colour only,0.935150026059117,0.6868601879119338,0.7920015756895582,0.9702926066562431,0.7392721918384518,0.8391730371133184,0.9947137219864493,0.7986607768896368,0.8859709274134959,0.03501712897501353,0.7976226493743991,18.95650708024275,cutcraft
ind_动物-38_s_seed0.png,ground only,0.9396917578735761,0.721962164880653,0.8165622053362517,0.9732707914526096,0.7740338117528724,0.8622932706681657,0.9951604497059042,0.8359317575147974,0.9086229742570309,0.043986776440924774,0.8251151016093361,17.161159811193528,cutcraft
ind_动物-38_s_seed0.png,colour + merge (no ground),0.8622589531680441,0.6959683650743148,0.7702405764313734,0.916238552602189,0.7376937411935821,0.8173290384743677,0.9723028813937905,0.7981909913185764,0.8766857798526816,0.12654985744626698,0.7657578643717068,15.492245448415375,cutcraft
ind_动物-38_s_seed0.png,full projection,0.8622589531680441,0.7168866423289338,0.7828814866942819,0.916238552602189,0.7599457081344192,0.8308055050837152,0.9723028813937905,0.8225217635495647,0.891162580101059,0.15776582086753313,0.7864947274806251,15.492245448415375,cutcraft
ind_动物-38_s_seed1.png,raw,0.9105800014890923,0.6904083941178765,0.7853549448190659,0.959496686769414,0.7635058704216562,0.8503543421234028,0.9955327228054501,0.8188165541990092,0.8985686317529396,0.12436604189636163,0.8267163117600301,17.085300067430882,cutcraft
ind_动物-38_s_seed1.png,colour only,0.8817660635842454,0.6848380952380952,0.7709247904519431,0.9250241977514705,0.752,0.8295863561680035,0.9731963368327005,0.8191238095238095,0.8895378344784319,0.12462532149038466,0.8284059226754058,22.066756574511125,cutcraft
ind_动物-38_s_seed1.png,ground only,0.9105800014890923,0.7130771090161954,0.7998163538208337,0.959496686769414,0.788574651518814,0.8656795049835555,0.9955327228054501,0.8455805333977923,0.9144500892908257,0.14400579500181093,0.8449806867258656,17.085300067430882,cutcraft
ind_动物-38_s_seed1.png,colour + merge (no ground),0.6901943265579629,0.6789864520151919,0.6845445164355513,0.745141836050927,0.7315344935094382,0.7382754700083715,0.8342640160821979,0.7975171475539935,0.8154768215735478,0.14522298715200754,0.8361221479636125,15.509103169251517,cutcraft
ind_动物-38_s_seed1.png,full projection,0.6901943265579629,0.6871200825782773,0.6886537736245447,0.745141836050927,0.7402225025805712,0.7426740232194807,0.8342640160821979,0.8068585847000803,0.8203324760275961,0.15674534946708094,0.8490225305280055,15.509103169251517,cutcraft
ind_动物-鸟-3_s_seed0.png,raw,0.9668660837551771,0.12622061482820976,0.22329140352047203,0.9935572940635067,0.14604635870458654,0.2546594592074125,0.9995398067188219,0.1786618444846293,0.30313932308919767,0.0,0.026279449462890625,1.1612715923936712,cutcraft
ind_动物-鸟-3_s_seed0.png,colour only,0.966405890473999,0.113965370422935,0.2038869586281647,0.9907961343764381,0.13261424921941528,0.23391930038827038,0.9995398067188219,0.16341186488787965,0.2809001746735221,0.0,0.026279449462890625,1.0161126433444623,cutcraft
ind_动物-鸟-3_s_seed0.png,ground only,0.9668660837551771,0.35885212189194243,0.523432422158729,0.9935572940635067,0.41521779771919987,0.5856757036026988,0.9995398067188219,0.5080388857730417,0.6736697622754075,0.29559541742571177,0.1289819558921809,1.1612715923936712,cutcraft
ind_动物-鸟-3_s_seed0.png,colour + merge (no ground),0.8923147722043259,0.1070098694913416,0.19110203698521508,0.9433962264150944,0.12255522215393515,0.21692945633254837,0.9843534284399448,0.1505730089295398,0.26119236047376987,0.0,0.026279449462890625,0.5806357961968356,cutcraft
ind_动物-鸟-3_s_seed0.png,full projection,0.8918545789231477,0.3519267364414843,0.504698804305165,0.9433962264150944,0.40283063748810655,0.5645837465890774,0.9834330418775886,0.4940532825880114,0.6576958642522425,0.32819209098835495,0.12582978091662955,0.5806357961968356,cutcraft
ind_动物-鸟-3_s_seed1.png,raw,0.9479981592268752,0.2052920223893255,0.3374978169957381,0.9889553612517257,0.24922259286481596,0.39811727957081233,0.9976990335941095,0.3089274608469497,0.471774650902867,0.1412968184584702,0.0738668797807969,9.14501379010016,cutcraft
ind_动物-鸟-3_s_seed1.png,colour only,0.946617579383341,0.21515508441303494,0.35061865637902934,0.9829728485964105,0.2601940658477761,0.4114712177787021,0.9940174873446848,0.3236861293398396,0.48834907774521974,0.14371850995291982,0.07374728912224632,13.790100159674845,cutcraft
ind_动物-鸟-3_s_seed1.png,ground only,0.9479981592268752,0.3352595853971748,0.49534159626334295,0.9889553612517257,0.4066226380480646,0.5762940345945791,0.9976990335941095,0.5037607778389286,0.6694839747096766,0.2571702619769328,0.11609364499900107,9.14501379010016,cutcraft
ind_动物-鸟-3_s_seed1.png,colour + merge (no ground),0.8370915784629545,0.2055899726264227,0.33010584012386696,0.8913943856419696,0.24571387408154444,0.3852367898266483,0.9387942936033133,0.30953753061518513,0.4655686280841522,0.17187091255567907,0.07706316734856801,13.790100159674845,cutcraft
ind_动物-鸟-3_s_seed1.png,full projection,0.8375517717441325,0.3265096065873742,0.46985271494997627,0.8923147722043259,0.390096065873742,0.5428657834483174,0.9392544868844915,0.49188014638609334,0.6456424486726653,0.27376933509142365,0.11395370284976483,13.790100159674845,cutcraft
ind_日常-25_s_seed0.png,raw,0.9665894806483626,0.6387407059343818,0.7691876130882931,0.987628183923255,0.720777246468946,0.8333618124591268,0.9974859411180946,0.8112717322203489,0.894793326098474,0.06294540035225578,0.7186096263597055,25.1022701730726,cutcraft
ind_日常-25_s_seed0.png,colour only,0.9673833939794906,0.6222677764331053,0.7573630299956762,0.9878928217002977,0.7041912618241991,0.8222587747662953,0.997221303341052,0.7976240460371953,0.8863244858849956,0.055018640288092655,0.7171829859678085,30.011238480557427,cutcraft
ind_日常-25_s_seed0.png,ground only,0.9665894806483626,0.6449263228399196,0.7736554591657516,0.987628183923255,0.7277573118999777,0.8380082891440177,0.9974859411180946,0.8191839696360795,0.8995849912679839,0.06366956509822463,0.7313245324966618,25.1022701730726,cutcraft
ind_日常-25_s_seed0.png,colour + merge (no ground),0.8396956665564009,0.6387730906031285,0.7255817797905761,0.9096923585841878,0.7013041649137568,0.7920203806276229,0.9612967251075091,0.7871648755115309,0.8655597774420515,0.0942451668569066,0.7312542783423727,16.561024949426837,cutcraft
ind_日常-25_s_seed0.png,full projection,0.8398279854449222,0.6474418604651163,0.7311918477502981,0.9097585180284485,0.7108527131782946,0.7980992583841797,0.9612305656632484,0.7974031007751938,0.8716860688468997,0.08927348008697983,0.7472842354492194,16.561024949426837,cutcraft
ind_日常-25_s_seed1.png,raw,0.9544161429043996,0.6440076727014741,0.7690717730548825,0.9841878928217003,0.7266994245473894,0.8360676569393791,0.99801521667218,0.7979346769319705,0.8868298078075803,0.007037382334365885,0.7211351435462537,21.344122274668464,cutcraft
ind_日常-25_s_seed1.png,colour only,0.956731723453523,0.6510301597903715,0.7748177305208296,0.9788289778365862,0.7366284745414377,0.8406309299961932,0.9981475355607012,0.8096388018291116,0.8940647000429097,0.004972881799543426,0.7194791417352886,23.843560350640594,cutcraft
ind_日常-25_s_seed1.png,ground only,0.9544161429043996,0.6736758197960474,0.7898412279257748,0.9841878928217003,0.7601770154751106,0.8577987455187172,0.99801521667218,0.8346939336466838,0.9090774135092995,0.011934824216049428,0.7454541798757398,21.344122274668464,cutcraft
ind_日常-25_s_seed1.png,colour + merge (no ground),0.8703274892490903,0.6644538986283283,0.7535828853316145,0.9215348991068475,0.7298833712315704,0.8145882977663985,0.9674495534237513,0.7974767109220274,0.874278436933277,0.012513742482053936,0.7320179277755474,14.753877275792313,cutcraft
ind_日常-25_s_seed1.png,full projection,0.8703274892490903,0.679379007762403,0.7630893039612845,0.9215348991068475,0.7462406719916002,0.8246754950610937,0.9674495534237513,0.8153148085648929,0.8848908630482274,0.016744275564156988,0.7483330529857023,14.753877275792313,cutcraft
ind_日常-3_s_seed0.png,raw,0.9766859344894027,0.2740665652981923,0.42802546384840046,0.9884393063583815,0.305288055414766,0.4664950632567409,0.999421965317919,0.3518499746578814,0.5204675428632632,0.027070923864441623,0.6194083578650966,38.67710108993233,cutcraft
ind_日常-3_s_seed0.png,colour only,0.977456647398844,0.29139338776602863,0.44894888440140046,0.9897880539499037,0.327265426315085,0.4918910496668985,0.999421965317919,0.37772721188595904,0.548246883788735,0.03060464911757223,0.6119052698954555,43.20987654320987,cutcraft
ind_日常-3_s_seed0.png,ground only,0.9766859344894027,0.553538524534225,0.7066065215759918,0.9884393063583815,0.6165972838326622,0.7594456042419258,0.999421965317919,0.710707704906845,0.8306936059547247,0.12430400485689216,0.865324869806218,38.67710108993233,cutcraft
ind_日常-3_s_seed0.png,colour + merge (no ground),0.9071290944123314,0.2984946818099874,0.4491835939825724,0.9425818882466281,0.3246349378042185,0.48294026148615704,0.9724470134874759,0.379168920137011,0.5456012685582142,0.04730882897098305,0.6438578393038386,35.40988687432202,cutcraft
ind_日常-3_s_seed0.png,full projection,0.9071290944123314,0.5449234819812407,0.6808513035545556,0.9425818882466281,0.5926443969063683,0.7277309932706352,0.9724470134874759,0.6922823761724535,0.8087896247647055,0.1807195297669419,0.8734214357458046,35.40988687432202,cutcraft
ind_日常-3_s_seed1.png,raw,0.982466281310212,0.27368295660978587,0.4281088082871969,0.9940269749518305,0.31138509187289676,0.4742183541667417,1.0,0.34700259090502994,0.5152218611129534,0.010611163589369477,0.5468258956631049,50.69993284777106,cutcraft
ind_日常-3_s_seed1.png,colour only,0.9822736030828516,0.2861441251692493,0.44318494541748527,0.9913294797687862,0.3238754325259516,0.4882391497088492,0.9986512524084779,0.3587483075071461,0.5278688120595869,0.012196399360803453,0.5534308854751199,53.295624774006924,cutcraft
ind_日常-3_s_seed1.png,ground only,0.982466281310212,0.5535124091100294,0.708092217202053,0.9940269749518305,0.6297698455621658,0.7710425425046522,1.0,0.7020010816657652,0.8249126151890689,0.31012184297973433,0.8880872656978149,50.69993284777106,cutcraft
ind_日常-3_s_seed1.png,colour + merge (no ground),0.9073217726396917,0.2699774448203641,0.4161328066379325,0.9294797687861271,0.286934106653778,0.43850115901211345,0.9620423892100193,0.3164572257129048,0.47625398076630804,0.027664598422398757,0.5839646845759131,38.522134407768995,cutcraft
ind_日常-3_s_seed1.png,full projection,0.9073217726396917,0.5593885733377881,0.6920867959337665,0.9294797687861271,0.5943869027731373,0.7250904705380478,0.9620423892100193,0.6556130972268627,0.779804594664071,0.2249962763052437,0.8820810699776327,38.522134407768995,cutcraft
ind_日常-6_s_seed0.png,raw,0.9778313253012049,0.3300844704353476,0.49355919737229903,0.9889156626506024,0.39246263807667314,0.5619205826454075,0.9942168674698795,0.47320394383704834,0.6412166695346934,0.006589062156819679,0.7253481065846122,79.30496769881934,cutcraft
ind_日常-6_s_seed0.png,colour only,0.9755823293172691,0.3356580173363074,0.49946911905614966,0.9893975903614458,0.401360928367733,0.5710632436105838,0.9945381526104418,0.48809893553943023,0.6548237832742494,0.020547838585312447,0.7449908195626773,84.58008465137002,cutcraft
ind_日常-6_s_seed0.png,ground only,0.9778313253012049,0.44112650534184,0.6079776382761453,0.9889156626506024,0.5244818603948809,0.6854356751911195,0.9942168674698795,0.6328287213560346,0.7733882729685257,0.10172612197928653,0.8757866974107094,79.30496769881934,cutcraft
ind_日常-6_s_seed0.png,colour + merge (no ground),0.9126104417670683,0.3377679523113971,0.4930516420204849,0.9498795180722892,0.381074572658008,0.5439330085793955,0.9792771084337349,0.46496387825194424,0.6305436369945588,0.048157807506363705,0.7664985157044695,63.399420806415684,cutcraft
ind_日常-6_s_seed0.png,full projection,0.9126104417670683,0.43350902087978915,0.5878005185025725,0.9498795180722892,0.48864788161362255,0.6453218957046446,0.9792771084337349,0.5962902898844517,0.7412357370284121,0.12248773194713732,0.8815467995193111,63.399420806415684,cutcraft
ind_日常-6_s_seed1.png,raw,0.9734939759036144,0.4188047498540004,0.5856557842367325,0.991004016064257,0.4903250924664201,0.656051559390845,0.9979116465863453,0.5941600155732918,0.7448398380161108,0.008062729809949938,0.8651726105123579,78.67231009133437,cutcraft
ind_日常-6_s_seed1.png,colour only,0.971726907630522,0.41816984376715083,0.5847152153418184,0.989558232931727,0.488236800702499,0.6538643516310366,0.9972690763052209,0.5937945922212872,0.7443737120186682,0.008550622504110877,0.8688566473630424,92.67097349075517,cutcraft
ind_日常-6_s_seed1.png,ground only,0.9734939759036144,0.4501590224305323,0.6156375142644509,0.991004016064257,0.5270338131904921,0.6881154282299361,0.9979116465863453,0.6386424506193505,0.7788422522245442,0.010265666422246038,0.8847202951564077,78.67231009133437,cutcraft
ind_日常-6_s_seed1.png,colour + merge (no ground),0.8139759036144578,0.4008034780694513,0.5371253054709638,0.8547791164658635,0.4481866710692862,0.5880439998859851,0.9216064257028113,0.5482362005393209,0.6874994590566463,0.011934011934011933,0.8762785976419146,65.35085765203831,cutcraft
ind_日常-6_s_seed1.png,full projection,0.8139759036144578,0.41512767897856817,0.5498379996567587,0.8547791164658635,0.4642042863657091,0.6016635674224868,0.9216064257028113,0.5678294573643411,0.7027026575090554,0.013433425523508498,0.8890869479104774,65.35085765203831,cutcraft
ind_植物-17_s_seed0.png,raw,0.9958368026644463,0.46281026503996636,0.6319328434986176,0.9985012489592007,0.5119478334034497,0.6768590308992221,1.0,0.5672275978123685,0.7238611655437146,0.11864243954656492,0.8072259550777501,57.209019816263,cutcraft
ind_植物-17_s_seed0.png,colour only,0.9940049958368027,0.44123368728215934,0.6111715001115348,0.9986677768526229,0.49075950393126366,0.6581129660823565,1.0,0.547945205479452,0.7079646017699115,0.09979723177289958,0.7918982841475724,62.66608457975856,cutcraft
ind_植物-17_s_seed0.png,ground only,0.9958368026644463,0.5135135135135135,0.677610293569501,0.9985012489592007,0.5680343555991224,0.7241239993104056,1.0,0.6293703029454325,0.7725319429324472,0.13444755197627792,0.8350491714726022,57.209019816263,cutcraft
ind_植物-17_s_seed0.png,colour + merge (no ground),0.9120732722731058,0.44667996580222286,0.5996745349363959,0.9365528726061615,0.4811627244229125,0.6357189448908125,0.9567027477102414,0.5395269307495013,0.6899567687269464,0.16019171016023231,0.7984355130823475,48.90479082833498,cutcraft
ind_植物-17_s_seed0.png,full projection,0.9120732722731058,0.4782767878935807,0.6275016450663803,0.9365528726061615,0.5151940444227483,0.6647253134743221,0.9567027477102414,0.577556748840615,0.7202824943454338,0.18484261128351392,0.8307486287968695,48.90479082833498,cutcraft
ind_植物-17_s_seed1.png,raw,0.9746877601998335,0.3567352044406223,0.5223065045968408,0.994338051623647,0.4028222969275272,0.5733651664146249,0.9996669442131557,0.4700179813931671,0.6394043117652588,0.1011038181413396,0.7536691618163158,47.946245539442714,cutcraft
ind_植物-17_s_seed1.png,colour only,0.9465445462114904,0.4158132993451413,0.577800923628165,0.974188176519567,0.47351997538786095,0.637279773220739,0.9930058284762697,0.5521030193820595,0.7096477596716217,0.09898956899166919,0.7619558053465246,51.38182370359122,cutcraft
ind_植物-17_s_seed1.png,ground only,0.9748542880932556,0.48362827169651373,0.6465172879056372,0.994338051623647,0.5461481402988237,0.7050447846532094,0.9996669442131557,0.6370668644696408,0.7782019070973398,0.15942320847728703,0.8409462186488997,47.946245539442714,cutcraft
ind_植物-17_s_seed1.png,colour + merge (no ground),0.7147377185678602,0.36357413975483793,0.48197587585256596,0.7582014987510408,0.3948727521622799,0.5192954612736296,0.8161532056619484,0.46991475328230975,0.5964263857316481,0.1257600595077174,0.7744331480127878,40.75241059904335,cutcraft
ind_植物-17_s_seed1.png,full projection,0.7147377185678602,0.4292113379350859,0.5363412482667529,0.7582014987510408,0.46614774563078276,0.5773416710934108,0.8161532056619484,0.5552210309883977,0.6608632599062738,0.1721776376173778,0.8466244793852711,40.75241059904335,cutcraft
ind_植物-29_s_seed0.png,raw,0.9740557389072241,0.5271872840359364,0.6841128207042585,0.993949394939494,0.5922874913614374,0.7422646626781899,0.9990832416574991,0.6947339322736696,0.8195654641220979,0.036487585763453,0.7311590238730381,41.74957965045429,cutcraft
ind_植物-29_s_seed0.png,colour only,0.9743307664099743,0.5199848044935284,0.6780859450957791,0.9923909057572424,0.5891243589395707,0.7393436778288385,0.9985331866519985,0.6968225110574444,0.8208311724048444,0.03957872643454144,0.7343318076766212,43.731778425655975,cutcraft
ind_植物-29_s_seed0.png,ground only,0.9740557389072241,0.5372650680492547,0.6925414120402922,0.993949394939494,0.6035954802896673,0.7510817025857488,0.9990832416574991,0.7079094930823635,0.8286625909472635,0.03979103095802669,0.7414287103175737,41.74957965045429,cutcraft
ind_植物-29_s_seed0.png,colour + merge (no ground),0.8817381738173817,0.5217707098895218,0.6555927906551987,0.9259259259259259,0.5764746358805765,0.710559919331659,0.9624129079574624,0.6787721243166788,0.7960821493709059,0.058964619361823255,0.7477587141884642,29.347339842966665,cutcraft
ind_植物-29_s_seed0.png,full projection,0.8817381738173817,0.52881224568882,0.6611233988632034,0.9259259259259259,0.5842278628172834,0.7164193857117196,0.9624129079574624,0.6878511916295291,0.8022920279776522,0.06259503294475419,0.7559489093666161,29.347339842966665,cutcraft
ind_植物-29_s_seed1.png,raw,0.983956729006234,0.6425080425637218,0.7773917061984228,0.994041070773744,0.7026416728532542,0.8233179520176143,0.9990832416574991,0.7799740163325909,0.8760358500507854,0.28879069993863293,0.7811361408010846,31.977416817066963,cutcraft
ind_植物-29_s_seed1.png,colour only,0.980931426475981,0.62413887287184,0.7628792771681737,0.9916574990832416,0.6842280962641498,0.8097449188984109,0.9980748074807481,0.7631634851749568,0.8649530863808346,0.19871364504599653,0.7705363366118395,34.376108720132045,cutcraft
ind_植物-29_s_seed1.png,ground only,0.983956729006234,0.6483238654098258,0.7816335403699923,0.994041070773744,0.7090018103502091,0.8276678485933541,0.9990832416574991,0.7870653598851364,0.8804909182486048,0.3013237156615043,0.7888300539297812,31.977416817066963,cutcraft
ind_植物-29_s_seed1.png,colour + merge (no ground),0.9394022735606894,0.6335132800690996,0.7567142613021346,0.9635130179684636,0.6780393003670914,0.7959535438508987,0.9840484048404841,0.7527099978406392,0.852971917727997,0.24241760539192503,0.7828041397216728,25.305813935551544,cutcraft
ind_植物-29_s_seed1.png,full projection,0.9394022735606894,0.6357842712217117,0.7583320107172552,0.9635130179684636,0.6804387410040753,0.7976044081698019,0.9840484048404841,0.7550940778635221,0.8545005716504697,0.2429618395254511,0.7868982424471576,25.305813935551544,cutcraft
ind_植物-8_s_seed0.png,raw,0.9696310397969359,0.4611771363893605,0.625061659180183,0.9890309128818784,0.5007640067911715,0.6648849129969534,0.997824313298885,0.5373514431239389,0.6985289241209615,0.020982882385422418,0.7483899307794223,18.172869420361184,cutcraft
ind_植物-8_s_seed0.png,colour only,0.9594778351917324,0.5600738739354971,0.7072855301774851,0.9815973166530686,0.6096993741236021,0.752190679555402,0.9920224820959115,0.6560073873935497,0.7897600507896194,0.01833591394344389,0.737125234609937,19.337068867603076,cutcraft
ind_植物-8_s_seed0.png,ground only,0.9696310397969359,0.6970915312232677,0.8110786978062253,0.9890309128818784,0.756928999144568,0.8575525404152338,0.997824313298885,0.8121899059024807,0.8954878105687065,0.041778646469582216,0.847439949938225,18.172869420361184,cutcraft
ind_植物-8_s_seed0.png,colour + merge (no ground),0.891215664944248,0.5818131943491976,0.7040201956721629,0.9318284833650621,0.6193937731449732,0.7441470850656401,0.971625419272958,0.6656608604215243,0.7900548860903536,0.02870612414817371,0.7716759205143191,14.434180138568129,cutcraft
ind_植物-8_s_seed0.png,full projection,0.891215664944248,0.7031327697662855,0.7860802887357843,0.9318284833650621,0.7485496436267197,0.83019395211106,0.971625419272958,0.8044643350461351,0.8801784875213158,0.05022260279590424,0.8540691328077623,14.434180138568129,cutcraft
ind_植物-8_s_seed1.png,raw,0.9628320188559514,0.6437083333333333,0.7715747609988566,0.9900281026198894,0.6987083333333334,0.8192407895128356,0.9993654247121748,0.7461666666666666,0.8544021292101923,0.0809081784947243,0.8206586779813805,18.4000302881157,cutcraft
ind_植物-8_s_seed1.png,colour only,0.9593871815791859,0.6535150645624104,0.7774482023444697,0.9845888858671018,0.7077554599075403,0.8235299884170474,0.9961018946605023,0.7570141877889367,0.8602548049047274,0.07907002581514762,0.8166236296445194,20.879869761102487,cutcraft
ind_植物-8_s_seed1.png,ground only,0.9628320188559514,0.7009528130671506,0.8112825639215779,0.9900281026198894,0.7608439201451905,0.860436231611759,0.9993654247121748,0.8125226860254083,0.8963104006212695,0.13083572877916808,0.8601324546469098,18.4000302881157,cutcraft
ind_植物-8_s_seed1.png,colour + merge (no ground),0.8550448735382105,0.6377098257243665,0.730556088766533,0.9113407669295621,0.6781246658826046,0.777623269209325,0.9607469857673828,0.7301400620121886,0.8297181821664377,0.11128993506893535,0.8265438973506298,16.118956574414113,cutcraft
ind_植物-8_s_seed1.png,full projection,0.854954219925664,0.6918169692048948,0.7647825889107421,0.9113407669295621,0.7357188424288117,0.8141667372497808,0.9607469857673828,0.7919735544858784,0.8682344821152638,0.16896036433501743,0.8673483669655281,16.118956574414113,cutcraft
ind_窗花-3_s_seed0.png,raw,0.9676595744680851,0.6471001263867434,0.7755613824226034,0.982789598108747,0.6965313860412863,0.8152626060396873,0.9967848699763593,0.7811636942377007,0.8758995249507471,0.21224351100842476,0.5662233228526113,25.663761229986783,cutcraft
ind_窗花-3_s_seed0.png,colour only,0.9586761229314421,0.641707654839788,0.7688028523433028,0.9746572104018912,0.6904159304713242,0.8082754424316851,0.9932860520094563,0.7801442146984384,0.8739067800554979,0.2185200384301057,0.5776256340604817,25.856155789403243,cutcraft
ind_窗花-3_s_seed0.png,ground only,0.9676595744680851,0.6513074204946997,0.7785753055185596,0.982789598108747,0.7010600706713781,0.818356362660759,0.9967848699763593,0.7863368669022379,0.8791420971681309,0.2137952685865278,0.5681797558302678,25.663761229986783,cutcraft
ind_窗花-3_s_seed0.png,colour + merge (no ground),0.8973995271867612,0.656520310960254,0.7582901024634416,0.9208510638297872,0.6931457352458119,0.7909358780088743,0.9570685579196218,0.7799737216686741,0.8594935584291786,0.2487726603170655,0.5372962187252349,22.117009352048584,cutcraft
ind_窗花-3_s_seed0.png,full projection,0.8973995271867612,0.6600616468516072,0.760646903656495,0.9208510638297872,0.6968846323205636,0.7933644000884797,0.9570685579196218,0.7841259357111404,0.8620085593695638,0.25015142734359724,0.539517996959061,22.117009352048584,cutcraft
ind_窗花-3_s_seed1.png,raw,0.985531914893617,0.49483302789655875,0.6588561069493309,0.9943262411347518,0.5554876807167582,0.7127771531486804,0.9999054373522459,0.6355630217878232,0.7771509352125524,0.036371650940147396,0.7226943105460836,43.12984123266358,cutcraft
ind_窗花-3_s_seed1.png,colour only,0.984113475177305,0.5386053159616283,0.69618730959971,0.9942316784869977,0.6052884747533053,0.7524718897773122,0.9991489361702127,0.6927517110579698,0.8182065965488279,0.03951929743471227,0.738109650639917,43.63174008331521,cutcraft
ind_窗花-3_s_seed1.png,ground only,0.985531914893617,0.615240988638881,0.757558587250298,0.9943262411347518,0.6906547675559354,0.8151262897370181,0.9999054373522459,0.7901832336466343,0.8827590773891267,0.06676275000632127,0.7968882338426244,43.12984123266358,cutcraft
ind_窗花-3_s_seed1.png,colour + merge (no ground),0.8723404255319149,0.5628621710949908,0.684234305320817,0.911678486997636,0.6160449843327467,0.7352573548534593,0.9448699763593381,0.687599261707516,0.7959621939628516,0.08090225563909774,0.7613060023664098,26.3245947166781,cutcraft
ind_窗花-3_s_seed1.png,full projection,0.8730023640661938,0.6286658999424957,0.7309561372663118,0.9125295508274232,0.6881828637147787,0.7846346336888739,0.9462884160756501,0.7682576193214491,0.8480300566060541,0.10903931901094448,0.8057537399309551,26.3245947166781,cutcraft
ind_窗花-4_s_seed0.png,raw,0.9720260223048327,0.6094541769219632,0.7491782946889319,0.9894981412639405,0.6793832343998841,0.8056275987586854,0.9982342007434944,0.7794990589257276,0.8754098690956739,0.07102144508912578,0.8610738971154872,41.46675569445114,cutcraft
ind_窗花-4_s_seed0.png,colour only,0.9681226765799257,0.6005504718329997,0.7412717312086685,0.9855018587360594,0.6730769230769231,0.7998637942776354,0.9956319702602231,0.7768086931655704,0.8727125095368097,0.07089905802352155,0.8615198476949629,44.227075919131565,cutcraft
ind_窗花-4_s_seed0.png,ground only,0.9720260223048327,0.6113350034491523,0.7505976489669133,0.9894981412639405,0.6814798678430091,0.8070998647071886,0.9982342007434944,0.7819046581708601,0.8769248169581765,0.10648734407522233,0.859998090828819,41.46675569445114,cutcraft
ind_窗花-4_s_seed0.png,colour + merge (no ground),0.9060408921933085,0.5952558752470898,0.7184804177147385,0.9349442379182156,0.6511750494179662,0.7676753762346722,0.9598513011152416,0.7504941796617615,0.8423594214433212,0.08481127162084372,0.8676587431971469,37.09567503940856,cutcraft
ind_窗花-4_s_seed0.png,full projection,0.9060408921933085,0.5951251646903821,0.718385194909241,0.9349442379182156,0.6510320597277119,0.7675760020448182,0.9598513011152416,0.7503293807641633,0.8422556049457955,0.12075625127058344,0.865539061328535,37.09567503940856,cutcraft
ind_窗花-4_s_seed1.png,raw,0.9763011152416357,0.5572600885479823,0.7095297462985167,0.9891263940520446,0.6686782662643468,0.7979315514347715,0.995817843866171,0.7626970474605905,0.8638053997396269,0.12302284710017575,0.8476641641612078,43.70392295884301,cutcraft
ind_窗花-4_s_seed1.png,colour only,0.9763940520446097,0.5584275862068966,0.7104999826444911,0.9884758364312267,0.673903448275862,0.8014263421548158,0.9947026022304832,0.7732137931034483,0.8700838728691447,0.13114754098360656,0.859281898195861,47.65510452733818,cutcraft
ind_窗花-4_s_seed1.png,ground only,0.9763011152416357,0.5768961289192504,0.7252450854646322,0.9891263940520446,0.6922403222981258,0.8144721400201291,0.995817843866171,0.7895720207858936,0.8807823130207943,0.13956579530350022,0.8608388420332801,43.70392295884301,cutcraft
ind_窗花-4_s_seed1.png,colour + merge (no ground),0.8598513011152417,0.5811810512654121,0.6935712196724967,0.903996282527881,0.6465065974475449,0.7538709773071723,0.9475836431226766,0.7385680294181267,0.8301210328906861,0.1525746980292435,0.8681769703651332,32.12572191666724,cutcraft
ind_窗花-4_s_seed1.png,full projection,0.8598513011152417,0.591858313507798,0.701118372185886,0.903996282527881,0.6583839985901841,0.7618845352751762,0.9475836431226766,0.7521808088818398,0.8386505910588623,0.1647301073687307,0.8778976067858225,32.12572191666724,cutcraft
ind_边框-12_s_seed0.png,raw,0.98351324828263,0.5736960710669845,0.724678024169201,0.9949950932286555,0.6561285476338221,0.7907883689217587,0.9983316977428852,0.7323883862960907,0.8449275510709129,0.037325543654657574,0.789982517117205,40.63535716804174,cutcraft
ind_边框-12_s_seed0.png,colour only,0.9818449460255152,0.5751467126421538,0.7253794712222297,0.9939156035328753,0.6597592918006697,0.7930761439832122,0.9977428851815505,0.7403269122376579,0.8499726656436358,0.036108645481981186,0.7936762267266532,39.753896058105916,cutcraft
ind_边框-12_s_seed0.png,ground only,0.98351324828263,0.6353213497775688,0.771971349230832,0.9949950932286555,0.7266085572715107,0.8398819890664909,0.9983316977428852,0.8110239068320735,0.8949825802849118,0.054424988168480834,0.8192916428886176,40.63535716804174,cutcraft
ind_边框-12_s_seed0.png,colour + merge (no ground),0.9002944062806674,0.6079648179819204,0.7258000694306033,0.9475956820412169,0.6569753237234303,0.775966881778825,0.9791952894995093,0.731199609088688,0.8372186019667384,0.05237315875613748,0.8082324593295978,30.89521190325083,cutcraft
ind_边框-12_s_seed0.png,full projection,0.9002944062806674,0.6352124183006536,0.7448722178776706,0.9475956820412169,0.686376633986928,0.796105941624527,0.9791952894995093,0.7639399509803921,0.8582769530315294,0.06087990487514863,0.8235020664908879,30.89521190325083,cutcraft
ind_边框-12_s_seed1.png,raw,0.9763493621197252,0.425758033645613,0.5929482803139194,0.9928361138370952,0.48216983983076456,0.6491033189345724,0.9996074582924436,0.5399415734864511,0.7011528866678257,0.00707250450532138,0.7598084522135155,54.06000987236443,cutcraft
ind_边框-12_s_seed1.png,colour only,0.977036310107949,0.48299300381093224,0.646427709022843,0.9919528949950932,0.5499402764347876,0.7075909789236617,0.9989205103042198,0.6197599681474318,0.7649328596835255,0.006571168996029919,0.7458809451800813,58.45850081094422,cutcraft
ind_边框-12_s_seed1.png,ground only,0.9763493621197252,0.5628391650297966,0.7140485392917144,0.9928361138370952,0.6374138562439657,0.776380932437875,0.9996074582924436,0.7138196224656257,0.832879819054156,0.011747872580766622,0.8164709099807123,54.06000987236443,cutcraft
ind_边框-12_s_seed1.png,colour + merge (no ground),0.8365063788027478,0.486645032451323,0.6153213765193715,0.8939156035328754,0.5343235147279082,0.6688517644460604,0.9417075564278704,0.5981444499916792,0.7315990706175509,0.015454716272078164,0.7599343515541265,42.9271560538749,cutcraft
ind_边框-12_s_seed1.png,full projection,0.8365063788027478,0.5543601895734597,0.6668157036427798,0.8939156035328754,0.608388625592417,0.7240185774430447,0.9417075564278704,0.6814218009478673,0.7906949081431073,0.024339651278843542,0.8280087878721525,42.9271560538749,cutcraft
ind_边框-2_s_seed0.png,raw,0.9795726696407607,0.19548502183674724,0.32592746059067906,0.9931908898802536,0.22088946300055362,0.36140178333687184,1.0,0.24512517684689672,0.39373579685801796,0.0,0.1894378662109375,46.49617398308498,cutcraft
ind_边框-2_s_seed0.png,colour only,0.9737027471237379,0.19851023037998555,0.32978641315638235,0.9936604836816154,0.22575981393594619,0.367926639157549,1.0,0.25194078637206524,0.4024803554841463,0.0,0.24887115931061787,49.87917841320983,cutcraft
ind_边框-2_s_seed0.png,ground only,0.9795726696407607,0.5357835286183933,0.6926937733599572,0.9931908898802536,0.6054117845401669,0.7522688140746924,1.0,0.6718368035067015,0.8037109867392729,0.0,0.7638472305538893,46.49617398308498,cutcraft
ind_边框-2_s_seed0.png,colour + merge (no ground),0.9192298661657666,0.20945674044265594,0.341173343171278,0.9528058229631369,0.22909456740442655,0.36937569292835915,0.9826250293496126,0.25464788732394367,0.4044756567180663,0.0,0.25670185160296505,39.750302053966976,cutcraft
ind_边框-2_s_seed0.png,full projection,0.9192298661657666,0.4950542134297128,0.643532123314228,0.9528058229631369,0.5414685181662545,0.6905216035096927,0.9826250293496126,0.6018641810918774,0.7464952171496346,0.0,0.7660742934715538,39.750302053966976,cutcraft
ind_边框-2_s_seed1.png,raw,0.949988260154966,0.19936469520496142,0.32956650792232295,0.9830946231509744,0.2357283315685978,0.3802738607639012,0.9988260154965954,0.2857661473302072,0.4443911002438952,0.0,0.3920732670140534,53.86629077728554,cutcraft
ind_边框-2_s_seed1.png,colour only,0.9504578539563278,0.1900782854921992,0.3168008326329184,0.9819206386475698,0.22688912331353062,0.3686057473671833,0.9992956092979572,0.27919049469768475,0.4364440640178785,0.0,0.39231796241142036,62.1627064035441,cutcraft
ind_边框-2_s_seed1.png,ground only,0.949988260154966,0.5148035309741427,0.6677499337087052,0.9830946231509744,0.6087024451214749,0.7518698367087956,0.9988260154965954,0.737832981798297,0.8487178869996949,0.0,0.7760830155654185,53.86629077728554,cutcraft
ind_边框-2_s_seed1.png,colour + merge (no ground),0.8410424982390232,0.2101956184811293,0.336333786369595,0.8999765203099319,0.2481883299124534,0.3890794418464917,0.954918995069265,0.3067900975997989,0.46438548061417934,0.0,0.4779687770698185,42.65002013693113,cutcraft
ind_边框-2_s_seed1.png,full projection,0.8410424982390232,0.4949723974763407,0.623185898702062,0.8999765203099319,0.5840891167192429,0.7084140723966537,0.954918995069265,0.7220031545741324,0.8222856701479963,0.0,0.7805598780276952,42.65002013693113,cutcraft
ind_边框-9_s_seed0.png,raw,0.946901742447675,0.4619018145095612,0.6209178431427295,0.9823693164243736,0.5100498420041046,0.6714699577557646,0.9993813795236622,0.5808710948952667,0.7347076059543085,0.016731790124311495,0.6015546530416176,37.88730521403789,cutcraft
ind_边框-9_s_seed0.png,colour only,0.9506134653057016,0.49429465818438856,0.6503986658525857,0.9847406949170018,0.5496650846544818,0.7055207750656813,0.9995875863491082,0.6278568783870208,0.7712680281736376,0.01553067771070415,0.5841349721870781,42.34819086304235,cutcraft
ind_边框-9_s_seed0.png,ground only,0.946901742447675,0.6132929205455726,0.7444303571469653,0.9823693164243736,0.677289456592336,0.8017893693709891,0.9993813795236622,0.7713790863823339,0.8707014983983765,0.027473626773372135,0.7661716446965905,37.88730521403789,cutcraft
ind_边框-9_s_seed0.png,colour + merge (no ground),0.838333848850397,0.5221849454236167,0.6435270382902885,0.9006083101350655,0.5712328119831782,0.6990659654263168,0.9638107021342407,0.6433870434248452,0.7716577748827813,0.03080274888883067,0.5911132102892022,26.487264111026487,cutcraft
ind_边框-9_s_seed0.png,full projection,0.838333848850397,0.5713104161281986,0.6795315271237558,0.9006083101350655,0.6249676919100543,0.7378866685705504,0.9638107021342407,0.7037477384337038,0.8135002473126646,0.04041752361746862,0.7581877831006394,26.487264111026487,cutcraft
ind_边框-9_s_seed1.png,raw,0.9264872667285288,0.3499456043102108,0.5080097101811325,0.9711310444375709,0.37983733098482103,0.5460850611552437,0.9951541396020208,0.4217738175413148,0.5924506724367317,0.004357298474945534,0.4309733959963736,33.26926099203327,cutcraft
ind_边框-9_s_seed1.png,colour only,0.9241158882359006,0.3289595482736277,0.48520102826906303,0.9669038045159295,0.35823382393779507,0.522779883137006,0.9921641406330549,0.39981949458483756,0.5699586621806985,0.004369992716678806,0.4358119144720896,34.466083971034465,cutcraft
ind_边框-9_s_seed1.png,ground only,0.9264872667285288,0.5963889992495475,0.7256621252374689,0.9711310444375709,0.6473314792742683,0.7768405957565013,0.9951541396020208,0.7191100516487883,0.8349067178560853,0.024508653640577988,0.7674571805006588,33.26926099203327,cutcraft
ind_边框-9_s_seed1.png,colour + merge (no ground),0.8605010825858336,0.3409063661431483,0.48834439546205405,0.9254562326012991,0.3659633137513488,0.5245127821878673,0.9795855242808537,0.4008212444551013,0.568873896861569,0.004883153121730031,0.4526728922851231,24.129885516024128,cutcraft
ind_边框-9_s_seed1.png,full projection,0.8605010825858336,0.6048391385269875,0.7103670888082223,0.9254562326012991,0.6493485775059824,0.7631976792638329,0.9795855242808537,0.7115128955065142,0.8243017965388123,0.024320351904918,0.7761332707648991,24.129885516024128,cutcraft
ood_bicycle_s_seed0.png,raw,0.932973515752479,0.3083779465762256,0.46354069049554536,0.9759005899334756,0.34156459343554674,0.5060218553658297,0.9952303250910004,0.36869691958404577,0.538061478821919,0.02112648272087304,0.48138904581763053,21.28510487024529,cutcraft
ood_bicycle_s_seed0.png,colour only,0.8963223296096398,0.3138656673392909,0.46492744407199604,0.9451487385465044,0.3485442490631306,0.5092802704888111,0.9718840215890548,0.3776592678005189,0.5439484762972907,0.018839126073873794,0.4634680250567908,24.42528735632184,cutcraft
ood_bicycle_s_seed0.png,ground only,0.932973515752479,0.6637707390648567,0.775679033396372,0.9759005899334756,0.7352036199095022,0.8386229690320862,0.9952303250910004,0.7933031674208145,0.882867860751254,0.29516486566745265,0.7865190318125651,21.28510487024529,cutcraft
ood_bicycle_s_seed0.png,colour + merge (no ground),0.7672900715451236,0.3098393887416186,0.44142639398567024,0.8313041295343291,0.32968189614844845,0.47212613354193383,0.9107568720974017,0.3565414002806799,0.5124642518189799,0.07912868656000932,0.48294474848189517,17.04882095034957,cutcraft
ood_bicycle_s_seed0.png,full projection,0.7672900715451236,0.6558554097548899,0.7072099808297807,0.8313041295343291,0.6976974498638276,0.7586634036907518,0.9107568720974017,0.7540645374267558,0.8250367943822394,0.3121593791733192,0.7881086371421581,17.04882095034957,cutcraft
ood_bicycle_s_seed1.png,raw,0.9189155265470064,0.38215447012342224,0.5398136565049241,0.9632232960963977,0.43040453131009404,0.5949589454952968,0.9923434165934479,0.4714170833187651,0.6391860405156684,0.07288737264303168,0.6483572451303538,36.600900580637514,cutcraft
ood_bicycle_s_seed1.png,colour only,0.9107568720974017,0.3818425460636516,0.53808738887009,0.9545625706037404,0.428107202680067,0.5911102126919506,0.9849378687084223,0.4716247906197655,0.6378319712209832,0.06040802546541912,0.6308289307588012,40.45206778054272,cutcraft
ood_bicycle_s_seed1.png,ground only,0.9189155265470064,0.6205643558735026,0.740829715731278,0.9632232960963977,0.6988587974791347,0.8100166375846052,0.9923434165934479,0.7654005564071992,0.8642216555702751,0.2304977634202811,0.8397849194692689,36.600900580637514,cutcraft
ood_bicycle_s_seed1.png,colour + merge (no ground),0.7477093008660726,0.3917211543188634,0.5141051814042833,0.8297979164051713,0.42760926208151023,0.5643824542783908,0.9100037655328229,0.47460793471314094,0.623850004537723,0.09184988340415287,0.7003626237752356,31.75731721767982,cutcraft
ood_bicycle_s_seed1.png,full projection,0.7477093008660726,0.6159870997466022,0.6754865430269155,0.8297979164051713,0.672118559471704,0.7426812198744218,0.9100037655328229,0.7436074637180373,0.8184337165734978,0.26858377725084237,0.8532200686171493,31.75731721767982,cutcraft
ood_carp_fish_s_seed0.png,raw,0.945822454308094,0.5138379158895373,0.6659075613012582,0.979485266691533,0.5697912279646231,0.7204680569368468,0.9984147706079821,0.6175621202093737,0.7631088613812482,0.10827532869296211,0.762569930995535,20.52752028479623,cutcraft
ood_carp_fish_s_seed0.png,colour only,0.9482469227900038,0.6565394048098393,0.775880825495851,0.9808839985080194,0.7304074087631319,0.8373149501053303,0.9982282730324505,0.7943921812657857,0.8847212842116758,0.10325346488965907,0.764558597136942,23.336184377817332,cutcraft
ood_carp_fish_s_seed0.png,ground only,0.9457292055203282,0.7188408238911588,0.8168220612677005,0.979485266691533,0.7971020597278969,0.8789319972539579,0.9984147706079821,0.8639063223958553,0.9263030268431438,0.14463220675944335,0.8059858793683955,20.52752028479623,cutcraft
ood_carp_fish_s_seed0.png,colour + merge (no ground),0.8624580380455054,0.6788924475668974,0.7597444628433391,0.9228832525177173,0.7425353858869718,0.8229444011666556,0.9738903394255874,0.8071081723318525,0.8826900715709144,0.14949465695022382,0.7874367914711842,17.372107538315728,cutcraft
ood_carp_fish_s_seed0.png,full projection,0.8624580380455054,0.7087630257545489,0.7780933984592413,0.9228832525177173,0.7751741266670266,0.8426042936540996,0.9738903394255874,0.8425570973489552,0.9034758737414094,0.1673521899476882,0.8127867647751575,17.372107538315728,cutcraft
ood_carp_fish_s_seed1.png,raw,0.9320216337187617,0.6150769920765435,0.7410840569046565,0.9716523685192092,0.6897518313649275,0.8067862121486541,0.9938455800074599,0.7540738525938108,0.8575143126411064,0.15405789616866697,0.7687748618415784,25.90212441341686,cutcraft
ood_carp_fish_s_seed1.png,colour only,0.9304364043267438,0.6390630902908954,0.757703415524904,0.9659641924654979,0.7155647903286739,0.8221207864023936,0.9897426333457665,0.7784284095202115,0.8714584338638423,0.15368352577654903,0.7674908270329338,24.156822857671237,cutcraft
ood_carp_fish_s_seed1.png,ground only,0.9320216337187617,0.6936564805057955,0.7953639045070094,0.9716523685192092,0.777913593256059,0.8640561166651559,0.9938455800074599,0.8503688092729189,0.9165260691864279,0.1910394227237666,0.8199472275479792,25.90212441341686,cutcraft
ood_carp_fish_s_seed1.png,colour + merge (no ground),0.8037113017530773,0.6388094481516788,0.7118349918780019,0.8746736292428199,0.6991314479398368,0.7771125532038835,0.9429317418873555,0.7554814108674929,0.8388623245849607,0.17400896124773405,0.7811741697149687,15.777063732402507,cutcraft
ood_carp_fish_s_seed1.png,full projection,0.8037113017530773,0.6910517873510541,0.7431360001317433,0.8746736292428199,0.756301558203483,0.8111920203416579,0.9429317418873555,0.816968377635197,0.8754421990714246,0.20576755849461062,0.8266676887108828,15.777063732402507,cutcraft
ood_cat_s_seed0.png,raw,0.913876454789615,0.235676543004952,0.3747182496355467,0.9572068039391226,0.2626497358010347,0.41219619844005007,0.982094897045658,0.2999695687055634,0.4595690631236732,0.0,0.17941320169822764,36.90400732445947,cutcraft
ood_cat_s_seed0.png,colour only,0.9197851387645479,0.22398481973434536,0.36024360837539243,0.964189794091316,0.2507779886148008,0.3980312575310921,0.9885407341092212,0.2877166350411132,0.4457088679665429,0.0,0.1795780882439736,38.28908139070827,cutcraft
ood_cat_s_seed0.png,ground only,0.9140555058191585,0.4810633854490038,0.6303672595501334,0.9572068039391226,0.5360388327594965,0.6872278817132538,0.982094897045658,0.6119546198566349,0.7540512424640754,0.015190903542283609,0.5194648388906505,36.90400732445947,cutcraft
ood_cat_s_seed0.png,colour + merge (no ground),0.8211280214861235,0.20871356147021547,0.33282896442263055,0.8907788719785139,0.23165399239543727,0.36768788332017016,0.9534467323187108,0.267553865652725,0.4178513251339092,0.00796776542222288,0.21771447851380782,29.509120360588774,cutcraft
ood_cat_s_seed0.png,full projection,0.8211280214861235,0.46972830350139055,0.5975987645160448,0.8907788719785139,0.5213577693788776,0.6577472350807929,0.9534467323187108,0.6030093417956215,0.7387774008589963,0.02935754042807227,0.5288689626050994,29.509120360588774,cutcraft
ood_cat_s_seed1.png,raw,0.9162041181736795,0.24051158541649365,0.3810058155917374,0.9618621307072516,0.281953326135703,0.43607791741910457,0.989794091316025,0.32876560640035435,0.4935844091194057,0.002476955083461436,0.1993223162929578,47.468131558560465,cutcraft
ood_cat_s_seed1.png,colour only,0.9124440465532677,0.2076538327323485,0.33831419008032143,0.9563115487914056,0.244503896708154,0.38943852866455214,0.9819158460161146,0.28793765266953586,0.445296318218659,0.0026252437916172884,0.19980670979727985,49.510528910486656,cutcraft
ood_cat_s_seed1.png,ground only,0.9162041181736795,0.4679304216705261,0.6194770334992694,0.9618621307072516,0.5486025095589423,0.6986988833617647,0.989794091316025,0.6397759707038613,0.7771945377834616,0.049101252264983755,0.5277698484604023,47.468131558560465,cutcraft
ood_cat_s_seed1.png,colour + merge (no ground),0.7971351835273053,0.19451894324732574,0.3127257565686183,0.864816472694718,0.22170843737476495,0.3529364251112116,0.9319606087735004,0.2644964394710071,0.4120503332894377,0.031946283106321305,0.21197506528852023,35.70673991126136,cutcraft
ood_cat_s_seed1.png,full projection,0.7971351835273053,0.44401326465815283,0.5703404709231809,0.864816472694718,0.5056798137303323,0.6381925104867537,0.9319606087735004,0.6030480491074578,0.7322656117675699,0.12707739053195546,0.5426300856324864,35.70673991126136,cutcraft
ood_crane_bird_s_seed0.png,raw,0.891740376230223,0.34904289204317035,0.5017083125309842,0.9382085461567211,0.39669728175155394,0.557619529700671,0.9769527843528093,0.47042088010637967,0.6350523018661506,0.11595768904930479,0.405568603572257,34.06852504029129,cutcraft
ood_crane_bird_s_seed0.png,colour only,0.8928615921265728,0.3935925989378105,0.5463446999944693,0.9388314438769154,0.4503340757238307,0.6086931824514212,0.9786968979693534,0.5401062189480897,0.6960747909594719,0.12025806108265481,0.4228687518003608,38.037963349847786,cutcraft
ood_crane_bird_s_seed0.png,ground only,0.891740376230223,0.5077829764261292,0.6470925713130632,0.9382085461567211,0.5771099514126327,0.7146345660743056,0.9769527843528093,0.6843170775598344,0.8048607750369365,0.1728646240895684,0.517219700261647,34.06852504029129,cutcraft
ood_crane_bird_s_seed0.png,colour + merge (no ground),0.7775009343465803,0.4010219530658592,0.5291283631950021,0.8455213653918027,0.4532077971233914,0.5901105272601406,0.9105518873800922,0.5521385314155942,0.6874329323763316,0.15287805411709351,0.40792621531273915,28.382976183370143,cutcraft
ood_crane_bird_s_seed0.png,full projection,0.7773763548025414,0.4857830772758542,0.5979233788661249,0.8453967858477638,0.5489566613162119,0.6656650765132271,0.9105518873800922,0.6684246732400826,0.7709238540578777,0.20314274895872778,0.48180234384668846,28.382976183370143,cutcraft
ood_crane_bird_s_seed1.png,raw,0.8932353307586894,0.4176468334546569,0.5691692474053291,0.9558988414102404,0.4925098655223938,0.6500784033989738,0.9938956023420954,0.5758783188383587,0.7292297583172903,0.1303516747712184,0.5636002703159317,38.873634572912316,cutcraft
ood_crane_bird_s_seed1.png,colour only,0.8987168306963996,0.4229806110037919,0.5752296738629595,0.9595116481873677,0.4951706374758532,0.6532312920574641,0.9936464432540177,0.5812406095728697,0.733446456798529,0.029257371957844218,0.5510353508346153,43.469826299767206,cutcraft
ood_crane_bird_s_seed1.png,ground only,0.8932353307586894,0.48451867975656343,0.6282532293399209,0.9558988414102404,0.5714095331171427,0.7152579266730789,0.9938956023420954,0.6682510772511217,0.7991735207181627,0.1839578063546225,0.6232818471486371,38.873634572912316,cutcraft
ood_crane_bird_s_seed1.png,colour + merge (no ground),0.7575682073003612,0.4150278387904173,0.5362663414402457,0.8427806154229476,0.47121622311896616,0.6044640091496105,0.921141148623396,0.5541196301782704,0.6919758187183589,0.08995168051598146,0.5648325850783097,29.144033904375334,cutcraft
ood_crane_bird_s_seed1.png,full projection,0.7575682073003612,0.4785402664780097,0.5865616157272334,0.8427806154229476,0.5433911095389694,0.6607543430092584,0.921141148623396,0.6389576700860747,0.7545293863265493,0.11258793170490296,0.6096494067381232,29.144033904375334,cutcraft
ood_deer_s_seed0.png,raw,0.9431854116158954,0.3685366717845754,0.5299878943435682,0.9822915568672921,0.42695169481516476,0.5952003594928238,0.9996837778012017,0.4801700720444077,0.6487373488382088,0.0,0.31444487677108934,31.025532685459044,cutcraft
ood_deer_s_seed0.png,colour only,0.9424475598186993,0.3785959512252871,0.5401893690958536,0.9802888162749025,0.43807268852847164,0.6055406267381347,0.9993675556024033,0.49582100153900793,0.6628025876170613,0.0,0.29086344323887775,34.94899499004044,cutcraft
ood_deer_s_seed0.png,ground only,0.9431854116158954,0.5472465801473168,0.6926246803666848,0.9822915568672921,0.6339880743598737,0.7706106301982205,0.9996837778012017,0.7130480533146264,0.8323808301349329,0.023514651850524242,0.6061901144860027,31.025532685459044,cutcraft
ood_deer_s_seed0.png,colour + merge (no ground),0.8190154948877412,0.36305994990964713,0.5031010936871889,0.9104037103404659,0.4152743873442602,0.5703757853552327,0.9830294086644883,0.4680277716133532,0.634137744288668,0.0,0.29352385423910493,25.457234260880064,cutcraft
ood_deer_s_seed0.png,full projection,0.8190154948877412,0.5306982994300542,0.6440626630232814,0.9104037103404659,0.6071081043510496,0.7284470083566625,0.9830294086644883,0.6841202909967101,0.8067786177216629,0.05413429733878994,0.6161755204090232,25.457234260880064,cutcraft
ood_deer_s_seed1.png,raw,0.9275851164751766,0.3880962711518338,0.5472332865166466,0.9665858543269737,0.43258211888415304,0.5976805715308041,0.9879835564456625,0.4719124065235701,0.6387327721349608,0.08397382164825727,0.369486008413536,21.48850123739965,cutcraft
ood_deer_s_seed1.png,colour only,0.9346474122483398,0.3869025678830323,0.5472626677776745,0.9731211131021398,0.43152721464553384,0.5979122818920444,0.991356593232845,0.47219560142523653,0.6396959732315098,0.07780027980009749,0.36491218334674397,22.831532564737127,cutcraft
ood_deer_s_seed1.png,ground only,0.9275851164751766,0.6121766459827545,0.7375763696857108,0.9665858543269737,0.6824079297284229,0.8000101129961449,0.9879835564456625,0.7441373196873237,0.8488962239517274,0.2087409936915091,0.6209857359152123,21.48850123739965,cutcraft
ood_deer_s_seed1.png,colour + merge (no ground),0.8413618636028249,0.37701417200543585,0.5207018803596349,0.9022873405713081,0.4116676373519705,0.5653808599936238,0.9619479287445979,0.4488125283116547,0.6120589499721248,0.11124490190117484,0.3697447335218881,16.810526951167983,cutcraft
ood_deer_s_seed1.png,full projection,0.841151048803626,0.6185922974767596,0.7129055407312358,0.9022873405713081,0.6753253652058433,0.7724805024205996,0.9619479287445979,0.7363081009296149,0.8341381278569489,0.2561465564854043,0.63228285933897,16.810526951167983,cutcraft
ood_frog_s_seed0.png,raw,0.9084793491864831,0.38911091057539426,0.5448549326591973,0.9474342928660826,0.44020454643118045,0.6011144562308053,0.9791927409261577,0.5144170856430751,0.6744913793545403,0.05747829899429437,0.6946700487305258,43.067928089680734,cutcraft
ood_frog_s_seed0.png,colour only,0.9042553191489362,0.41102622526024213,0.5651605955867607,0.9436795994993742,0.46593396774337664,0.6238481102778776,0.9780976220275344,0.5469776169414288,0.7016014590786847,0.05657747574569004,0.6958577794876727,46.47469097438022,cutcraft
ood_frog_s_seed0.png,ground only,0.9084793491864831,0.5306182244359801,0.6699416468178275,0.9474342928660826,0.6002929973630238,0.7349333116493781,0.9791927409261577,0.701494286551421,0.8174015768102179,0.10865593297330037,0.7741345793725812,43.067928089680734,cutcraft
ood_frog_s_seed0.png,colour + merge (no ground),0.844180225281602,0.42116266914454964,0.5619618183889785,0.8992490613266583,0.4696556129856554,0.617044235510867,0.9525969962453066,0.5558975550264244,0.7020858520063593,0.07819309632814021,0.7045952758232826,38.78645581566651,cutcraft
ood_frog_s_seed0.png,full projection,0.844180225281602,0.5065660799105896,0.6331804363486206,0.8992490613266583,0.5646828723107014,0.6937351815407938,0.9524405506883604,0.6683431126012853,0.7854929644623198,0.12499198513106496,0.7716243682213069,38.78645581566651,cutcraft
ood_frog_s_seed1.png,raw,0.954630788485607,0.30437263907383755,0.46157696805600396,0.9856070087609512,0.3542680109791559,0.5211964242285602,0.9981226533166458,0.42131151996086635,0.5925185966253236,0.031423503882523525,0.5271460393185115,65.21188684022742,cutcraft
ood_frog_s_seed1.png,colour only,0.9328848560700876,0.38052160852051614,0.5405529142219809,0.964017521902378,0.4426162354065679,0.6066821646975207,0.9826345431789737,0.5280603536560388,0.6869558445889137,0.022352629086680897,0.6781026742143276,66.91526828257717,cutcraft
ood_frog_s_seed1.png,ground only,0.954630788485607,0.4916161882187692,0.6490066454085361,0.9856070087609512,0.5722061276446317,0.7240539403381697,0.9981226533166458,0.6807128434729172,0.8094121321275253,0.12369630384896523,0.7818944865721645,65.21188684022742,cutcraft
ood_frog_s_seed1.png,colour + merge (no ground),0.8413642052565707,0.40138150375192566,0.5434869377716232,0.8886107634543179,0.4539581573324057,0.6009257305421358,0.9327284105131415,0.5440540674849674,0.6872436437441437,0.042728793009182336,0.7114683446812345,52.85086204912184,cutcraft
ood_frog_s_seed1.png,full projection,0.8413642052565707,0.47696941065312387,0.6088064269664345,0.8886107634543179,0.5393882130624779,0.6712976405303065,0.9327284105131415,0.645860399196882,0.7632289546851027,0.06413539521706751,0.7797523369941003,52.85086204912184,cutcraft
ood_potted_chrysanthemum_s_seed0.png,raw,0.8981873929118946,0.5392739273927393,0.6739228890104577,0.9598701415817477,0.6001042209484106,0.7385020387018306,0.9943186942014609,0.6629841931561578,0.795530596421379,0.104262681018449,0.712058908699789,31.3368886457906,cutcraft
ood_potted_chrysanthemum_s_seed0.png,colour only,0.8990891874830913,0.5785032200755053,0.7040182223911587,0.9588781675534314,0.6462358427714857,0.7721089427144604,0.9943186942014609,0.7163372566437191,0.8327419961704527,0.09671012599868621,0.7068528023671965,32.476411869273896,cutcraft
ood_potted_chrysanthemum_s_seed0.png,ground only,0.8981873929118946,0.6484476202415277,0.7531543932619928,0.9598701415817477,0.7215745267644478,0.8238366164595894,0.9943186942014609,0.7971250679035561,0.8848688118479174,0.18025121263440114,0.7780207019803866,31.3368886457906,cutcraft
ood_potted_chrysanthemum_s_seed0.png,colour + merge (no ground),0.7962846063666696,0.5909509202453987,0.6784213810597126,0.8875462169717738,0.6535787321063394,0.7528024661740624,0.9636576787807737,0.7211145194274029,0.8249276010912175,0.14196468935088896,0.6719838790249519,23.82743060303569,cutcraft
ood_potted_chrysanthemum_s_seed0.png,full projection,0.7962846063666696,0.6281723819357644,0.7023083209781446,0.8875462169717738,0.6946361610782023,0.7793307591968139,0.9636576787807737,0.7667518069670126,0.8540016367091167,0.1625325061951183,0.7113999711940083,23.82743060303569,cutcraft
ood_potted_chrysanthemum_s_seed1.png,raw,0.8886283704572099,0.5645167434949903,0.6904273895996668,0.9430967625574894,0.6398719951236238,0.7624423465391699,0.9744792136351339,0.7094746466532058,0.8211249869355672,0.06278850877291664,0.701475105593242,20.73932266739596,cutcraft
ood_potted_chrysanthemum_s_seed1.png,colour only,0.8811434755162774,0.5766232797523589,0.6970770035031538,0.938858328072865,0.6547197255062842,0.7714577462516806,0.9719541888357832,0.7300563159661358,0.833815411112151,0.10229941234990629,0.7033737086714668,23.132321436710882,cutcraft
ood_potted_chrysanthemum_s_seed1.png,ground only,0.8886283704572099,0.6469894773610444,0.7487972424742905,0.9430967625574894,0.7333537091210759,0.8251046130687267,0.9744792136351339,0.8131249181329957,0.8865199142559972,0.07521584575900143,0.7793419719511545,20.73932266739596,cutcraft
ood_potted_chrysanthemum_s_seed1.png,colour + merge (no ground),0.7400126251239968,0.545298612193981,0.6279068380794215,0.8356930291279646,0.6146369353916524,0.7083185411831592,0.9216340517630084,0.6866261240189199,0.7869597547153264,0.11024509127695774,0.710515206131164,15.235425497971649,cutcraft
ood_potted_chrysanthemum_s_seed1.png,full projection,0.7400126251239968,0.626342802578181,0.6784495046693366,0.8356930291279646,0.7060157555502506,0.7654006401617601,0.9216340517630084,0.7883146335640965,0.8497770910087472,0.13298573072816275,0.791572073335082,15.235425497971649,cutcraft
ood_rabbit_s_seed0.png,raw,0.9548369110677446,0.18278781414572362,0.3068367766127407,0.9877334820183997,0.20868608759416038,0.34457182276770554,0.9997212155004181,0.2387840810612626,0.3854929202538571,0.04895601751048566,0.2864665640325031,46.73028346898681,cutcraft
ood_rabbit_s_seed0.png,colour only,0.9567884025648173,0.19445201744820065,0.32321560625480134,0.9880122665179816,0.22300981461286803,0.3638850782731641,0.9997212155004181,0.2577358233369684,0.40981753272885535,0.045818591164415355,0.32452203209913577,53.27907194311909,cutcraft
ood_rabbit_s_seed0.png,ground only,0.9548369110677446,0.4411622665808113,0.6034932149619272,0.9877334820183997,0.5036220218931101,0.6671036275400964,0.9997212155004181,0.5763039278815196,0.7311346087322594,0.16773202629141915,0.6678124145149205,46.73028346898681,cutcraft
ood_rabbit_s_seed0.png,colour + merge (no ground),0.8488988012266518,0.18098025511095578,0.2983533273425861,0.9119040981321439,0.2015114450463044,0.3300818165941555,0.9648731530526903,0.23366241481740346,0.3762167714979489,0.05866589411168248,0.32156661576636764,38.91851436055758,cutcraft
ood_rabbit_s_seed0.png,full projection,0.8488988012266518,0.41987665554544534,0.5618532225747622,0.9119040981321439,0.4677990092002831,0.6183762743227803,0.9648731530526903,0.5426144980285108,0.6946049093395468,0.1942671686377016,0.6489793949916205,38.91851436055758,cutcraft
ood_rabbit_s_seed1.png,raw,0.9534429885698356,0.20455866961274566,0.3368475820657155,0.9818790075271815,0.2424700546575183,0.38890258338152006,0.9969333705046,0.28363763228282357,0.4416277116038984,0.009786062205417044,0.37370758488850553,80.2226588081205,cutcraft
ood_rabbit_s_seed1.png,colour only,0.9517702815723446,0.19097203585422146,0.3181146012807851,0.9771396710342904,0.22331061134668026,0.3635396825880582,0.9852244215221634,0.25919166979764907,0.4104125054649826,0.009279616685114707,0.38435025505463744,85.18102722424923,cutcraft
ood_rabbit_s_seed1.png,ground only,0.9534429885698356,0.42742572452761407,0.5902459173995002,0.9818790075271815,0.5065313810073516,0.6683002665072192,0.9969333705046,0.592320311076007,0.7431209894093759,0.18244465827321094,0.7872903360775771,80.2226588081205,cutcraft
ood_rabbit_s_seed1.png,colour + merge (no ground),0.8238081962642877,0.15706510214179684,0.26382921974073614,0.8764984666852523,0.17675125468297165,0.2941794345087839,0.9311402286032897,0.20714639146108715,0.3388994211115555,0.015556174501490628,0.40402085447885866,56.77175912932298,cutcraft
ood_rabbit_s_seed1.png,full projection,0.8238081962642877,0.39068131868131867,0.5300111174223272,0.8764984666852523,0.43956043956043955,0.5854966665425156,0.9311402286032897,0.5151648351648351,0.6633326735840923,0.20830885308760322,0.7969253038508572,56.77175912932298,cutcraft
ood_rooster_s_seed0.png,raw,0.9250175192711984,0.3902575587905935,0.5489271178790617,0.9665632195414956,0.4427364348976891,0.6072984585997437,0.9945940534588047,0.48773287183141606,0.6545063787530353,0.0,0.2848701477050781,26.085675643102963,cutcraft
ood_rooster_s_seed0.png,colour only,0.9263189508459305,0.4133577845107107,0.5716321544839338,0.9664631094203624,0.4707117418806145,0.6330830702844549,0.9949944939433377,0.5191888587678732,0.6823348769034903,0.014936621741145958,0.4252901965291346,27.00965491382889,cutcraft
ood_rooster_s_seed0.png,ground only,0.9250175192711984,0.6540971718636693,0.7663171607184577,0.9665632195414956,0.7420551977136032,0.839559323177395,0.9945940534588047,0.8173441965618735,0.8972995382378253,0.07523929432823141,0.7334875914873333,26.085675643102963,cutcraft
ood_rooster_s_seed0.png,colour + merge (no ground),0.8314145560116127,0.40198960754820184,0.5419472723626209,0.8925818400240264,0.44639682756734583,0.5951486926191221,0.9587546300931025,0.4941884315602352,0.6522009835095252,0.022375734758750508,0.4406780682044084,20.87657511683651,cutcraft
ood_rooster_s_seed0.png,full projection,0.8314145560116127,0.6496463306808135,0.7293763820794633,0.8925818400240264,0.7213748894783377,0.7978976318605946,0.9587546300931025,0.7974137931034483,0.8706729447355159,0.08520386804606316,0.7273722041521102,20.87657511683651,cutcraft
ood_rooster_s_seed1.png,raw,0.9184102512764041,0.37121952441805106,0.5287282026594036,0.9639603563920313,0.42231075697211157,0.5873177676062437,0.992691961157273,0.46678694028915785,0.6349877928882891,0.0029436501261564337,0.38535409829297995,24.867094286058627,cutcraft
ood_rooster_s_seed1.png,colour only,0.9172089298228051,0.3887676641729011,0.5460759018885,0.964661127239964,0.4449553200332502,0.6090041038113679,0.9932926218840725,0.4932200748129676,0.6591425184129159,0.003086646578966708,0.4141658393739566,25.697336529319603,cutcraft
ood_rooster_s_seed1.png,ground only,0.9184102512764041,0.6473927853961045,0.7594469505867023,0.9639603563920313,0.7370512708533496,0.8353713688383888,0.992691961157273,0.8147873176696655,0.894984335121684,0.028568768041717107,0.7424265020232449,24.867094286058627,cutcraft
ood_rooster_s_seed1.png,colour + merge (no ground),0.8086895585143657,0.3820919508105087,0.5189764345400865,0.8867754529982981,0.4265651201788709,0.5760386687282577,0.9600560616678346,0.4706190609278927,0.6316188421037087,0.008081751405326772,0.4468687352263547,18.58671344590704,cutcraft
ood_rooster_s_seed1.png,full projection,0.8086895585143657,0.6389927553166628,0.7138952576182733,0.8867754529982981,0.7131923346576303,0.7905677358261164,0.9600560616678346,0.7870997896704838,0.8650171919486078,0.03850854067117043,0.7495006273525722,18.58671344590704,cutcraft
ood_teapot_s_seed0.png,raw,0.9656108597285068,0.17940823069990988,0.3025950175620074,0.9924585218702866,0.1972439170922199,0.32908465174865326,1.0,0.21673175127665967,0.35625231452907047,0.006201287911564241,0.4376052861376403,52.20492356998099,cutcraft
ood_teapot_s_seed0.png,colour only,0.9622926093514329,0.1827403539091558,0.30715219149027356,0.9933634992458522,0.19859488296953076,0.3310130803598582,1.0,0.21546380132997708,0.35453758654797235,0.005894709264518061,0.42908478004382267,53.383186966835815,cutcraft
ood_teapot_s_seed0.png,ground only,0.9656108597285068,0.4331429607469858,0.5980288176372146,0.9924585218702866,0.47620342670655424,0.6435955523144338,1.0,0.5233433052307135,0.6870983099262081,0.11392282043867785,0.7584462695908748,52.20492356998099,cutcraft
ood_teapot_s_seed0.png,colour + merge (no ground),0.8322775263951735,0.17038105429674777,0.28285664760748713,0.8621417797888387,0.17894198111012888,0.296370693439716,0.8907993966817497,0.1941562369143442,0.31882273034896075,0.010546407573582602,0.4441102162169707,48.073146591676746,cutcraft
ood_teapot_s_seed0.png,full projection,0.8322775263951735,0.4110711879631709,0.5503288136938703,0.8621417797888387,0.43161913316865036,0.5752483073712449,0.8907993966817497,0.4686728048506625,0.6141993213712061,0.18061998380089833,0.6768331246692567,48.073146591676746,cutcraft
ood_teapot_s_seed1.png,raw,0.9680241327300151,0.23838550964427221,0.38256147517959793,0.9855203619909503,0.2665563634780337,0.41961761365297495,0.9984917043740573,0.30121478643270777,0.46281290062831254,0.07781771841450366,0.6768560347766792,93.89973764001697,cutcraft
ood_teapot_s_seed1.png,colour only,0.9586726998491705,0.26498029237140147,0.4151983837076638,0.9731523378582202,0.29696153270468495,0.45505968638457084,0.9855203619909503,0.3389213191637978,0.5043843997080157,0.08028280370000423,0.680563295751704,95.67498782461156,cutcraft
ood_teapot_s_seed1.png,ground only,0.9680241327300151,0.3809490676315057,0.5467386464156109,0.9855203619909503,0.42596715836348453,0.5948324757433535,0.9984917043740573,0.48142220985249096,0.6496270873841555,0.1964371339261327,0.815023413945731,93.89973764001697,cutcraft
ood_teapot_s_seed1.png,colour + merge (no ground),0.9088989441930618,0.2803246753246753,0.4284926690863797,0.9469079939668175,0.3081168831168831,0.4649443130999516,0.983710407239819,0.3468831168831169,0.5129027399988783,0.09000978702307529,0.7109316282461159,78.8965170533989,cutcraft
ood_teapot_s_seed1.png,full projection,0.9073906485671192,0.36779256226543844,0.5234252282765046,0.9444947209653092,0.40421357898328214,0.56613812120346,0.9828054298642533,0.4546229955646537,0.6216740126713076,0.1757113199410284,0.823439225622036,78.8965170533989,cutcraft
ood_tiger_s_seed0.png,raw,0.870986524704708,0.5025007718431614,0.6373140866015351,0.9292131092996174,0.5841926520531028,0.7173746585437202,0.9782898020296124,0.6652670577338685,0.7919701400545971,0.13663215635404224,0.7448681285786165,39.599655581036494,cutcraft
ood_tiger_s_seed0.png,colour only,0.8608384628181667,0.5164435159687273,0.6455823125058362,0.9202295791049742,0.5970626404583294,0.724230567117002,0.9738812177674264,0.6857848257525401,0.8048281325486687,0.13793544782847122,0.7455728801458495,40.93811541445366,cutcraft
ood_tiger_s_seed0.png,ground only,0.870986524704708,0.5614349775784754,0.6827631380697724,0.9292131092996174,0.6527078302863056,0.7667951757479121,0.9782898020296124,0.7432907899275613,0.8447513908158149,0.1781726686585941,0.7813454125161178,39.599655581036494,cutcraft
ood_tiger_s_seed0.png,colour + merge (no ground),0.7033771419065047,0.5248243670140035,0.6011219829841331,0.7927133588421228,0.5890895374605121,0.675898345775069,0.8946098818832141,0.6762223584327408,0.7702352786986635,0.17724057712976066,0.7598461328178392,30.426516850101024,cutcraft
ood_tiger_s_seed0.png,full projection,0.7033771419065047,0.5493805833868022,0.6169137683362752,0.7927133588421228,0.6166526824934604,0.6936861040232789,0.8946098818832141,0.7078623957356498,0.790354632754845,0.18843536113881337,0.7863797110235425,30.426516850101024,cutcraft
ood_tiger_s_seed1.png,raw,0.9046747629346199,0.5269638100188422,0.6659933155061996,0.9623190816835802,0.6225391462543045,0.7560061701102544,0.9932623523540176,0.7353973101163017,0.8450969013959696,0.15076579571419163,0.7395454833196177,52.07205517523594,cutcraft
ood_tiger_s_seed1.png,colour only,0.8858758941939777,0.5080544455544456,0.6457613747556414,0.9426052237564465,0.601461038961039,0.7343471337983464,0.9815338545999002,0.7151286213786214,0.8274161328070259,0.06886776908421066,0.7358092451064738,54.672247845250176,cutcraft
ood_tiger_s_seed1.png,ground only,0.9046747629346199,0.5435263369521511,0.6790694470116821,0.9623190816835802,0.642072108296475,0.7702338999233537,0.9932623523540176,0.758510923468704,0.8601573668566306,0.20188181753565348,0.7865497864082903,52.07205517523594,cutcraft
ood_tiger_s_seed1.png,colour + merge (no ground),0.7274995840958243,0.5006165791276547,0.5931008222396797,0.8123440359341207,0.5762502854532998,0.6742264106706197,0.8976875727832307,0.6902032427494862,0.7803897694351709,0.09544646957643783,0.7498094866064281,39.65933213411879,cutcraft
ood_tiger_s_seed1.png,full projection,0.7274995840958243,0.5173194903256253,0.6046657249873376,0.8124272167692563,0.5955167531854648,0.6872631704875168,0.8976875727832307,0.7134497404436054,0.7950346138020017,0.1438152759167153,0.7879232977132153,39.65933213411879,cutcraft
ood_woman_beating_a_drum_s_seed0.png,raw,0.9346345430517434,0.43057462533960444,0.5895505648825194,0.9719426654467825,0.49630451929537556,0.6570821893888978,0.9945105215004575,0.6031959335105606,0.7509323136563355,0.04016887322211748,0.8269907058528008,75.90867672370153,cutcraft
ood_woman_beating_a_drum_s_seed0.png,colour only,0.9353461421164989,0.4297468535879132,0.5889152795524221,0.9715360374097795,0.4963160459849202,0.656999339475571,0.9918674392599369,0.6032510535821795,0.7502202255599316,0.019572337762628816,0.8250815777795181,77.37673382606054,cutcraft
ood_woman_beating_a_drum_s_seed0.png,ground only,0.9346345430517434,0.4284343933492239,0.5875412061152134,0.9719426654467825,0.49383756758328007,0.6549164614431044,0.9945105215004575,0.6002267310040114,0.7486271463613928,0.04042570744988037,0.8280567170748577,75.90867672370153,cutcraft
ood_woman_beating_a_drum_s_seed0.png,colour + merge (no ground),0.8032936870997255,0.42979152917426916,0.55997560849503,0.857680187048897,0.480142862688769,0.6156404920095344,0.9164379383958524,0.5849994176792578,0.7141365680446461,0.02780541264381974,0.8284638814765107,57.652880429280145,cutcraft
ood_woman_beating_a_drum_s_seed0.png,full projection,0.8032936870997255,0.42966930600838377,0.5598718582574541,0.8577818440581478,0.48004968172643997,0.6155900698921568,0.9164379383958524,0.5848470734358019,0.7140230429696122,0.027936967296866767,0.8291680877298843,57.652880429280145,cutcraft
ood_woman_beating_a_drum_s_seed1.png,raw,0.924773813154417,0.5244332682780364,0.6693069050851416,0.9635051336789672,0.5713481459240354,0.7173283323317478,0.9850564196401342,0.6344017414802582,0.7717661660906,0.22588361438337806,0.851849651671437,56.1468563328946,cutcraft
ood_woman_beating_a_drum_s_seed1.png,colour only,0.9243671851174139,0.5224884107717895,0.6676148509827857,0.9609637084476975,0.5692699670901306,0.7149859363676085,0.9829216224458677,0.6329664885523196,0.7700489206488229,0.21197574422513707,0.8491679045835218,61.379973676217475,cutcraft
ood_woman_beating_a_drum_s_seed1.png,ground only,0.924773813154417,0.5207199821122457,0.6662750196790792,0.9635051336789672,0.5673026757099202,0.7141315023922302,0.9850564196401342,0.6299098159051949,0.768433041254541,0.22609865430439485,0.8519600747518175,56.1468563328946,cutcraft
ood_woman_beating_a_drum_s_seed1.png,colour + merge (no ground),0.8581884720951509,0.5147952443857332,0.6435492845517564,0.9093219477482972,0.5560546014971378,0.6901061076051007,0.9497814374301108,0.6202553940995156,0.7504372482875749,0.21054710645862137,0.8492814203529335,50.38852890553812,cutcraft
ood_woman_beating_a_drum_s_seed1.png,full projection,0.8580868150859001,0.5122688633774428,0.6415431618981431,0.9093219477482972,0.5533695556918763,0.6880344638946323,0.9497814374301108,0.6172990973621943,0.7482694233001633,0.21064544523685488,0.8494873355998686,50.38852890553812,cutcraft
repo_bird_s_seed0.png,raw,0.9364820846905537,0.2461774658478506,0.38986838827129805,0.9825732899022801,0.28026695074570745,0.43613247500536706,0.9996742671009772,0.3071813510464971,0.46995442757448036,0.04321949338006557,0.2655158026494211,16.982655419137505,cutcraft
repo_bird_s_seed0.png,colour only,0.9288273615635179,0.23951289661291802,0.3808242166860551,0.9773615635179153,0.27136431784107945,0.4247866692399912,0.996742671009772,0.29847321237340513,0.45938440184789175,0.04323953328757721,0.26375603399769004,16.954815000417607,cutcraft
repo_bird_s_seed0.png,ground only,0.9364820846905537,0.6787904967602592,0.7870809506383505,0.9825732899022801,0.7727861771058315,0.8651436594056596,0.9996742671009772,0.8469978401727862,0.9170246756592363,0.35804496704344985,0.765447339354168,16.982655419137505,cutcraft
repo_bird_s_seed0.png,colour + merge (no ground),0.6511400651465798,0.18670964542524177,0.29020510278081724,0.74185667752443,0.20381849739647906,0.3197802317465286,0.8661237785016287,0.22543185387222084,0.35774977157291166,0.04511149219626514,0.2734116840202008,10.189593251482503,cutcraft
repo_bird_s_seed0.png,full projection,0.6511400651465798,0.6458899213724089,0.6485043674413036,0.74185667752443,0.7050750536097212,0.7229983632555662,0.8661237785016287,0.7799857040743388,0.8208010127405878,0.3430347288976487,0.7616739020251658,10.189593251482503,cutcraft
repo_bird_s_seed1.png,raw,0.9374592833876222,0.39899239355922156,0.5597495664005472,0.9858306188925081,0.44166748987454313,0.6100313999908415,0.9998371335504886,0.4767855378840265,0.6456732579531356,0.11340257252778096,0.4429371793438428,12.58386926139369,cutcraft
repo_bird_s_seed1.png,colour only,0.9237785016286645,0.3766933858341537,0.5351615131307511,0.9737785016286645,0.41831903623494116,0.5852321022458689,0.9933224755700326,0.45239769371396427,0.6216649758503201,0.11613409437766031,0.4473324213406293,12.36114591163451,cutcraft
repo_bird_s_seed1.png,ground only,0.9374592833876222,0.6995406881012219,0.8012106580202525,0.9856677524429968,0.7740705433746425,0.8671475463525175,0.9998371335504886,0.83560100528642,0.9103710947696699,0.32787367133853823,0.7540642641877838,12.58386926139369,cutcraft
repo_bird_s_seed1.png,colour + merge (no ground),0.6317589576547231,0.33842275837234426,0.44074549240419514,0.7193811074918567,0.3720561757292042,0.4904545370767761,0.8366449511400651,0.40475333093266114,0.5455700006552711,0.15599640293683642,0.4813981091147219,7.683955566691723,cutcraft
repo_bird_s_seed1.png,full projection,0.6317589576547231,0.6541353383458647,0.6427524576535087,0.7193811074918567,0.7191590086326929,0.7192700409171486,0.8366449511400651,0.7822333611807296,0.808524751075293,0.363358604531417,0.7591229816891044,7.683955566691723,cutcraft
repo_fish_s_seed0.png,raw,0.9806201550387597,0.24530516431924881,0.3924401991999347,0.9961240310077519,0.26977248104008666,0.42456369649663467,1.0,0.3023955700012038,0.46436824105739904,0.0,0.17507171630859375,36.56251361833791,cutcraft
repo_fish_s_seed0.png,colour only,0.9810761513907889,0.23522770041400076,0.37947143993705235,0.9956680346557227,0.2594308213427521,0.4116121607169591,1.0,0.2954749428215744,0.4561646590832905,0.0,0.17507171630859375,38.50176493659302,cutcraft
repo_fish_s_seed0.png,ground only,0.9806201550387597,0.5989858906525574,0.7437014293024862,0.9961240310077519,0.6587301587301587,0.793032939251989,1.0,0.7384626690182245,0.8495582702794099,0.2864298933408319,0.7332211779549976,36.56251361833791,cutcraft
repo_fish_s_seed0.png,colour + merge (no ground),0.9024167806657547,0.2099807044758049,0.34068777368886133,0.9475604195166438,0.22749801369603875,0.36690620177525146,0.9829001367989056,0.25829518368582344,0.4090868974274672,0.0,0.17507171630859375,25.38458186255284,cutcraft
repo_fish_s_seed0.png,full projection,0.9024167806657547,0.5745936432342893,0.7021249644932572,0.9475604195166438,0.6224246816440625,0.7513255915869865,0.9829001367989056,0.706491355212755,0.822083517017106,0.3077418996863713,0.731511122055323,25.38458186255284,cutcraft
repo_fish_s_seed1.png,raw,0.9831281349749202,0.23479513444302177,0.3790611583215278,0.9958960328317373,0.2581946222791293,0.4100740229238723,1.0,0.27948143405889886,0.4368667283780741,0.06215688848520749,0.33814026559165283,16.930317688586744,cutcraft
repo_fish_s_seed1.png,colour only,0.9619243046055631,0.28499208891290084,0.4397100212502252,0.9735522115823073,0.31169683170609347,0.4722090888692812,0.9856361149110807,0.33801566781152315,0.5033959141664136,0.07432531930141464,0.3618807324891301,17.104632413823158,cutcraft
repo_fish_s_seed1.png,ground only,0.9829001367989056,0.6057676417121137,0.7495703078528285,0.9958960328317373,0.6661708808461412,0.7983275907401586,1.0,0.7207899520740374,0.8377430972388956,0.2848574813258878,0.7133385703063629,16.930317688586744,cutcraft
repo_fish_s_seed1.png,colour + merge (no ground),0.9149566803465572,0.2914575361526611,0.4420886559411633,0.9432284541723667,0.3154102271033146,0.4727391671123317,0.9696762425900592,0.34289121900313074,0.5066306739868464,0.09879338461886676,0.3770755978635567,13.59654856844032,cutcraft
repo_fish_s_seed1.png,full projection,0.9149566803465572,0.5993052717613404,0.7242318427160427,0.9432284541723667,0.6485492439722109,0.7686124784379327,0.9696762425900592,0.7053534940743768,0.8166595623476169,0.3173906022929114,0.7207339684163416,13.59654856844032,cutcraft
repo_motif_s_seed0.png,raw,0.9717754651529485,0.28591745827295656,0.4418368996649921,0.9922737306843267,0.3315891160843664,0.49707138481066626,0.99921160517187,0.39397842537433586,0.5651315415558017,0.007952194317818635,0.5190559468103544,48.071378713847835,cutcraft
repo_motif_s_seed0.png,colour only,0.9683065279091769,0.32272231555987857,0.4841009191071351,0.989435509303059,0.37371415097120286,0.5425171748574643,0.9981078524124882,0.44787337518790343,0.6183011565141426,0.007223703185771097,0.5015718602757036,53.412643015386486,cutcraft
repo_motif_s_seed0.png,ground only,0.9717754651529485,0.5308389796731766,0.6866116563293255,0.9922737306843267,0.6156337186129932,0.7598412047535976,0.99921160517187,0.7315165404543643,0.844661616492867,0.028184128356273614,0.7555499495459133,48.071378713847835,cutcraft
repo_motif_s_seed0.png,colour + merge (no ground),0.749921160517187,0.27964824120603016,0.40738221868445645,0.8014821822768843,0.31411222780569514,0.4513384999893047,0.8743298643960895,0.38040201005025126,0.5301480653147459,0.012963824719276847,0.5320934892025303,35.52244241449425,cutcraft
repo_motif_s_seed0.png,full projection,0.749921160517187,0.4997753482102741,0.5998130050141096,0.8014821822768843,0.5611801707353602,0.6601428547537622,0.8743298643960895,0.6799460835704658,0.7649827790523203,0.04680732444910857,0.7728739570742927,35.52244241449425,cutcraft
repo_motif_s_seed1.png,raw,0.9534847051403342,0.2617683406358836,0.4107656589773996,0.9878587196467992,0.31229637119424786,0.4745659891986041,0.9990539262062441,0.3661105493764746,0.5358536474133873,0.05947150046583573,0.45925055435474504,50.48405207732694,cutcraft
repo_motif_s_seed1.png,colour only,0.9542730999684642,0.26386420420884527,0.4134156490530322,0.9850204982655314,0.3127527496587075,0.4747637844985373,0.9976348155156102,0.3675913762460397,0.5372325216719425,0.050642128983224864,0.4643084227035734,57.58550575096355,cutcraft
repo_motif_s_seed1.png,ground only,0.9534847051403342,0.5341280302596138,0.6846982353943797,0.9878587196467992,0.6372284944695971,0.7747174664855944,0.9990539262062441,0.7470915238695627,0.854894098455417,0.315851594469364,0.7756555060139794,50.48405207732694,cutcraft
repo_motif_s_seed1.png,colour + merge (no ground),0.7098707032481867,0.2295890410958904,0.3469622515323566,0.7669504888047934,0.25874755381604697,0.38694928649604454,0.8304951119520656,0.30532289628180037,0.4464961307020809,0.06359523126684188,0.5013112723547087,38.010986009529304,cutcraft
repo_motif_s_seed1.png,full projection,0.7098707032481867,0.5109756097560976,0.5942215847752806,0.7669504888047934,0.5756968641114982,0.6577020993258949,0.8304951119520656,0.6795296167247387,0.7474659380062973,0.2906153513190326,0.7775601301137308,38.010986009529304,cutcraft
ind_人物-16_s_seed0.png,raw,0.9586275894538606,0.37487673394254156,0.5389816493228543,0.9908780602636534,0.4137466307277628,0.5837466214648125,0.997587099811676,0.43493195713628297,0.6057615884837236,0.0,0.3048896789550781,16.953393806693775,cutline
ind_人物-16_s_seed0.png,colour only,0.957391713747646,0.3475829918188882,0.5100069369736192,0.990701506591337,0.3837200444857478,0.5531811195530422,0.997587099811676,0.4039519188287451,0.5750495959201222,0.0,0.3048896789550781,17.578980294025648,cutline
ind_人物-16_s_seed0.png,ground only,0.9586275894538606,0.7577992624339679,0.8464645952584559,0.9908780602636534,0.836373301438586,0.9070935416501523,0.997587099811676,0.8791986444732384,0.9346588746949325,0.008102086287218958,0.8241845500201092,16.953393806693775,cutline
ind_人物-16_s_seed0.png,colour + merge (no ground),0.7021539548022598,0.30633568164508757,0.4265682116910365,0.8259180790960452,0.33389661081492766,0.47554363609950995,0.944385593220339,0.353222581873572,0.5141433661164336,0.0,0.3048896789550781,10.735064122614952,cutline
ind_人物-16_s_seed0.png,full projection,0.7022716572504708,0.7478220466953188,0.7243314368335382,0.8259180790960452,0.8150772447438727,0.820461853259281,0.944385593220339,0.861249854803113,0.9009038407276602,0.09429758873745693,0.8358653653811735,10.735064122614952,cutline
ind_人物-16_s_seed1.png,raw,0.9349693973634652,0.3915723665828444,0.5519738459180027,0.9755767419962336,0.43861763062307907,0.6051574908657323,0.9964100753295668,0.4629435596535345,0.6321725126659345,0.0,0.3061240123024126,18.629965592743197,cutline
ind_人物-16_s_seed1.png,colour only,0.9286723163841808,0.40826268035103375,0.5671812765477325,0.9719868173258004,0.45684590212702664,0.6215537877475699,0.995291902071563,0.4822437899747137,0.6496944088320531,0.0122675271898487,0.35127298008466,17.991867375664686,cutline
ind_人物-16_s_seed1.png,ground only,0.9349693973634652,0.7470349147121536,0.8305029648300796,0.9755767419962336,0.8367870469083155,0.9008676800598538,0.9964100753295668,0.8832289445628998,0.9364119491789659,0.03245843107747237,0.832794981869712,18.629965592743197,cutline
ind_人物-16_s_seed1.png,colour + merge (no ground),0.6799081920903954,0.3231775361378559,0.43811021956783025,0.807026836158192,0.35704461111255287,0.49506339761029744,0.9367937853107344,0.3766122544312667,0.5372413537741605,0.01948884229825738,0.36267520403363185,10.572411635908665,cutline
ind_人物-16_s_seed1.png,full projection,0.6799081920903954,0.7396210726376433,0.7085087131688864,0.807026836158192,0.8171289422106076,0.8120464720789555,0.9367937853107344,0.8617924808457563,0.8977293505182158,0.19723133982034524,0.855718595573049,10.572411635908665,cutline
ind_人物-26_s_seed0.png,raw,0.9507721058325956,0.45592898971424733,0.616313681752312,0.9874102488443002,0.5041193348658489,0.6674659400974293,0.9970492770728828,0.5257479403325671,0.6884654080525209,0.0,0.35468292236328125,12.056615543461895,cutline
ind_人物-26_s_seed0.png,colour only,0.9506245696862398,0.44647387113140535,0.6075864366036323,0.9877544998524639,0.4931179522430075,0.6578277225656178,0.9975902429428544,0.5146560612755928,0.6790109041995942,0.0,0.35468292236328125,12.379272516079073,cutline
ind_人物-26_s_seed0.png,ground only,0.9507721058325956,0.7814333371678361,0.8578255224275624,0.9874102488443002,0.8640285287012539,0.9216082485476494,0.9970492770728828,0.9010985850684459,0.9466487945784671,0.005555555555555556,0.8402360447147492,12.056615543461895,cutline
ind_人物-26_s_seed0.png,colour + merge (no ground),0.7228779384282482,0.3900967044455533,0.5067362554983742,0.8449886888954461,0.4267113360420082,0.5670617996515244,0.9569194452640897,0.4445315655665645,0.6070578219815285,0.0,0.35468292236328125,7.679235948288842,cutline
ind_人物-26_s_seed0.png,full projection,0.7228779384282482,0.7720411905769502,0.7466511510857995,0.8449886888954461,0.8445949123054498,0.8447917547134013,0.9569194452640897,0.8799078384351342,0.916799231055791,0.012972038051311618,0.8520476893047295,7.679235948288842,cutline
ind_人物-26_s_seed1.png,raw,0.9638536441428149,0.44749403341288785,0.6112154527142095,0.991737975804072,0.4947085793242055,0.6601263710144709,0.9972459919346907,0.517130385629946,0.6810806243642601,0.0,0.35503505368789234,15.025059691539933,cutline
ind_人物-26_s_seed1.png,colour only,0.9634110357037474,0.4491376275959169,0.6126573309905297,0.991737975804072,0.4970240952289527,0.6621846159557052,0.9965574899183633,0.5210713257175771,0.6843274548763056,0.0,0.3830953185387842,15.487534685624556,cutline
ind_人物-26_s_seed1.png,ground only,0.9638536441428149,0.776291776754828,0.8599645167094955,0.991737975804072,0.8581973687794514,0.9201477487801865,0.9972459919346907,0.8969574810012803,0.9444468512962115,0.01835880365158622,0.8386538097256925,15.025059691539933,cutline
ind_人物-26_s_seed1.png,colour + merge (no ground),0.685944723123832,0.35813617060992115,0.4705796607600733,0.7987606963706108,0.39031219375612486,0.5243850772736968,0.9134454608045638,0.4122684212982407,0.568123670049551,0.05166604268064396,0.414086746062579,9.260255114113017,cutline
ind_人物-26_s_seed1.png,full projection,0.685944723123832,0.7571005917159763,0.7197683266365826,0.7987606963706108,0.8250986193293885,0.8117160660138486,0.9133471033736599,0.8717948717948718,0.8920873879677663,0.20877708202779527,0.8698292827616079,9.260255114113017,cutline
ind_人物-3_s_seed0.png,raw,0.9438600937777215,0.2327858660173048,0.3734637211816825,0.9806108224559625,0.2946306754399599,0.45311892600834197,0.9956912938791028,0.36243372536828833,0.5314269302797363,0.0,0.23740005493164062,68.6934584545177,cutline
ind_人物-3_s_seed0.png,colour only,0.9386643011025219,0.22043010752688172,0.35701987911120936,0.9799771892028893,0.28024399066127387,0.4358484409678594,0.9955645672284882,0.3443819670513959,0.5117435288909878,0.0,0.23740005493164062,66.84556425047805,cutline
ind_人物-3_s_seed0.png,ground only,0.9438600937777215,0.48955722639933164,0.6447159848211683,0.9806108224559625,0.6195198140278232,0.7593227959144129,0.9956912938791028,0.7619047619047619,0.8632494772586035,0.019278698464926948,0.6540839502018843,68.6934584545177,cutline
ind_人物-3_s_seed0.png,colour + merge (no ground),0.7580788239766822,0.194522487950844,0.30960146087645357,0.8744138892409073,0.23965828365197925,0.3762063841030452,0.9643898111772906,0.29192078393750426,0.44817807124279185,0.0,0.23740005493164062,42.46942940240708,cutline
ind_人物-3_s_seed0.png,full projection,0.7575719173742238,0.5070019665097432,0.6074622555095105,0.8744138892409073,0.623323997377987,0.7278218247318241,0.964263084526676,0.7584172576127763,0.8490417476706283,0.29134233321104114,0.7062068806652615,42.46942940240708,cutline
ind_人物-3_s_seed1.png,raw,0.961221644911925,0.224574443375253,0.36408589638400285,0.9910024078063617,0.2877525964760925,0.4460017986328092,0.9998732733493854,0.3560241563526562,0.5250825479948142,0.0,0.23740820569553855,69.2879983288609,cutline
ind_人物-3_s_seed1.png,colour only,0.9626156380686859,0.2345054749399092,0.37713583853275534,0.9917627677100495,0.3005786521855248,0.46133740111828986,0.9997465466987707,0.3699456957179738,0.5400511447849565,0.025354647536261717,0.2567377825271189,66.36350489290248,cutline
ind_人物-3_s_seed1.png,ground only,0.961221644911925,0.4818625182442775,0.6419260833618221,0.9910024078063617,0.6174219500907764,0.7608273726622944,0.9998732733493854,0.7640525435192767,0.8661993723247663,0.01030963263342383,0.6519753176956198,69.2879983288609,cutline
ind_人物-3_s_seed1.png,colour + merge (no ground),0.7582055506272969,0.19655330771275953,0.31217894989959893,0.8470409327081485,0.24329876972905035,0.378018000036846,0.9316943353187175,0.2977545742392381,0.45128552797477167,0.08939827889509604,0.26136392531127367,33.26209567271383,cutline
ind_人物-3_s_seed1.png,full projection,0.7582055506272969,0.5033731509562419,0.6050519347111888,0.8470409327081485,0.6228879123599678,0.7178736032403924,0.9316943353187175,0.7623321161106641,0.8385471355686739,0.35469821104687854,0.7042609448487259,33.26209567271383,cutline
ind_人物-4_s_seed0.png,raw,0.9311185338990702,0.2698599589688699,0.4184448112024388,0.9758960007222172,0.30573543840870576,0.4656034215646775,0.9950347567030785,0.3242708054589243,0.48913721168123336,0.0,0.20020294189453125,16.138866659045007,cutline
ind_人物-4_s_seed0.png,colour only,0.9295838223345672,0.26002603250545275,0.4063785992011934,0.9735487948000361,0.2945191022303525,0.45222928156042896,0.9925972736300442,0.31318159431506365,0.47613451909731896,0.0,0.20020294189453125,16.367516481841392,cutline
ind_人物-4_s_seed0.png,ground only,0.9311185338990702,0.7447709040799252,0.8275844176616578,0.9758960007222172,0.8437423101530587,0.905020235282278,0.9950347567030785,0.8951720064963827,0.9424654244531894,0.15162951369273084,0.8171042288948278,16.138866659045007,cutline
ind_人物-4_s_seed0.png,colour + merge (no ground),0.671662002347206,0.19805441917990677,0.3059057515011911,0.7990430622009569,0.22183902578251355,0.34726622508790017,0.9154103096506274,0.2353724669393968,0.3744623003181869,0.0,0.20020294189453125,8.250447772569643,cutline
ind_人物-4_s_seed0.png,full projection,0.670939785140381,0.7283312904920329,0.6984585732723498,0.7990430622009569,0.8161442829627036,0.807503140745874,0.9154103096506274,0.8662230782700052,0.8901377148428126,0.15774520929409017,0.8143759494682977,8.250447772569643,cutline
ind_人物-4_s_seed1.png,raw,0.9444795522253318,0.2789493865030675,0.43069439232291473,0.9878125846348289,0.31547162576687116,0.4782177817249461,0.9990069513406157,0.3339532208588957,0.5005724792363709,0.0,0.20758642512459458,14.843184329865478,cutline
ind_人物-4_s_seed1.png,colour only,0.9435767807168006,0.27617269455084403,0.42728469629222754,0.9862778730703259,0.31245548861470945,0.4745669031559088,0.998465288435497,0.33114545839508785,0.49734442417632635,0.0,0.21002545180963966,15.205213215959757,cutline
ind_人物-4_s_seed1.png,ground only,0.9444795522253318,0.7603469899665551,0.8424695027286375,0.9878125846348289,0.8598975752508361,0.9194273699099128,0.9990069513406157,0.9103260869565217,0.9526070838509624,0.2685218720572697,0.8494309892033849,14.843184329865478,cutline
ind_人物-4_s_seed1.png,colour + merge (no ground),0.6115374198790287,0.19152367607011606,0.29169360911758757,0.7329601877764738,0.21518652671654814,0.33269778741671546,0.8694592398663898,0.22962218755783517,0.36329816457435754,0.0,0.226253551243528,7.58355245608018,cutline
ind_人物-4_s_seed1.png,full projection,0.6115374198790287,0.7253429458295785,0.6635961825723425,0.7329601877764738,0.8150595774506859,0.7718328077672878,0.8694592398663898,0.8700310403524582,0.8697450461290782,0.3179081692566642,0.8488429916456703,7.58355245608018,cutline
ind_人物-5_s_seed0.png,raw,0.987598984013148,0.22753293057343765,0.3698549735487983,0.9959659345584939,0.28901653956620776,0.4480226520256579,0.997310623038996,0.3282955333267307,0.4939817476114227,0.0,0.2988395690917969,59.44676342562453,cutline
ind_人物-5_s_seed0.png,colour only,0.9887942626624832,0.23839480696411758,0.38416805235459545,0.9962647542208277,0.3071945184621241,0.4695920737188928,0.9977588525324966,0.3496483881954601,0.5178312303075644,0.0,0.2988395690917969,60.429671045073334,cutline
ind_人物-5_s_seed0.png,ground only,0.987598984013148,0.5052562128876182,0.6685049207050611,0.9959659345584939,0.6417857928304377,0.7805783700339033,0.997310623038996,0.7290081372333407,0.8423097475115024,0.20183327201881424,0.8105407056825361,59.44676342562453,cutline
ind_人物-5_s_seed0.png,colour + merge (no ground),0.9093082324816973,0.24051732951640936,0.3804131600687867,0.9451665919617511,0.2975411512115326,0.45260192093253265,0.9681757059614523,0.33677538084040487,0.49972408221781006,0.0,0.2988395690917969,40.93746409834182,cutline
ind_人物-5_s_seed0.png,full projection,0.9093082324816973,0.5351760222942615,0.6737906090564605,0.9451665919617511,0.6620599442643462,0.7786792055637021,0.9681757059614523,0.7499857817209805,0.8452267367000488,0.23155858069912458,0.8196762798544841,40.93746409834182,cutline
ind_人物-5_s_seed1.png,raw,0.9778873449873001,0.21646913246070262,0.35447109671311083,0.9952188854026595,0.25972042303899767,0.4119381203448777,0.9991035410129987,0.3044604706018832,0.4667013381260683,0.0,0.310380075832914,67.01642859878221,cutline
ind_人物-5_s_seed1.png,colour only,0.9765426565067982,0.21560238944857363,0.3532203247509954,0.9947706559091588,0.25879778404274195,0.4107385495281189,0.9988047213506649,0.3045364036038878,0.46675792226432083,0.0,0.3108739821267004,65.51015458456197,cutline
ind_人物-5_s_seed1.png,ground only,0.9778873449873001,0.4893989071038251,0.6523294240989372,0.9952188854026595,0.5870601092896175,0.7384959410969146,0.9991035410129987,0.6878251366120218,0.8147452096840538,0.13815516484784918,0.8000859493308231,67.01642859878221,cutline
ind_人物-5_s_seed1.png,colour + merge (no ground),0.7944120723143583,0.18146988014186233,0.29544938951538274,0.8487972508591065,0.20875508038002538,0.335095924987132,0.9255939040788884,0.2484661782598566,0.39176662834661846,0.0,0.3174987233421686,46.61790423671479,cutline
ind_人物-5_s_seed1.png,full projection,0.7944120723143583,0.4765146358066712,0.5957054437528594,0.8487972508591065,0.5486044928522804,0.6664568545695818,0.9254444942477215,0.6525527569775358,0.7654022916480044,0.17722038022356815,0.807080197248897,46.61790423671479,cutline
ind_动物-18_s_seed0.png,raw,0.9528244828837547,0.30333160352880123,0.46016857522864796,0.9784686101366881,0.33976128697457186,0.5043820580503842,0.9918954880851578,0.3871925272444214,0.5569688323369969,0.0,0.37107086181640625,46.03491169274421,cutline
ind_动物-18_s_seed0.png,colour only,0.9464134510705213,0.2719606837909028,0.4225093785848006,0.9714527640014515,0.305743631445896,0.4651054401698729,0.9880246764243378,0.35131790619972775,0.5183300599836016,0.0,0.37107086181640625,47.47414519810021,cutline
ind_动物-18_s_seed0.png,ground only,0.9528244828837547,0.5642520657965866,0.7087752866213557,0.9784686101366881,0.632017916441424,0.767978722052266,0.9918954880851578,0.7202100548304888,0.8344965727327505,0.0,0.8081988052409874,46.03491169274421,cutline
ind_动物-18_s_seed0.png,colour + merge (no ground),0.8631910003628885,0.24615384615384617,0.38306895348525116,0.9159308092415629,0.27370030581039756,0.42145929005838256,0.9587516632393855,0.31324394260174077,0.47220784347047856,0.0,0.37107086181640625,30.779036535970558,cutline
ind_动物-18_s_seed0.png,full projection,0.859441151566469,0.5636670477434809,0.6808177436510144,0.9138744405467522,0.6271435570798628,0.7438335804663689,0.9580258860529818,0.7159344547879579,0.8194743013559421,0.07932742508092304,0.8150497333141127,30.707074860702757,cutline
ind_动物-18_s_seed1.png,raw,0.9583887746461837,0.6383912248628885,0.7663259609079841,0.9807669045603,0.7336380255941499,0.8393908379216837,0.9931051167291641,0.8385740402193784,0.9093210095653321,0.0,0.37107086181640625,47.92647572835496,cutline
ind_动物-18_s_seed1.png,colour only,0.9560904802225717,0.633276443044068,0.7619003134898746,0.9777428329502843,0.7268828497658746,0.8338540290213416,0.9916535623563566,0.8307732703163976,0.9041123168840322,0.0,0.37107086181640625,52.14137385118325,cutline
ind_动物-18_s_seed1.png,ground only,0.9583887746461837,0.5963369337830338,0.7352070145183478,0.9807669045603,0.6853093113606284,0.8068402700268946,0.9931051167291641,0.7833326217820091,0.8758332678122075,0.0,0.8081988052409874,47.92647572835496,cutline
ind_动物-18_s_seed1.png,colour + merge (no ground),0.8716584008709326,0.6470210580380071,0.7427259748207926,0.9185919922583767,0.7225218284540318,0.8088442830389917,0.9652836579170194,0.8195942475603493,0.8864930546397336,0.0,0.37107086181640625,34.88085202623517,cutline
ind_动物-18_s_seed1.png,full projection,0.8716584008709326,0.5888401986561496,0.7028661391326778,0.9185919922583767,0.6575518550978674,0.7664552567339609,0.9652836579170194,0.7458369851007888,0.8414885953548726,0.0,0.8085817359644893,34.88085202623517,cutline
ind_动物-38_s_seed0.png,raw,0.9606879606879607,0.4702902948994328,0.6314592448545883,0.983768892859802,0.5151426358860587,0.6761990829365787,0.9953838135656318,0.5621088762845602,0.7184805175156675,0.0,0.45257568359375,22.614632501685772,cutline
ind_动物-38_s_seed0.png,colour only,0.9636661454843273,0.42387632197414804,0.5887751487809871,0.9859280768371678,0.4665834312573443,0.6334100659444935,0.9972451790633609,0.5137338425381903,0.6781280090174616,0.0,0.45257568359375,26.744774106540795,cutline
ind_动物-38_s_seed0.png,ground only,0.9606879606879607,0.6838517256071581,0.7989690065388768,0.983768892859802,0.749071763345304,0.8505265578343232,0.9953838135656318,0.8172743319739485,0.897578667319397,0.0,0.8097077571968715,22.614632501685772,cutline
ind_动物-38_s_seed0.png,colour + merge (no ground),0.8366465639192912,0.4435488464824836,0.5797452722057043,0.9009009009009009,0.47886641982341216,0.6253390445624273,0.9661231479413298,0.5203076046710339,0.676360092845419,0.0,0.45257568359375,16.292987188132166,cutline
ind_动物-38_s_seed0.png,full projection,0.8366465639192912,0.687809187279152,0.7549621466111209,0.9009009009009009,0.7425795053003533,0.8141144157135898,0.9660486933214206,0.8068904593639576,0.8793256923018605,0.21062059436811306,0.7035525734598154,16.292987188132166,cutline
ind_动物-38_s_seed1.png,raw,0.9554761372943191,0.4414547544280935,0.6038945606408478,0.9850346213982578,0.49715739999589514,0.6608013593537897,0.9988087260814533,0.5422490404942224,0.7028978213560413,0.0,0.45257568359375,23.819959541469995,cutline
ind_动物-38_s_seed1.png,colour only,0.9583054128508673,0.427610612910398,0.5913512180067675,0.9845134390588937,0.4842325650337212,0.6491707437191391,0.9992554538009083,0.5314607574297784,0.6938778807547801,0.028645482895206447,0.5253380921594502,28.447403910991234,cutline
ind_动物-38_s_seed1.png,ground only,0.9554761372943191,0.661164391983278,0.781530325298747,0.9850346213982578,0.7445899422107464,0.8480995092855479,0.9988087260814533,0.812215664576417,0.8958996879597841,0.0,0.8091720718324364,23.819959541469995,cutline
ind_动物-38_s_seed1.png,colour + merge (no ground),0.8291266473084655,0.40426236749116606,0.5435182207219273,0.8817660635842454,0.43948763250883394,0.5866023775103577,0.9481795845432209,0.4816972173144876,0.638845901682553,0.02966989519205854,0.5566831741263173,18.122049898853675,cutline
ind_动物-38_s_seed1.png,full projection,0.8291266473084655,0.6889819345126083,0.7525855373708286,0.8817660635842454,0.749059089198344,0.8100131192451341,0.9480306753034026,0.820380127963869,0.8795982531684781,0.1675069522080462,0.8441592680737057,18.122049898853675,cutline
ind_动物-鸟-3_s_seed0.png,raw,0.893235158766682,0.08924911057182575,0.16228339921428875,0.9213069489185458,0.10333859529250995,0.1858331722074227,0.9572020248504371,0.12831326720542846,0.22629201096116908,0.0,0.026279449462890625,1.0161126433444623,cutline
ind_动物-鸟-3_s_seed0.png,colour only,0.8863322595490106,0.0867933799388024,0.1581045025091396,0.9180855959502991,0.10048466709847453,0.18114317455300166,0.9544408651633686,0.12440533357157216,0.2201194838415724,0.0,0.026279449462890625,1.1612715923936712,cutline
ind_动物-鸟-3_s_seed0.png,ground only,0.893235158766682,0.3317278220509677,0.4837876057270521,0.9213069489185458,0.38409668097031263,0.5421632560721885,0.9572020248504371,0.47701199754794643,0.6367206606546713,0.24108934755729827,0.12688581247694308,1.0161126433444623,cutline
ind_动物-鸟-3_s_seed0.png,colour + merge (no ground),0.8508973768982973,0.08707520549625813,0.15798343222463113,0.8964565117349287,0.1001717580664949,0.1802068585281805,0.9387942936033133,0.12388050545945282,0.2188784597444083,0.0,0.026279449462890625,1.0161126433444623,cutline
ind_动物-鸟-3_s_seed0.png,full projection,0.8499769903359411,0.3356237412628835,0.48122854495748213,0.8964565117349287,0.3862101646724322,0.5398450328319984,0.9387942936033133,0.47636535955455517,0.6320263303467972,0.3047663999287871,0.12614811750103433,1.0161126433444623,cutline
ind_动物-鸟-3_s_seed1.png,raw,0.8854118729866544,0.1823573386493895,0.3024274365787815,0.92268752876208,0.22227759780712683,0.3582515531007881,0.9622641509433962,0.28741589833042613,0.44262531923314813,0.0,0.026279449462890625,10.596603280592248,cutline
ind_动物-鸟-3_s_seed1.png,colour only,0.8936953520478601,0.1749037788663401,0.2925525385646329,0.9291302346985734,0.21304233729881036,0.3466097535664335,0.9673262770363553,0.2760671798460462,0.42954550840564504,0.0,0.026279449462890625,10.886921178690667,cutline
ind_动物-鸟-3_s_seed1.png,ground only,0.8854118729866544,0.29032769975402684,0.4372730124578642,0.92268752876208,0.35388399587399827,0.5115645199974429,0.9622641509433962,0.45782750138855827,0.6204543082536427,0.13902622728323527,0.11371899697864568,10.596603280592248,cutline
ind_动物-鸟-3_s_seed1.png,colour + merge (no ground),0.8531983433041878,0.167096526367777,0.2794613277134451,0.8964565117349287,0.20320474126104374,0.33130968836553376,0.9461573861021629,0.26247050430774294,0.41094270330052807,0.0,0.026279449462890625,8.274060095804906,cutline
ind_动物-鸟-3_s_seed1.png,full projection,0.8522779567418316,0.29317191283292976,0.4362721852438704,0.8959963184537506,0.35631961259079903,0.5098730330898669,0.9461573861021629,0.45966101694915257,0.6187309333064649,0.17474781410591503,0.1107605247363457,8.274060095804906,cutline
ind_日常-25_s_seed0.png,raw,0.9734039034072114,0.452698107924317,0.6179895993655514,0.9896791266953358,0.5265010600424017,0.6873419318690314,0.9977505788951373,0.6021640865634625,0.7510520141226908,0.0,0.4242897033691406,31.62058889638121,cutline
ind_日常-25_s_seed0.png,colour only,0.9729407872973868,0.4269740355955273,0.5934939005637376,0.9894806483625538,0.49644217019003806,0.6611647850090084,0.9976182600066159,0.569769645595355,0.7252992069313178,0.0,0.4242897033691406,35.80130366374466,cutline
ind_日常-25_s_seed0.png,ground only,0.9734039034072114,0.5838772088223914,0.729923903545588,0.9896791266953358,0.6790661679349929,0.8054645777432806,0.9977505788951373,0.7767315877724752,0.873476674946255,0.0,0.7059708408177773,31.62058889638121,cutline
ind_日常-25_s_seed0.png,colour + merge (no ground),0.8688058220310949,0.43543106584212443,0.5801170762985145,0.9199470724445915,0.48538862616709105,0.6354806841972949,0.9715514389679126,0.5497999272462714,0.7022163614836717,0.0,0.4242897033691406,21.73072600584401,cutline
ind_日常-25_s_seed0.png,full projection,0.8687396625868342,0.6021422335638976,0.7112805483357134,0.9203440291101554,0.671445839768988,0.7764356107346991,0.9715514389679126,0.7608622657981331,0.8533952682998318,0.005578135178032423,0.709786728950492,21.73072600584401,cutline
ind_日常-25_s_seed1.png,raw,0.9622891167714192,0.5502195506671782,0.7001219852029452,0.984651008931525,0.6323272370720894,0.7701051680772267,0.999404565001654,0.7038837020931918,0.8260076684518469,0.0,0.4242897033691406,26.57675882220724,cutline
ind_日常-25_s_seed1.png,colour only,0.956334766787959,0.5387407192334813,0.6892180159523265,0.9756533245120741,0.6185864200091252,0.7571331717880151,0.9990737677803506,0.6904475507072048,0.8165721596899076,0.0,0.4242897033691406,25.69566194650483,cutline
ind_日常-25_s_seed1.png,ground only,0.9622891167714192,0.6351780309554861,0.7652425369379248,0.984651008931525,0.7299638278500947,0.8383919282131559,0.999404565001654,0.8125199931100667,0.8963245038364828,0.005305039787798407,0.7079615036981401,26.57675882220724,cutline
ind_日常-25_s_seed1.png,colour + merge (no ground),0.8342044326827655,0.5531841544440266,0.6652334868672252,0.8833608997684419,0.6063996489908486,0.7191353536619592,0.9452199801521667,0.669487275918265,0.7838111178067165,0.0,0.4242897033691406,14.690941784670713,cutline
ind_日常-25_s_seed1.png,full projection,0.8341382732385048,0.6405359282524237,0.7246285757213556,0.8832947403241813,0.701862677462692,0.7821956412356726,0.9452861395964274,0.7738644203187974,0.8510287900441438,0.014127854738564283,0.7137163541145212,14.690941784670713,cutline
ind_日常-3_s_seed0.png,raw,0.966859344894027,0.18217723485993007,0.3065868659968929,0.9830443159922929,0.20565891138257003,0.34015525357708537,0.994990366088632,0.2418526352138818,0.3891214031167135,0.0,0.2953948974609375,41.13074022418513,cutline
ind_日常-3_s_seed0.png,colour only,0.9739884393063584,0.1793570890641722,0.3029304349113011,0.9888246628131021,0.20502199849379682,0.3396262101331647,0.9978805394990367,0.24128978556423164,0.3886122456687282,0.0,0.2953948974609375,47.084043597293245,cutline
ind_日常-3_s_seed0.png,ground only,0.966859344894027,0.5237002109442859,0.6794018271744672,0.9830443159922929,0.5912023824295818,0.7383571358048422,0.994990366088632,0.6954336766348183,0.8186700981730448,0.09411456070307185,0.8591146122267835,41.13074022418513,cutline
ind_日常-3_s_seed0.png,colour + merge (no ground),0.9308285163776493,0.19603800395642362,0.3238675762987365,0.9622350674373795,0.21813267950182497,0.3556432545958842,0.9843930635838151,0.25772477779944836,0.40849986229474894,0.0,0.2953948974609375,38.031406580918436,cutline
ind_日常-3_s_seed0.png,full projection,0.9310211946050096,0.5298192771084337,0.6753276430241404,0.9622350674373795,0.5893072289156627,0.7309527848385119,0.9863198458574182,0.6968373493975903,0.8166848693432848,0.19099261074576787,0.8728139904610492,38.01849269073816,cutline
ind_日常-3_s_seed1.png,raw,0.9658959537572255,0.19017318424249913,0.3177794530364862,0.9732177263969172,0.2230802495829987,0.3629625020896428,0.991907514450867,0.2524247853215543,0.4024359754060705,0.0,0.2953948974609375,55.46515832429361,cutline
ind_日常-3_s_seed1.png,colour only,0.9647398843930636,0.18480075901328274,0.31018418341073595,0.9726396917148362,0.21453510436432638,0.3515326613403179,0.991907514450867,0.24411764705882352,0.39180776584184973,0.0,0.2953948974609375,61.09561444289478,cutline
ind_日常-3_s_seed1.png,ground only,0.9658959537572255,0.4987039637109839,0.6577852899293029,0.9732177263969172,0.5849983799546388,0.7307468982827781,0.991907514450867,0.6619505346149692,0.7940145889185912,0.0,0.8336581007030047,55.46515832429361,cutline
ind_日常-3_s_seed1.png,colour + merge (no ground),0.935645472061657,0.18590126541030794,0.31017463904135306,0.9603082851637765,0.20596860913485038,0.33918765398298467,0.9816955684007708,0.2321457665779612,0.37549630862847044,0.0,0.2953948974609375,41.15656800454569,cutline
ind_日常-3_s_seed1.png,full projection,0.9358381502890173,0.5161728115810903,0.6653589014195631,0.9603082851637765,0.5721179220387544,0.7170453990439849,0.9816955684007708,0.6428409862022167,0.7769282206091354,0.01613166042040085,0.8478610767428365,41.15656800454569,cutline
ind_日常-6_s_seed0.png,raw,0.9479518072289157,0.26053298927792856,0.4087311958621986,0.96,0.3135427325710726,0.4726987411887755,0.9744578313253012,0.3799439426969791,0.5467201203172557,0.0,0.4281044006347656,86.52261082646469,cutline
ind_日常-6_s_seed0.png,colour only,0.9384738955823293,0.23583956875050285,0.3769509343801755,0.9532530120481928,0.28534073537694105,0.43921086477881865,0.9669076305220884,0.349485075227291,0.5134027019672478,0.0,0.4281044006347656,90.48785921140566,cutline
ind_日常-6_s_seed0.png,ground only,0.9481124497991967,0.4194749847795724,0.5816219795428872,0.9601606425702811,0.5048168176771837,0.6617238192310925,0.9744578313253012,0.6119686280127493,0.7517998941359695,0.0,0.8715760206894945,86.52261082646469,cutline
ind_日常-6_s_seed0.png,colour + merge (no ground),0.8817670682730924,0.24296481680877688,0.3809590126368468,0.9095582329317269,0.2777114920117568,0.4255052893748654,0.9463453815261044,0.34062800104763846,0.500945458507074,0.0,0.4281044006347656,66.0637112942749,cutline
ind_日常-6_s_seed0.png,full projection,0.8817670682730924,0.41511685728493286,0.5644859451571601,0.9095582329317269,0.4744903033316758,0.6236436808881729,0.9463453815261044,0.5813525609149677,0.7202474989017329,0.10499504041723332,0.8685499737413483,66.0637112942749,cutline
ind_日常-6_s_seed1.png,raw,0.970281124497992,0.29965981766226696,0.45790202551248427,0.9860240963855421,0.3607837801061369,0.5282735674168916,0.9938955823293173,0.44041366172268337,0.6103637616488564,0.0,0.4281044006347656,88.33147694364001,cutline
ind_日常-6_s_seed1.png,colour only,0.9640160642570281,0.26975153545505304,0.4215458626038744,0.9795983935742972,0.32451609901358647,0.4875269021079207,0.9932530120481927,0.3997068676716918,0.5700236683501502,0.0,0.4281044006347656,102.02717754511026,cutline
ind_日常-6_s_seed1.png,ground only,0.970281124497992,0.4222009202453988,0.5883789815548887,0.9860240963855421,0.5083205521472393,0.6708175568431278,0.9938955823293173,0.6205138036809816,0.764026688146317,0.0,0.8715354089168809,88.33147694364001,cutline
ind_日常-6_s_seed1.png,colour + merge (no ground),0.8983132530120482,0.28203903371093214,0.4292945499392313,0.9333333333333333,0.32741913470724715,0.4847758781204217,0.9693172690763052,0.4006073427050635,0.5669153062340343,0.0,0.4281044006347656,70.34083314769437,cutline
ind_日常-6_s_seed1.png,full projection,0.8983132530120482,0.41087583258773236,0.5638531665375526,0.9333333333333333,0.4769857838751367,0.6313276565348973,0.9696385542168675,0.5838055472711005,0.7288068701764244,0.002290950744558992,0.8744146544805715,70.34083314769437,cutline
ind_植物-17_s_seed0.png,raw,0.9790174854288093,0.24597996295672672,0.3931741819007853,0.9868442964196503,0.2802028961104563,0.43647408162391904,0.9915070774354704,0.3221080990065668,0.4862496499611481,0.0025673940949935813,0.401947021484375,84.3045326854453,cutline
ind_植物-17_s_seed0.png,colour only,0.9855120732722731,0.23983055879965953,0.38577929968378877,0.991007493755204,0.27456996377600507,0.43000274703519037,0.994504579517069,0.31835547021912547,0.4823148866641937,0.0025673940949935813,0.401947021484375,88.4993546427758,cutline
ind_植物-17_s_seed0.png,ground only,0.9790174854288093,0.43268447931315224,0.600134704776252,0.9868442964196503,0.4929686921767449,0.6574930020711672,0.9915070774354704,0.566575383021242,0.7210959835869112,0.10362384760559938,0.8236358509188325,84.3045326854453,cutline
ind_植物-17_s_seed0.png,colour + merge (no ground),0.9372189841798502,0.24406397713531933,0.387276207676764,0.9616985845129059,0.2711608222490931,0.4230409039376386,0.9815154038301416,0.31499395405078595,0.4769289417540861,0.0025673940949935813,0.401947021484375,69.43284488649306,cutline
ind_植物-17_s_seed0.png,full projection,0.9372189841798502,0.4384102690693656,0.5973796007328254,0.9616985845129059,0.4870896075043199,0.646655444389875,0.9815154038301416,0.565835596149099,0.7178414641063375,0.18846859260617055,0.8290563410711285,69.43284488649306,cutline
ind_植物-17_s_seed1.png,raw,0.9820149875104079,0.29476252057371266,0.4534246744275505,0.9903413821815154,0.338937220785328,0.5050311574355127,0.9960033305578685,0.39830707735715964,0.5690485753824741,0.0025673940949935813,0.401947021484375,59.894844734644295,cutline
ind_植物-17_s_seed1.png,colour only,0.9512073272273106,0.2744436952124073,0.4259823538966944,0.9643630308076603,0.3263914103428601,0.4877144709682573,0.9828476269775187,0.3882462783339385,0.5566167741905081,0.0025673940949935813,0.401947021484375,69.58469364512945,cutline
ind_植物-17_s_seed1.png,ground only,0.9820149875104079,0.44391429202562405,0.6114335320768187,0.9903413821815154,0.5104484205875855,0.6736695484528898,0.9960033305578685,0.6014137397835211,0.7499733150336672,0.02544708360179104,0.8166948324780229,59.894844734644295,cutline
ind_植物-17_s_seed1.png,colour + merge (no ground),0.7893422148209825,0.266188166828322,0.3981193925182804,0.8168193172356369,0.2992046556741028,0.4379765103508408,0.850624479600333,0.36031037827352086,0.5062020075161476,0.0025673940949935813,0.401947021484375,48.03166046617569,cutline
ind_植物-17_s_seed1.png,full projection,0.7888426311407161,0.41550575408843127,0.5443087005872674,0.8164862614487927,0.46717141126589945,0.5943002517697409,0.850624479600333,0.562870987280436,0.6774579075150774,0.11345182351709318,0.8234998271147015,48.03166046617569,cutline
ind_植物-29_s_seed0.png,raw,0.9764393105977265,0.40500799803125387,0.5725382762179811,0.9928492849284929,0.4640293671301423,0.632463417169271,0.9992665933259993,0.5600672654936221,0.7178148608237962,0.0,0.49459075927734375,52.58611381060361,cutline
ind_植物-29_s_seed0.png,colour only,0.9727722772277227,0.3845409131394493,0.5511929632993527,0.9902823615694902,0.446017116524029,0.6150289548779901,0.9978914558122479,0.5447082058629904,0.7047319898296881,0.0,0.49510447852385897,56.758757924938685,cutline
ind_植物-29_s_seed0.png,ground only,0.9764393105977265,0.4769587479470583,0.6408722899978054,0.9928492849284929,0.5464689401990146,0.7049371438024526,0.9992665933259993,0.6595256496956816,0.7946045708316062,0.0,0.712541217850077,52.58611381060361,cutline
ind_植物-29_s_seed0.png,colour + merge (no ground),0.9103410341034104,0.40131940626717977,0.5570611296378054,0.9484781811514484,0.4507421660252886,0.611081893802577,0.9801980198019802,0.545739417262232,0.7011200893760052,0.0,0.495140403203324,37.052462708439386,cutline
ind_植物-29_s_seed0.png,full projection,0.9103410341034104,0.4794876005912301,0.6281310188401554,0.9484781811514484,0.5384792248316637,0.6869541705782779,0.9797396406307297,0.6518311709640335,0.7828343491484654,0.014599961066770488,0.721257573313008,37.052462708439386,cutline
ind_植物-29_s_seed1.png,raw,0.9847818115144847,0.4637641513404318,0.6305723294722281,0.9936743674367436,0.5346997180253357,0.6952714117981075,0.9992665933259993,0.627688228609907,0.7710452305338351,0.0,0.49459075927734375,49.44698968022583,cutline
ind_植物-29_s_seed1.png,colour only,0.9832233223322332,0.4159207735720191,0.5845616702605281,0.9927576090942427,0.4847406448829936,0.651411888101299,0.9988998899889989,0.5774650418778533,0.7318480069474196,0.0,0.4975344694600392,52.424144260878954,cutline
ind_植物-29_s_seed1.png,ground only,0.9847818115144847,0.536542019670854,0.6946276805161454,0.9936743674367436,0.6186337520693349,0.7625347721387544,0.9992665933259993,0.7262878566559549,0.8411849215215754,0.0,0.7124981453088679,49.44698968022583,cutline
ind_植物-29_s_seed1.png,colour + merge (no ground),0.9042904290429042,0.389417312764767,0.5443986109949982,0.9431609827649432,0.4302347267737724,0.5909157934676352,0.9726806013934727,0.5053153225161857,0.6651038799866451,0.0,0.497542106535579,31.869437117250527,cutline
ind_植物-29_s_seed1.png,full projection,0.9042904290429042,0.5269778338439358,0.6659003400266266,0.9433443344334433,0.5823391602090466,0.7201314681989931,0.972955628896223,0.6844116056947198,0.8035661745261087,0.11915021094695709,0.746121850896777,31.869437117250527,cutline
ind_植物-8_s_seed0.png,raw,0.9652796663947059,0.3563192724615322,0.5205024585587782,0.9811440485903363,0.39417806828792984,0.5624071059998369,0.9876711086936815,0.4283220332101823,0.5975188507619964,0.0,0.4030303955078125,21.542422292053157,cutline
ind_植物-8_s_seed0.png,colour only,0.9414377662949869,0.34028046048056865,0.49988034801467135,0.9560329979149669,0.3772116201807927,0.5409761287540457,0.9624694044057656,0.4118249246697056,0.5768326064955096,0.0,0.40341820292334246,23.265058872524893,cutline
ind_植物-8_s_seed0.png,ground only,0.9652796663947059,0.6497741911601392,0.7767094719980875,0.9811440485903363,0.7188124676093878,0.8297371937772854,0.9876711086936815,0.781113496705412,0.8723314652917411,0.0,0.832010332010332,21.542422292053157,cutline
ind_植物-8_s_seed0.png,colour + merge (no ground),0.8701840268334693,0.3366173612610667,0.48544699038954964,0.9208593962469405,0.36331245951198443,0.5210512761432193,0.9557610370773275,0.395244007773699,0.5592263688549658,0.0,0.4034675017184755,15.560519441184265,cutline
ind_植物-8_s_seed0.png,full projection,0.8701840268334693,0.6614160700079554,0.751571771768412,0.9208593962469405,0.7138159639352957,0.8042259075925688,0.9557610370773275,0.7761866878811986,0.8566644166961966,0.025837381743799542,0.8468981993682556,15.560519441184265,cutline
ind_植物-8_s_seed1.png,raw,0.9731665306862478,0.40728476821192056,0.5742410546442397,0.9878524159187744,0.4513718070009461,0.6196237152247804,0.9925664037711903,0.4931409649952696,0.6589119290483244,0.0,0.4033689161741574,25.072880778404574,cutline
ind_植物-8_s_seed1.png,colour only,0.9699030006345752,0.35728744939271256,0.5222071470570647,0.9855860756051129,0.3969838056680162,0.5659919493499055,0.9915692140331792,0.4349392712550607,0.6046545054562386,0.0,0.4314281164119254,26.274940370272216,cutline
ind_植物-8_s_seed1.png,ground only,0.9734384915238872,0.6473812652524873,0.777613722504931,0.9881243767564137,0.7174770039421814,0.8313273258104968,0.9926570573837368,0.7843063638070208,0.8762670496191812,0.0,0.8317417831135603,25.072880778404574,cutline
ind_植物-8_s_seed1.png,colour + merge (no ground),0.8875895204423896,0.3883532135634946,0.5403036255504763,0.9263892666122745,0.42322909645086604,0.5810159419885584,0.9642824766566948,0.4591014331350195,0.6220436579824146,0.0038132775761654126,0.4592408078805742,18.087684094953243,cutline
ind_植物-8_s_seed1.png,full projection,0.8871362523796573,0.6714546746523196,0.7643721946312084,0.9252107696491705,0.7310932900213176,0.8167768249997966,0.9635572477563231,0.7918485432950969,0.8693048717359818,0.07968011909647005,0.8465356873202783,18.087684094953243,cutline
ind_窗花-3_s_seed0.png,raw,0.9747517730496454,0.4351205543197566,0.6016637444113752,0.9857210401891253,0.4740610058551303,0.6402214756249377,0.9974468085106383,0.5446549564061262,0.7045765206501976,0.0,0.45603179931640625,39.298680006022785,cutline
ind_窗花-3_s_seed0.png,colour only,0.9616075650118203,0.4059880915427378,0.5709307692827315,0.9762647754137116,0.4461720800293479,0.612444881245776,0.9933806146572104,0.5196545983012106,0.6823566297053368,0.0,0.45603179931640625,37.265989660883676,cutline
ind_窗花-3_s_seed0.png,ground only,0.9747517730496454,0.60539886901163,0.7469080545403504,0.9857210401891253,0.6596365188320233,0.7903663151207828,0.9974468085106383,0.758082298965039,0.8614460067578936,0.17576774693937589,0.8108855649715594,39.298680006022785,cutline
ind_窗花-3_s_seed0.png,colour + merge (no ground),0.8856737588652482,0.4048220436280138,0.5556628086024425,0.9119621749408984,0.43486960800393637,0.5889148720025559,0.9432624113475178,0.49532556995243565,0.6495563672000395,0.0,0.45603179931640625,26.24094490823616,cutline
ind_窗花-3_s_seed0.png,full projection,0.8856737588652482,0.6183366733466934,0.7282457009580454,0.9119621749408984,0.6641282565130261,0.7685597693662949,0.9432624113475178,0.7560120240480962,0.8393202533471898,0.23706831649151008,0.5459086041932921,26.249309889080354,cutline
ind_窗花-3_s_seed1.png,raw,0.9757919621749409,0.36727166490158125,0.5336764860882534,0.9860992907801418,0.4211006829054523,0.5901749467384187,0.9919621749408983,0.4949238578680203,0.6603676887776555,0.0,0.4566292718515208,52.52371472069329,cutline
ind_窗花-3_s_seed1.png,colour only,0.96,0.3684856658712868,0.5325555981884547,0.9687943262411347,0.42891724591070995,0.5945899033024915,0.9832624113475177,0.5055676591624304,0.667780273241129,0.0003155569580309246,0.48124277910398494,61.25675472203169,cutline
ind_窗花-3_s_seed1.png,ground only,0.9757919621749409,0.5707880473339199,0.7202606852145242,0.9860992907801418,0.6544453588353812,0.7867486012686924,0.9919621749408983,0.769289707426431,0.8665498660108347,0.0,0.7815405133301081,52.52371472069329,cutline
ind_窗花-3_s_seed1.png,colour + merge (no ground),0.8814184397163121,0.35769965412214133,0.5088830073439417,0.9178250591016548,0.3969077486965051,0.5541686884886823,0.9486524822695035,0.45859790408342366,0.6182979863303792,0.018800184525281968,0.5075052881062209,35.15801448814682,cutline
ind_窗花-3_s_seed1.png,full projection,0.8814184397163121,0.5774037660389935,0.6977331775463498,0.9178250591016548,0.6407265455757374,0.7546428078430899,0.9486524822695035,0.7402099650058324,0.8315680437282231,0.07800562927221552,0.7956485522940059,35.15801448814682,cutline
ind_窗花-4_s_seed0.png,raw,0.9779739776951673,0.43805569444142517,0.6050820521274706,0.987453531598513,0.5008804156431382,0.6646305908052281,0.9910780669144982,0.583443838177431,0.7344939304103271,0.0,0.5541725158691406,55.30965836734975,cutline
ind_窗花-4_s_seed0.png,colour only,0.9816914498141264,0.44734760159893405,0.6146190548820661,0.9882899628252788,0.5108261159227182,0.6735226581480881,0.991635687732342,0.5968312791472352,0.7451702909755376,0.0,0.5541725158691406,58.42792535433288,cutline
ind_窗花-4_s_seed0.png,ground only,0.9779739776951673,0.5680018039856809,0.7186283125055873,0.987453531598513,0.6494630323871804,0.7835641462529738,0.9910780669144982,0.7564901203596697,0.8580389269907831,0.02889051412306537,0.8513218117993167,55.30965836734975,cutline
ind_窗花-4_s_seed0.png,colour + merge (no ground),0.9190520446096654,0.42745847420255767,0.5835180330386622,0.9460966542750929,0.4731735998824048,0.6308424465723588,0.9653345724907063,0.5447302660590916,0.6964561323259508,0.0,0.5541725158691406,39.36037667013141,cutline
ind_窗花-4_s_seed0.png,full projection,0.9190520446096654,0.5868819374369324,0.7163329215970965,0.9460966542750929,0.6496468213925328,0.7703351992998453,0.9653345724907063,0.7477295660948536,0.8427112386122554,0.06952393843298012,0.8617424579514105,39.36037667013141,cutline
ind_窗花-4_s_seed1.png,raw,0.9807620817843866,0.36457325759307785,0.531554649036958,0.9908921933085502,0.4589613267441656,0.6273477829467805,0.9952602230483272,0.5417773166141996,0.7016216573270705,0.0,0.5541725158691406,57.66384668864827,cutline
ind_窗花-4_s_seed1.png,colour only,0.9800185873605948,0.3530560243555379,0.5191029267336166,0.99135687732342,0.44356199741884245,0.61289630292091,0.9953531598513011,0.5304940600284589,0.6921124632298143,0.0,0.5556158997640201,69.00800561701074,cutline
ind_窗花-4_s_seed1.png,ground only,0.9807620817843866,0.5091239531399661,0.6702921652570595,0.9908921933085502,0.6409116585210108,0.7783709522647179,0.9952602230483272,0.7566863963455068,0.8597292443362611,0.0,0.8440902699499145,57.66384668864827,cutline
ind_窗花-4_s_seed1.png,colour + merge (no ground),0.8688661710037174,0.34710105189690416,0.4960402817332743,0.9186802973977695,0.40824567525798894,0.5652873876705106,0.9593866171003718,0.48711301660102696,0.6461525440508857,0.0,0.555788080280968,45.05310690906087,cutline
ind_窗花-4_s_seed1.png,full projection,0.8684014869888476,0.517838522270222,0.6487934841816082,0.9183085501858737,0.6088187099657382,0.7322027986314193,0.9591078066914498,0.7260911663935647,0.8264895922442941,0.13119649673267203,0.8543389232654769,45.05310690906087,cutline
ind_边框-12_s_seed0.png,raw,0.9904808635917566,0.38509698820324684,0.5545759506732441,0.9962708537782139,0.4515498341424837,0.6214387493393572,0.9988223748773307,0.526526218668307,0.6895553847701165,0.0,0.432769775390625,51.20407587617235,cutline
ind_边框-12_s_seed0.png,colour only,0.9421000981354269,0.3409363520503786,0.5006812872355754,0.9505397448478901,0.3991491116275583,0.5622141620306441,0.9533856722276742,0.4727115975710323,0.6320416899524525,0.0,0.432769775390625,69.15062407446584,cutline
ind_边框-12_s_seed0.png,ground only,0.9904808635917566,0.5807520291535531,0.7321941566073332,0.9962708537782139,0.6809673678979625,0.8089822092568433,0.9988223748773307,0.794069902269339,0.8847545340153058,0.0,0.802393430796325,51.20407587617235,cutline
ind_边框-12_s_seed0.png,colour + merge (no ground),0.8704612365063789,0.340431216436453,0.4894442555727711,0.9158979391560353,0.38101472120548235,0.5381558968557469,0.9417075564278704,0.4366667557241711,0.5966628656395566,0.0,0.432769775390625,42.345391721317256,cutline
ind_边框-12_s_seed0.png,full projection,0.8704612365063789,0.5730604902181246,0.6911249531936164,0.9158979391560353,0.641376208680009,0.7544402487770302,0.9417075564278704,0.7352822127276816,0.8257901491925392,0.0,0.8028420188524358,42.345391721317256,cutline
ind_边框-12_s_seed1.png,raw,0.9866535819430815,0.34319917051559995,0.5092574200911496,0.9978410206084396,0.3956075030634367,0.5665848259352436,0.9998037291462217,0.4563860872843812,0.6266992212812565,0.0,0.43806375880390463,70.73725407235032,cutline
ind_边框-12_s_seed1.png,colour only,0.985279685966634,0.31399973263819264,0.4762294446248934,0.9965652600588812,0.3640131007285609,0.533247949324208,0.9997055937193327,0.4217465410066172,0.5932276801672005,0.0,0.4398880194802677,75.18863267752627,cutline
ind_边框-12_s_seed1.png,ground only,0.9866535819430815,0.532232129805584,0.6914657676163185,0.9978410206084396,0.6135067972518637,0.7598387411265768,0.9998037291462217,0.7078204940798128,0.8288492982492012,0.0,0.8079421148587056,70.73725407235032,cutline
ind_边框-12_s_seed1.png,colour + merge (no ground),0.8943081452404318,0.3106458052834393,0.46111815945990253,0.9412168792934249,0.34627884302892425,0.5062906017476004,0.9697742885181551,0.396907934444496,0.5632781392278936,0.0,0.44044647190138797,51.79465481982935,cutline
ind_边框-12_s_seed1.png,full projection,0.8941118743866536,0.527740509825586,0.6637243945564022,0.9408243375858685,0.5881145923762923,0.7237862951278269,0.9697742885181551,0.6727961486859758,0.794438267768011,0.0,0.8128743802126623,51.79465481982935,cutline
ind_边框-2_s_seed0.png,raw,0.9722939657196525,0.15059659499312017,0.2607986311271369,0.9882601549659544,0.16780646088760193,0.28689772157918103,0.9978868278938718,0.18795309387386278,0.3163258601701281,0.0,0.1894378662109375,55.07450664518727,cutline
ind_边框-2_s_seed0.png,colour only,0.9732331533223761,0.14160626908502263,0.24723904272102618,0.9896689363700399,0.1589897354769876,0.2739668558811334,0.9971824371918291,0.17966594312203377,0.3044737555657198,0.0,0.1894378662109375,62.74667740636327,cutline
ind_边框-2_s_seed0.png,ground only,0.9722939657196525,0.5009906401585025,0.6612574031720022,0.9882601549659544,0.5582428093188495,0.7134666250073568,0.9978868278938718,0.6252647400423584,0.7688049105951006,0.0,0.7622058846100717,55.07450664518727,cutline
ind_边框-2_s_seed0.png,colour + merge (no ground),0.9056116459262737,0.14324343063163003,0.24736099749482393,0.9483446818501996,0.15722572742610183,0.26973258546631196,0.9772247006339516,0.1771013889851857,0.299859551628098,0.0,0.1894378662109375,49.33548127265405,cutline
ind_边框-2_s_seed0.png,full projection,0.9056116459262737,0.5051378241722394,0.6485328629417013,0.9483446818501996,0.5539879301908335,0.6994077119738743,0.9772247006339516,0.6237155439569402,0.7614403320591381,0.0,0.7675899591937678,49.315344341522355,cutline
ind_边框-2_s_seed1.png,raw,0.9629020896924161,0.12985477255090352,0.228847671730213,0.986851373561869,0.15716344554894499,0.27114502281402536,0.9974172340925099,0.19768301245334616,0.3299680408872315,0.0,0.19059023100334282,70.51953282319775,cutline
ind_边框-2_s_seed1.png,colour only,0.9532754167644987,0.13530878578839117,0.23698036194505578,0.9823902324489316,0.16344806246701007,0.28026603892143936,0.9931908898802536,0.2058935949473071,0.3410796242864708,0.0,0.20347455543718757,78.3930728956907,cutline
ind_边框-2_s_seed1.png,ground only,0.9629020896924161,0.4495043172369683,0.6128953313575269,0.986851373561869,0.5440358170770707,0.7014004645571366,0.9974172340925099,0.6842980492484809,0.8117077537885794,0.0,0.7577630273899443,70.51953282319775,cutline
ind_边框-2_s_seed1.png,colour + merge (no ground),0.878610002347969,0.14424694609026406,0.24780945143221558,0.9333176802066213,0.1647526394070173,0.28006685632552,0.9666588401033106,0.21000658327847269,0.3450508805172231,0.0,0.205085424728363,59.0213451469996,cutline
ind_边框-2_s_seed1.png,full projection,0.878610002347969,0.4484614218584205,0.5938228850758842,0.9333176802066213,0.5123541003486434,0.6615459287696406,0.9666588401033106,0.6534030619978778,0.7797453235726661,0.0030816640986132513,0.7601175534194575,59.0213451469996,cutline
ind_边框-9_s_seed0.png,raw,0.960098979276214,0.33336378794454213,0.4948920690170619,0.9837096607897722,0.3805988899294214,0.5488476997554125,0.9988658624600474,0.4395742445353007,0.6104886880554657,0.00382866714525006,0.3158238359773209,48.67080114604867,cutline
ind_边框-9_s_seed0.png,colour only,0.960408289514383,0.3297517279989664,0.49094110614635056,0.9859779358696773,0.3743028789216425,0.5426149893996047,0.9989689658727704,0.43297947933937686,0.6041182057440718,0.0038277511961722493,0.31581901274821605,50.73804083705074,cutline
ind_边框-9_s_seed0.png,ground only,0.960098979276214,0.5817290446012197,0.7244873660194375,0.9837096607897722,0.6641556060424887,0.7929486701150142,0.9988658624600474,0.7671489497389294,0.8678057420845219,0.022251745484354244,0.7621893300133721,48.67080114604867,cutline
ind_边框-9_s_seed0.png,colour + merge (no ground),0.8673059078255491,0.3321280057855722,0.4803208885513274,0.9217445097432725,0.3683179654070994,0.526323444008763,0.98154448912259,0.41403001265593925,0.5823965352417785,0.003811338732729871,0.3159601530927953,28.143473688028145,cutline
ind_边框-9_s_seed0.png,full projection,0.8673059078255491,0.6032840722495895,0.7115944580723857,0.9217445097432725,0.6690202517788725,0.775307272200539,0.98154448912259,0.7519978106185002,0.8515734596785811,0.022856256955710464,0.764441811601581,28.143473688028145,cutline
ind_边框-9_s_seed1.png,raw,0.9155583049798949,0.30243792325056434,0.4546804759407409,0.9606144963398289,0.33194130925507903,0.49339089612102294,0.9909268996803794,0.376117381489842,0.5452710433587239,0.003882552778451832,0.3155479431152344,37.1982253170372,cutline
ind_边框-9_s_seed1.png,colour only,0.8996803794205588,0.28141571093846346,0.428727511095328,0.9484482936385195,0.3092654252476672,0.46643725110560624,0.9880400041241365,0.3503103547498664,0.5172347316333342,0.003882552778451832,0.3155479431152344,37.46418597903747,cutline
ind_边框-9_s_seed1.png,ground only,0.9155583049798949,0.5695217853347503,0.7022252925358815,0.9606144963398289,0.6250797024442083,0.7573473170251193,0.9909268996803794,0.7082678002125399,0.8260873406117422,0.004104669061056953,0.7594054679323577,37.1982253170372,cutline
ind_边框-9_s_seed1.png,colour + merge (no ground),0.8128673059078255,0.3041825095057034,0.44270186270009393,0.8847303845757295,0.3273526615969582,0.4778861433646403,0.9666975976904836,0.36638545627376423,0.5313756548856086,0.003882552778451832,0.3155479431152344,25.810273335025812,cutline
ind_边框-9_s_seed1.png,full projection,0.8129704093205485,0.5729288866543768,0.6721617261048122,0.8847303845757295,0.6162784201999888,0.7264983949121195,0.9670069079286524,0.6899055918663762,0.8052850989245618,0.004099410709710479,0.7612434775406532,25.810273335025812,cutline
ood_bicycle_s_seed0.png,raw,0.9105058365758755,0.24574027286508338,0.38702478805933116,0.9459018451110832,0.2795149065184437,0.431516323667461,0.9736412702397389,0.30330469934310256,0.46252540009124066,0.0,0.257537841796875,30.009479796184383,cutline
ood_bicycle_s_seed0.png,colour only,0.9017195933224551,0.2229027962716378,0.35744587812633577,0.9327224802309527,0.2472893285143618,0.39093221630012476,0.9647295092255554,0.26945025680045653,0.42124594999773407,0.0,0.257537841796875,25.19552079630288,cutline
ood_bicycle_s_seed0.png,ground only,0.9105058365758755,0.6194387755102041,0.7372850180954417,0.9459018451110832,0.7044897959183674,0.8075394727586638,0.9736412702397389,0.7644897959183673,0.8564818044804112,0.09823878463901205,0.7941841832406448,30.009479796184383,cutline
ood_bicycle_s_seed0.png,colour + merge (no ground),0.7642776452868081,0.22867985904039034,0.35202897088799695,0.8351951801179867,0.24695039306045,0.38119044816962155,0.9071168570352705,0.2669015993494172,0.4124482688033627,0.0,0.257537841796875,17.700556938025834,cutline
ood_bicycle_s_seed0.png,full projection,0.7644031630475713,0.6358835068658518,0.6942455061835188,0.8351951801179867,0.6865097329108194,0.7535884455941804,0.9071168570352705,0.741361098536291,0.8159055416659007,0.24998457542222308,0.788391762981474,17.700556938025834,cutline
ood_bicycle_s_seed1.png,raw,0.928831429647295,0.26811867148206414,0.4161193498590207,0.9667377933977658,0.30095495535417544,0.4590142678305245,0.9859420107945275,0.3298916535572641,0.4943695378287921,0.0,0.257537841796875,44.83647351581941,cutline
ood_bicycle_s_seed1.png,colour only,0.9210493284799799,0.25248534017108387,0.39632651548833353,0.9590812099912137,0.28375964185880326,0.4379459208401636,0.9799171582778963,0.3118392568149814,0.4731180504424383,0.0,0.257537841796875,45.50302168503377,cutline
ood_bicycle_s_seed1.png,ground only,0.928831429647295,0.5830402312695736,0.7163916164994972,0.9667377933977658,0.654444712117562,0.780512292405053,0.9859420107945275,0.7172729462780053,0.8304172388872879,0.0,0.7717421124828532,44.83647351581941,cutline
ood_bicycle_s_seed1.png,colour + merge (no ground),0.772687335257939,0.24181067085587946,0.36834777747133723,0.8419731391991967,0.2629021935183569,0.4006906093822487,0.9254424501066901,0.28669924943271075,0.43777663278076595,0.0,0.257537841796875,31.283327408460718,cutline
ood_bicycle_s_seed1.png,full projection,0.7721852642148864,0.5842016333427204,0.6651669865136804,0.8419731391991967,0.6347507744297382,0.7238226417589124,0.9254424501066901,0.691636158828499,0.7916367922646603,0.013323464100666172,0.7802149543510921,31.283327408460718,cutline
ood_carp_fish_s_seed0.png,raw,0.9484334203655352,0.35532543181910115,0.5169706254777936,0.9768743006340918,0.40105578253306906,0.5686516200832842,0.9962700484893696,0.44126451195339994,0.6116285880251067,0.0,0.33003997802734375,24.515129799579277,cutline
ood_carp_fish_s_seed0.png,colour only,0.9495524058187244,0.3246240729400558,0.48383810968976254,0.9776202909362178,0.3681873851806491,0.5349166378035942,0.9963632972771354,0.40702184119208,0.5779477245944163,0.0,0.33003997802734375,27.312235604151738,cutline
ood_carp_fish_s_seed0.png,ground only,0.9484334203655352,0.6590883511536297,0.7777206259756906,0.9768743006340918,0.7439129619208403,0.844624399799517,0.9962700484893696,0.8185706246482837,0.8987206513290031,0.02932081995554458,0.7823598035757888,24.515129799579277,cutline
ood_carp_fish_s_seed0.png,colour + merge (no ground),0.8619917941066766,0.33862273175916785,0.48623435713288127,0.9262402088772846,0.3795459722116772,0.5384506983933615,0.9840544572920552,0.4199630501353985,0.5886913933728984,0.0,0.33003997802734375,20.643103169282693,cutline
ood_carp_fish_s_seed0.png,full projection,0.8619917941066766,0.6482701812191104,0.7400088007305867,0.9262402088772846,0.7267661595115806,0.8144675692290972,0.9840544572920552,0.8048745033433472,0.8854911066948442,0.10804032845014798,0.7992028040581157,20.643103169282693,cutline
ood_carp_fish_s_seed1.png,raw,0.9621409921671018,0.36272817916858413,0.5268379063275852,0.9842409548675867,0.4151518637827888,0.583981082908097,0.997668780305856,0.45892774965485506,0.6286681024278156,0.0,0.33003997802734375,29.739476178367507,cutline
ood_carp_fish_s_seed1.png,colour only,0.9673629242819843,0.3592032460346736,0.5238787333356131,0.989929130921298,0.41302102545186276,0.5828596873815602,0.9997202536367027,0.45783843600147545,0.6280506721518672,0.0,0.33003997802734375,32.7677477519129,cutline
ood_carp_fish_s_seed1.png,ground only,0.9621409921671018,0.6441803446162229,0.7716915684438815,0.9842409548675867,0.7373152625485255,0.8430696258509696,0.997668780305856,0.8150582306068243,0.897165591854172,0.0,0.7764475715260079,29.739476178367507,cutline
ood_carp_fish_s_seed1.png,colour + merge (no ground),0.8118239462886983,0.3348959705030287,0.47418129638945106,0.8764453562103692,0.3719252041085067,0.5222361506430113,0.9414397612831034,0.4137476955491177,0.5748555740616184,0.0,0.33003997802734375,22.00698120622298,cutline
ood_carp_fish_s_seed1.png,full projection,0.8118239462886983,0.6498159885503987,0.7218414981861445,0.8764453562103692,0.7215293396033531,0.7914781638552437,0.9414397612831034,0.8022899202617052,0.8663127536395161,0.20094226533968945,0.8196470487612495,22.00698120622298,cutline
ood_cat_s_seed0.png,raw,0.8694717994628469,0.1903482874203645,0.31232181770544853,0.9122649955237243,0.21454416302248663,0.3473900232970521,0.949686660698299,0.24626517791737884,0.3911106566520932,0.0,0.1625200779846091,41.92783529356527,cutline
ood_cat_s_seed0.png,colour only,0.8433303491495077,0.17660545805011668,0.29205120861094225,0.8843330349149507,0.19809272598153596,0.3236802890144445,0.9269471799462847,0.22862940042609314,0.366790711368492,0.0,0.16252565873312627,43.21900603328873,cutline
ood_cat_s_seed0.png,ground only,0.8694717994628469,0.46638746872620473,0.6071159759665752,0.9122649955237243,0.5256717067333841,0.6670000097185551,0.949686660698299,0.6035570542804307,0.7380555644847191,0.010761366693570083,0.5141843115478404,41.92783529356527,cutline
ood_cat_s_seed0.png,colour + merge (no ground),0.7829901521933751,0.1913545014869777,0.3075476212164437,0.8415398388540735,0.21205202919883445,0.33874640815224144,0.9074306177260519,0.24377421971221724,0.38430726415533395,0.0,0.16253123986492932,31.99755851351034,cutline
ood_cat_s_seed0.png,full projection,0.7829901521933751,0.459717008374242,0.5793060533881832,0.8415398388540735,0.5096015015882183,0.6347966014953852,0.9076096687555953,0.585980363846376,0.7121652291711881,0.014904161939451842,0.518941840203736,31.99755851351034,cutline
ood_cat_s_seed1.png,raw,0.9067144136078783,0.2036554122060573,0.33260503548198717,0.9511190689346464,0.23737304419434532,0.3799268439231194,0.9831692032229186,0.28049226827706103,0.43646398364081423,0.0,0.16249465942382812,54.182219405122424,cutline
ood_cat_s_seed1.png,colour only,0.8909579230080573,0.17762532780966137,0.29619908980946025,0.9321396598030439,0.2082779065789974,0.34047896613686196,0.9740376007162042,0.25006651210520314,0.39796318453503693,0.0,0.16250023842676484,57.7974974763481,cutline
ood_cat_s_seed1.png,ground only,0.9067144136078783,0.4422093081011275,0.5944851395731556,0.9511190689346464,0.5154224407688869,0.6685499301976499,0.9831692032229186,0.6092484974916803,0.7523080904901476,0.011239782016348773,0.5105954066572272,54.182219405122424,cutline
ood_cat_s_seed1.png,colour + merge (no ground),0.7147717099373322,0.1510242856794875,0.24936102145006117,0.7940913160250671,0.17450612622707232,0.28613290389841783,0.8863025962399284,0.21089810732467787,0.3407207805402992,0.0,0.16249465942382812,37.936943916238235,cutline
ood_cat_s_seed1.png,full projection,0.7147717099373322,0.4066373712861547,0.51837084979108,0.7939122649955237,0.46940381714435625,0.589979741309677,0.8863025962399284,0.5669967862530334,0.691572197400549,0.07814585608542653,0.5206266061701526,37.936943916238235,cutline
ood_crane_bird_s_seed0.png,raw,0.8482621153606578,0.2578360354145108,0.39546678685547326,0.8880029899090569,0.29548120041393583,0.4434164673680721,0.9384577052447988,0.35361618949062895,0.5136762519217026,0.0,0.2556304931640625,34.71020115800155,cutline
ood_crane_bird_s_seed0.png,colour only,0.8468917403762303,0.24475033974836702,0.37975275039509304,0.8880029899090569,0.27999649292008244,0.4257497139893087,0.9357169552759437,0.3310025864714392,0.4890186378182277,0.0,0.2556304931640625,36.6949203127798,cutline
ood_crane_bird_s_seed0.png,ground only,0.8482621153606578,0.46582741285470936,0.601395472891034,0.8880029899090569,0.5338402093979808,0.6668129120146611,0.9384577052447988,0.638746935892642,0.7601258176081149,0.08856274803389978,0.5372937589670015,34.71020115800155,cutline
ood_crane_bird_s_seed0.png,colour + merge (no ground),0.7548274573315061,0.23676254642826294,0.36046121932281067,0.8174909679830572,0.26624629293714547,0.4016728917307455,0.8972218761679333,0.31781405660648987,0.4693683807192489,0.0,0.2556304931640625,28.81573449531427,cutline
ood_crane_bird_s_seed0.png,full projection,0.7542045596113118,0.45062846478950547,0.5641711937700435,0.8171172293509406,0.5066139744223064,0.6254487405757861,0.8969727170798555,0.6028322081343652,0.7210591652061653,0.1640811822334602,0.48197829861908653,28.81573449531427,cutline
ood_crane_bird_s_seed1.png,raw,0.8942319671110004,0.2680642387338183,0.41247938401523043,0.9466799551513642,0.3221698003579148,0.48073728324365717,0.9844275569951414,0.38573453877797664,0.5542814398811532,0.0,0.2556304931640625,49.21506595833582,cutline
ood_crane_bird_s_seed1.png,colour only,0.9114239441883643,0.26647181628392486,0.41237739698655734,0.9621278186121839,0.32183716075156577,0.48233166854081105,0.9927743864457456,0.3882254697286013,0.558175731574827,0.05736567807731244,0.26129008316438734,57.54193278815735,cutline
ood_crane_bird_s_seed1.png,ground only,0.8942319671110004,0.4400564713064713,0.5898463220486804,0.9466799551513642,0.5287698412698413,0.678539941966043,0.9844275569951414,0.6328983516483516,0.7704601463560379,0.0,0.587160143346564,49.21506595833582,cutline
ood_crane_bird_s_seed1.png,colour + merge (no ground),0.775881400274075,0.2577230627624691,0.3869227310253941,0.857605581163573,0.30256572513375135,0.44731679388217793,0.9338482621153606,0.36348731519300465,0.5232909719445447,0.10489559657148959,0.2658678381753832,38.36626275890885,cutline
ood_crane_bird_s_seed1.png,full projection,0.775881400274075,0.43070188098330686,0.5539171372733814,0.857605581163573,0.5054120363688844,0.6360067215593131,0.9338482621153606,0.6068696781642373,0.7356624849598834,0.13606549372568807,0.606948216466471,38.36626275890885,cutline
ood_deer_s_seed0.png,raw,0.9402340044271108,0.29210450554196055,0.44573238073005067,0.9716454095077475,0.34727220382899093,0.5116702351808359,0.9936755560240329,0.39925507413271916,0.5696335469909231,0.0,0.2527923583984375,43.188265829661376,cutline
ood_deer_s_seed0.png,colour only,0.9308527458627596,0.26367340286831814,0.4109430527438499,0.9646885211341836,0.313722294654498,0.47346954944269926,0.9926214820280383,0.3617666232073012,0.5302724090505996,0.0,0.2527923583984375,41.875414981589905,cutline
ood_deer_s_seed0.png,ground only,0.9402340044271108,0.49721286370597245,0.6504538738215895,0.9716454095077475,0.5911179173047473,0.7350530959776627,0.9936755560240329,0.6797856049004595,0.8072925200766891,0.021562788787349834,0.5998171234054881,43.188265829661376,cutline
ood_deer_s_seed0.png,colour + merge (no ground),0.8214398650785285,0.2620119782050705,0.3972988469398813,0.8967007483925371,0.3086189039492052,0.45919570232125206,0.9754400758933277,0.3533345341558968,0.5187586550889826,0.0,0.2527923583984375,27.2378825375747,cutline
ood_deer_s_seed0.png,full projection,0.8214398650785285,0.501599654128837,0.6228596292541261,0.8961737113945399,0.59031560743623,0.7117781770895801,0.9754400758933277,0.6751837440553394,0.7980028817998801,0.04380850924108544,0.6159644159904712,27.2378825375747,cutline
ood_deer_s_seed1.png,raw,0.9176768209128281,0.30859375,0.46187087608693683,0.958469484557816,0.3529246794871795,0.5158899511835909,0.9841888900600823,0.3943108974358974,0.5630416602253739,0.0,0.2529902000083989,28.00748475885797,cutline
ood_deer_s_seed1.png,colour only,0.9206282281016127,0.29214154994654734,0.44353637821517067,0.9604722251502056,0.3365163347768577,0.49840777759935856,0.9865078528512702,0.3802025766004095,0.5488694889685868,0.0027963336958210347,0.25869823224436256,32.21766161646647,cutline
ood_deer_s_seed1.png,ground only,0.9176768209128281,0.5457734004109686,0.6844696071382221,0.958469484557816,0.6241762913625735,0.7560174706909127,0.9841888900600823,0.6973712180259335,0.8163193236190673,0.0,0.5937407603193233,28.00748475885797,cutline
ood_deer_s_seed1.png,colour + merge (no ground),0.8360914936228523,0.31580639112849224,0.4584486884638418,0.9105091177400654,0.3593067795248172,0.5152748513037742,0.9653209655317804,0.400342860204109,0.5659655752362643,0.009157445627666586,0.2712048957203381,21.39795979960162,cutline
ood_deer_s_seed1.png,full projection,0.8351428270264573,0.5531195718510868,0.6654849159537406,0.9091388215452725,0.6287028777991643,0.7433511442277974,0.9651101507325814,0.7000140838458289,0.8114598105605367,0.03703419490663046,0.6125463643847527,21.39795979960162,cutline
ood_frog_s_seed0.png,raw,0.89549436795995,0.25392351058966933,0.39565605837381534,0.9292866082603254,0.2905429427599167,0.4426809722809486,0.9688673341677096,0.34163746254253646,0.5051509592583243,0.0,0.33144378662109375,48.32769375963907,cutline
ood_frog_s_seed0.png,colour only,0.9020650813516896,0.2094722153820898,0.339993217618176,0.934918648310388,0.24727078716243947,0.391101566574382,0.9702753441802253,0.29980300418616107,0.45806853324780544,0.0,0.33144378662109375,57.040259650576616,cutline
ood_frog_s_seed0.png,ground only,0.8953379224030038,0.497883149872989,0.6399180630802846,0.9292866082603254,0.5696568212382328,0.7063301320956823,0.9688673341677096,0.6698211884245654,0.792057624436571,0.0,0.7501942703206755,48.32769375963907,cutline
ood_frog_s_seed0.png,colour + merge (no ground),0.8653003754693367,0.22257366855907001,0.3540723855504028,0.9117647058823529,0.2543390105433901,0.3977302016552999,0.9649561952440551,0.31011084076777506,0.4693766971612477,0.0,0.33144378662109375,48.120525746380316,cutline
ood_frog_s_seed0.png,full projection,0.865613266583229,0.4737265723812809,0.6123375021880507,0.9116082603254068,0.5417385305277682,0.6796083666662224,0.9649561952440551,0.6594227894676326,0.7834552305475045,0.11288233980799285,0.7726499835305219,48.120525746380316,cutline
ood_frog_s_seed1.png,raw,0.9360137672090113,0.23243891346591145,0.3724002291877605,0.9666770963704631,0.2765328482242527,0.43004477551797543,0.988892365456821,0.33536610575929215,0.5008704702697371,0.0,0.33144378662109375,67.99714568515066,cutline
ood_frog_s_seed1.png,colour only,0.9338235294117647,0.21580059624891507,0.35058358630480785,0.9635481852315394,0.25755688893920525,0.4064653864447892,0.987171464330413,0.31497414996792333,0.4775710019460598,0.0,0.33144378662109375,73.30294869138872,cutline
ood_frog_s_seed1.png,ground only,0.9360137672090113,0.4482676033849593,0.6062129521862659,0.9666770963704631,0.533370589174517,0.6874409892446911,0.988892365456821,0.6468944595241897,0.7821422480123154,0.0012524788644191628,0.7515634866400823,67.99714568515066,cutline
ood_frog_s_seed1.png,colour + merge (no ground),0.8513767209011264,0.208590036965323,0.3350835304338039,0.9020650813516896,0.24029974602056983,0.3795039986331769,0.9518147684605757,0.29685417557271104,0.45256220992673757,0.0,0.3321431848068748,56.91365697580738,cutline
ood_frog_s_seed1.png,full projection,0.8512202753441802,0.44053378701685364,0.5805923935667777,0.9020650813516896,0.5074166622361636,0.6494909987753775,0.9519712140175219,0.6276782391408369,0.7565369824711113,0.03754128948461493,0.7619987542876192,56.91365697580738,cutline
ood_potted_chrysanthemum_s_seed0.png,raw,0.8904319595996032,0.3598961061637856,0.5126062572514158,0.9394895842727027,0.40496769687445433,0.5659725132446385,0.9868337992605285,0.4485987427972761,0.6168069745214199,0.0,0.3347625732421875,34.97196772870231,cutline
ood_potted_chrysanthemum_s_seed0.png,colour only,0.8985481107403733,0.3114156114156114,0.4625294199630261,0.9518441698980972,0.3525231525231525,0.5144978745103741,0.9897195418883579,0.3947268947268947,0.5643684162678602,0.0,0.3347625732421875,38.81216099184101,cutline
ood_potted_chrysanthemum_s_seed0.png,ground only,0.8904319595996032,0.6156517193742299,0.7279754432858243,0.9394895842727027,0.6927528656237165,0.7974723384627699,0.9868337992605285,0.7675391106298771,0.8634806572238339,0.01957676890090426,0.7566419898294531,34.97196772870231,cutline
ood_potted_chrysanthemum_s_seed0.png,colour + merge (no ground),0.82063305978898,0.31762141031423846,0.45798305501410147,0.9007124177112453,0.3560617451009873,0.5103689187351805,0.9738479574352963,0.3979100887084649,0.564974163222113,0.0,0.3347625732421875,29.000866037649846,cutline
ood_potted_chrysanthemum_s_seed0.png,full projection,0.8200919830462621,0.5950098674936566,0.6896504615251388,0.9007124177112453,0.6671835353820129,0.7665565996589128,0.9738479574352963,0.7457475801146509,0.8446692746036197,0.044044239992169915,0.7191744514447099,29.000866037649846,cutline
ood_potted_chrysanthemum_s_seed1.png,raw,0.856795022093967,0.5087772499073419,0.6384397574745878,0.9073856975381008,0.5807473297617844,0.7082187025516422,0.9579763729822346,0.6501229825802756,0.7745820613512897,0.0,0.3347625732421875,23.79324490633119,cutline
ood_potted_chrysanthemum_s_seed1.png,colour only,0.8494003066101542,0.49110353965549874,0.6223682212069471,0.9023356479393994,0.5633793930216418,0.6936645874965826,0.9528361439264136,0.6321219004353587,0.7600309626426734,0.0,0.3347625732421875,25.046720452162816,cutline
ood_potted_chrysanthemum_s_seed1.png,ground only,0.856795022093967,0.6259067357512953,0.7233737636706308,0.9073856975381008,0.7144455958549223,0.7994391500383311,0.9579763729822346,0.7997927461139896,0.8717669979931403,0.0,0.761176164454853,23.79324490633119,cutline
ood_potted_chrysanthemum_s_seed1.png,colour + merge (no ground),0.7142213003877717,0.4706414139131221,0.5673942113364652,0.7960140679953107,0.5349636125299462,0.6398883582651465,0.8876363964288935,0.60299236089138,0.7181371802567139,0.0,0.3347625732421875,17.617029035051733,cutline
ood_potted_chrysanthemum_s_seed1.png,full projection,0.7142213003877717,0.5998846264782233,0.6520789066490532,0.7960140679953107,0.6819728872223825,0.7345937801466427,0.8876363964288935,0.7684453417940582,0.8237516763811072,0.14524687838199526,0.6515862653068426,17.617029035051733,cutline
ood_rabbit_s_seed0.png,raw,0.909952606635071,0.1422915873620099,0.24609991019377772,0.943127962085308,0.16360867910163684,0.27884487484774906,0.9754669640367996,0.1916508057353128,0.3203601803823706,0.0,0.24465179443359375,58.09710917765928,cutline
ood_rabbit_s_seed0.png,colour only,0.9093950376359075,0.13431617483365077,0.23406180063725548,0.9414552550878171,0.15410492987359933,0.2648560947284684,0.9757457485363814,0.1809681648403295,0.3053113054513342,0.0,0.24465179443359375,54.276982567748774,cutline
ood_rabbit_s_seed0.png,ground only,0.909952606635071,0.3903237034458754,0.5463086093753687,0.943127962085308,0.44879916463626873,0.6081856347263491,0.9754669640367996,0.5257222415593457,0.6832245755415826,0.007853403141361256,0.7466991127774026,58.09710917765928,cutline
ood_rabbit_s_seed0.png,colour + merge (no ground),0.8062447727906329,0.1306555269922879,0.2248698942633381,0.8608865347086702,0.1458547557840617,0.2494471945543526,0.9272372456091441,0.17268637532133677,0.29114974160065504,0.0,0.24465179443359375,41.553622103720336,cutline
ood_rabbit_s_seed0.png,full projection,0.8062447727906329,0.378660697631039,0.5153039052434031,0.8608865347086702,0.42277560156687183,0.5670679414885417,0.9272372456091441,0.5006528632717776,0.6502236818634175,0.019239762175162003,0.7502047214618283,41.553622103720336,cutline
ood_rabbit_s_seed1.png,raw,0.9272372456091441,0.17242787152966793,0.29078224301486977,0.951212712573181,0.20704046452549446,0.3400629944603711,0.9729579035405631,0.24668844129921974,0.39358535314711685,0.0,0.24466299421665422,97.00003118470703,cutline
ood_rabbit_s_seed1.png,colour only,0.9509339280735991,0.13241501502544772,0.23246052193279595,0.9765821020351269,0.15902655943302818,0.27351410210228605,0.9938667410091999,0.19321162431169553,0.32352810562401146,0.005644811115935736,0.25502242794426416,114.44787476221661,cutline
ood_rabbit_s_seed1.png,ground only,0.9272372456091441,0.37459347590420816,0.5336131911479258,0.951212712573181,0.4497881147137085,0.610769336244499,0.9729579035405631,0.535921947373608,0.6911477995575167,0.0,0.7453281889178133,97.00003118470703,cutline
ood_rabbit_s_seed1.png,colour + merge (no ground),0.802899358795651,0.13123554184708464,0.22559682188883964,0.8617228882074157,0.1496826620796014,0.25506084249825467,0.9185949261221076,0.18100124562548195,0.30241434105595505,0.010273972602739725,0.2623496822818424,64.87978295443914,cutline
ood_rabbit_s_seed1.png,full projection,0.8034569277948146,0.3514371923138002,0.4889879373924351,0.8617228882074157,0.4009845958392885,0.5472963586878281,0.9185949261221076,0.48610449420358903,0.6357703512642388,0.1103294828945707,0.7715672894600176,64.87978295443914,cutline
ood_rooster_s_seed0.png,raw,0.9170087095805386,0.3213521439327891,0.47592382138487055,0.9522474722194414,0.36609336609336607,0.528863966476017,0.984182600860947,0.4064753903463581,0.5753334168234217,0.0,0.2848701477050781,29.794983729930234,cutline
ood_rooster_s_seed0.png,colour only,0.9156071678846731,0.3047196646455573,0.45726030389153877,0.9566523175493042,0.3489782169324051,0.5114016732691328,0.9875863449794774,0.3890074107343364,0.5581579973647972,0.0,0.2848701477050781,29.91550276524231,cutline
ood_rooster_s_seed0.png,ground only,0.9170087095805386,0.6296051865367445,0.7466031969591101,0.9522474722194414,0.7172638689390116,0.8182187078017411,0.984182600860947,0.7963818471213945,0.8803783075266166,0.005265817398473444,0.7317732831608654,29.794983729930234,cutline
ood_rooster_s_seed0.png,colour + merge (no ground),0.8105916508158975,0.2963514331853048,0.43402411726359813,0.8805686254880368,0.33321558336697615,0.4834783416954167,0.9512463710081089,0.3720730722648365,0.5349171910697332,0.0,0.2848701477050781,22.59062361905272,cutline
ood_rooster_s_seed0.png,full projection,0.8105916508158975,0.6233945441035983,0.70477444539545,0.8805686254880368,0.7008279375862435,0.7804836662907897,0.9511462608869756,0.7824540919223012,0.8585926769587909,0.0870913989522666,0.7250174842641622,22.59062361905272,cutline
ood_rooster_s_seed1.png,raw,0.9084993492842126,0.31069182389937106,0.46303373260725056,0.9507458204024427,0.35607794618001853,0.5181105941369127,0.9858844729202122,0.3965769666975977,0.5656274563333155,0.0,0.2848701477050781,26.88913587851681,cutline
ood_rooster_s_seed1.png,colour only,0.9237160876964661,0.2863898356501722,0.4372227148697823,0.9587546300931025,0.33232213280037115,0.49356535980201754,0.9872860146160777,0.3765591819982512,0.5451815425754278,0.0,0.2848701477050781,31.3751221929108,cutline
ood_rooster_s_seed1.png,ground only,0.9084993492842126,0.6190221857025473,0.7363316850497035,0.9507458204024427,0.7094494658997534,0.8125623775179895,0.9858844729202122,0.7902218570254724,0.877275696694819,0.0,0.7311311056501434,26.88913587851681,cutline
ood_rooster_s_seed1.png,colour + merge (no ground),0.825407948743618,0.30394449441089555,0.44428681796244046,0.8901791971168285,0.3508158807657715,0.5032880543067723,0.9604565021523676,0.3984067840164461,0.5631948263008293,0.0,0.2848701477050781,23.474429878007953,cutline
ood_rooster_s_seed1.png,full projection,0.8257082791070177,0.5910589410589411,0.6889519380825675,0.8908799679647612,0.6823176823176823,0.7727740438155809,0.9608569426369006,0.775074925074925,0.8580245995525991,0.0010424811050299713,0.7360240488862606,23.474429878007953,cutline
ood_teapot_s_seed0.png,raw,0.9384615384615385,0.11999473995660465,0.21278242769793593,0.9568627450980393,0.12990115501786223,0.2287480763182168,0.9882352941176471,0.14138558309772722,0.24737896778431787,0.0,0.24281692504882812,74.78045025371938,cutline
ood_teapot_s_seed0.png,colour only,0.9170437405731523,0.11623792873792874,0.2063237317223983,0.9414781297134238,0.1258949383949384,0.22209166538277345,0.9722473604826546,0.1368006993006993,0.23985275955176874,0.0,0.24281692504882812,80.467534915872,cutline
ood_teapot_s_seed0.png,ground only,0.9369532428355958,0.38847028717657095,0.5492259448751783,0.9559577677224737,0.4205999431333523,0.584175700838554,0.9882352941176471,0.4577054307648564,0.6256420518592248,0.1118083329210888,0.8020892471897354,74.78045025371938,cutline
ood_teapot_s_seed0.png,colour + merge (no ground),0.8754147812971342,0.12152910410483941,0.21342901170065,0.9082956259426848,0.13169570710780712,0.23003775304662585,0.9469079939668175,0.14244997502424117,0.24764498710328817,0.0,0.24281692504882812,50.91668892275305,cutline
ood_teapot_s_seed0.png,full projection,0.8754147812971342,0.40944647984949006,0.5579365048183507,0.9082956259426848,0.44360827804733144,0.5960889045340505,0.9469079939668175,0.47925537181899197,0.6364077967700359,0.21101267905293303,0.7003653458010781,50.91668892275305,cutline
ood_teapot_s_seed1.png,raw,0.9339366515837104,0.11731733312280425,0.20845002038214583,0.9484162895927601,0.13085698496032844,0.22998233917125607,0.9725490196078431,0.14935064935064934,0.25893728578886444,0.0,0.24281692504882812,110.58394733948126,cutline
ood_teapot_s_seed1.png,colour only,0.9339366515837104,0.11634693326128073,0.2069168114973651,0.9553544494720966,0.13164009727100784,0.23139573797055896,0.9740573152337858,0.15350806088444566,0.26521859010358456,0.0,0.24281692504882812,129.87604669065087,cutline
ood_teapot_s_seed1.png,ground only,0.9339366515837104,0.3384580343924382,0.4968558369914528,0.9484162895927601,0.37751964468739324,0.5400649781125009,0.9725490196078431,0.43070265345632613,0.5970125693087867,0.0009551098376313276,0.7799848054112342,110.58394733948126,cutline
ood_teapot_s_seed1.png,colour + merge (no ground),0.8666666666666667,0.10964765316905946,0.1946667464548525,0.9212669683257918,0.1200608294455757,0.21243661524205354,0.9553544494720966,0.13872206613913446,0.24226594983979585,0.0,0.24281692504882812,89.56372833959122,cutline
ood_teapot_s_seed1.png,full projection,0.8666666666666667,0.33623969562460365,0.4845061017931979,0.9215686274509803,0.36810399492707674,0.5260762886299766,0.9553544494720966,0.424857324032974,0.588155155168612,0.19293288905218614,0.8234216679657054,89.56372833959122,cutline
ood_tiger_s_seed0.png,raw,0.875395108966894,0.3756150785161097,0.525673740912978,0.9237231741806687,0.4514355397715117,0.6064775876484102,0.9718848777241723,0.5318771126609901,0.6875068340707446,0.0,0.4474601745605469,54.03285620508274,cutline
ood_tiger_s_seed0.png,colour only,0.8805523207453003,0.3556229184532238,0.5066346197926285,0.9288803859590751,0.4271782701473785,0.5852217596355619,0.9708035268674098,0.5084458448836328,0.6673668806089358,0.0,0.4474601745605469,59.93230973836094,cutline
ood_tiger_s_seed0.png,ground only,0.875395108966894,0.5198223538119912,0.6522996711241592,0.9237231741806687,0.6247520355292376,0.7453757473366535,0.9718848777241723,0.7361954108068097,0.8377793381462525,0.015524116778180875,0.7576413430415485,54.03285620508274,cutline
ood_tiger_s_seed0.png,colour + merge (no ground),0.7057062052903011,0.3533941056730684,0.47095144946119527,0.789053402096157,0.4115703454583001,0.5409704446497007,0.8867077025453336,0.49317048706375194,0.6338212645731398,0.0,0.4474601745605469,44.21180061211093,cutline
ood_tiger_s_seed0.png,full projection,0.7057062052903011,0.4948977483990911,0.5817945392503543,0.7891365829312926,0.5763685189010535,0.6661761759870612,0.8867908833804692,0.6910555670316051,0.7767825273402263,0.037640656074942797,0.7586215847881108,44.21180061211093,cutline
ood_tiger_s_seed1.png,raw,0.8937780735318582,0.3423460726263923,0.49506583011774974,0.9513392114456829,0.4176845679267939,0.5805008115587966,0.9845283646647812,0.5071425613846218,0.6694455565132785,0.0,0.4474601745605469,65.99374248714822,cutline
ood_tiger_s_seed1.png,colour only,0.8921976376642822,0.3214535917656146,0.4726236471192832,0.9470138080186326,0.3909716359194525,0.5534522657729131,0.9846115454999168,0.4783631823815768,0.6438961703693022,0.0,0.4474601745605469,75.41411265228177,cutline
ood_tiger_s_seed1.png,ground only,0.8937780735318582,0.46697353929569907,0.6134414339951331,0.9513392114456829,0.5697382169382396,0.7126715523066574,0.9845283646647812,0.6917906865098415,0.812598953406408,0.0,0.7561823104693141,65.99374248714822,cutline
ood_tiger_s_seed1.png,colour + merge (no ground),0.7451339211445683,0.30236336005869097,0.43017046465681713,0.8363001164531692,0.3601372949745847,0.5034661384701463,0.933288970221261,0.4421998637530787,0.6000779436087983,0.0,0.447706106870229,50.324384692111614,cutline
ood_tiger_s_seed1.png,full projection,0.7443021127932125,0.4438964241676942,0.5561243110337833,0.8354683081018134,0.5284756473489519,0.6474234563658761,0.9321244385293629,0.6481581381011098,0.7646278576885299,0.004693353826730159,0.760136864684116,50.324384692111614,cutline
ood_woman_beating_a_drum_s_seed0.png,raw,0.8922435701941649,0.32768575696100943,0.4793318812565582,0.9309748907187151,0.3847782954722786,0.5445077927042759,0.9736708346040459,0.48244421160576945,0.6451988246214361,0.003792188092529389,0.60284423828125,85.87501265566468,cutline
ood_woman_beating_a_drum_s_seed0.png,colour only,0.8902104300091491,0.3058129908938559,0.4552384332414865,0.927620209413439,0.3614392149736507,0.5201906350337603,0.9704178103080208,0.4573868798836998,0.6217326185989182,0.003792188092529389,0.60284423828125,89.93115318416523,cutline
ood_woman_beating_a_drum_s_seed0.png,ground only,0.8922435701941649,0.3907334059916531,0.5434694084574523,0.9309748907187151,0.45881070735532575,0.6146865368768123,0.9736708346040459,0.5751880698583163,0.7231696139909383,0.004207868714496108,0.8147113258030757,85.87501265566468,cutline
ood_woman_beating_a_drum_s_seed0.png,colour + merge (no ground),0.7858086815085901,0.31883264671141714,0.45361594815198414,0.8391786113652536,0.3670882429201118,0.5107536542976826,0.9093219477482972,0.4657601336752038,0.6160009175577427,0.003792188092529389,0.60284423828125,63.89212311430596,cutline
ood_woman_beating_a_drum_s_seed0.png,full projection,0.7858086815085901,0.3920637732506643,0.5231247500194871,0.8391786113652536,0.45137289636846767,0.587008698393706,0.9093219477482972,0.5722940655447298,0.7024756073056877,0.07626459143968871,0.8237030392790838,63.89212311430596,cutline
ood_woman_beating_a_drum_s_seed1.png,raw,0.9014943580359865,0.49772879091516364,0.641355450956391,0.9322964318389753,0.5508350033400133,0.6925097748790265,0.9614719934939514,0.6299933199732799,0.7612116055774208,0.003792188092529389,0.60284423828125,73.57370659107016,cutline
ood_woman_beating_a_drum_s_seed1.png,colour only,0.8906170580461523,0.48142292490118577,0.625001420338236,0.9229439869879028,0.5348616600790513,0.6772471406370615,0.9546609738741486,0.6155889328063241,0.7485161789837557,0.003792188092529389,0.60284423828125,81.24303938442847,cutline
ood_woman_beating_a_drum_s_seed1.png,ground only,0.9014943580359865,0.46730847627708616,0.6155392789460467,0.9322964318389753,0.5171689297249835,0.6652863333282331,0.9614719934939514,0.5914892282605287,0.732407634471841,0.012529365700861394,0.8151632854128946,73.57370659107016,cutline
ood_woman_beating_a_drum_s_seed1.png,colour + merge (no ground),0.832774219782454,0.49294502279962144,0.6193044402946937,0.8848226085188574,0.5370386303019874,0.6683970401123962,0.9364643692182576,0.6121053084401618,0.7403151693249179,0.003792188092529389,0.60284423828125,59.85496608281867,cutline
ood_woman_beating_a_drum_s_seed1.png,full projection,0.832774219782454,0.4570072585147962,0.5901524708619923,0.8848226085188574,0.4978862566802265,0.6372144237580452,0.9364643692182576,0.5675999042833214,0.7068010266550168,0.034086054160897286,0.8124716202270382,59.85496608281867,cutline
repo_bird_s_seed0.png,raw,0.9244299674267101,0.1928964152188256,0.3191891458165607,0.9617263843648208,0.22183857488453926,0.36051761902728513,0.9815960912052117,0.24671211787992084,0.3943174014024767,0.0,0.13702011108398438,21.79904785767978,cutline
repo_bird_s_seed0.png,colour only,0.9304560260586319,0.17345661176923818,0.2924031198663855,0.969543973941368,0.20092458826928633,0.3328670757379592,0.9884364820846906,0.22143889049407686,0.3618195441902055,0.0,0.13702011108398438,22.13313288231855,cutline
repo_bird_s_seed0.png,ground only,0.9244299674267101,0.6262496429591545,0.7466712442264757,0.9617263843648208,0.720222793487575,0.8236363764597917,0.9815960912052117,0.8009854327335048,0.8821410514188115,0.035540861659262325,0.69644207464857,21.79904785767978,cutline
repo_bird_s_seed0.png,colour + merge (no ground),0.6799674267100977,0.13049723179776454,0.2189703547633627,0.7685667752442997,0.14465162436017967,0.24347830161219577,0.884527687296417,0.16021623315575054,0.2712926898282685,0.0,0.13702011108398438,12.388986330354408,cutline
repo_bird_s_seed0.png,full projection,0.6799674267100977,0.638431071930497,0.6585449445823308,0.7685667752442997,0.7076785486137729,0.7368669844063732,0.884527687296417,0.7839529832630637,0.8312090532068097,0.3297204234603199,0.7557052246125678,12.388986330354408,cutline
repo_bird_s_seed1.png,raw,0.9592833876221498,0.32222958596393314,0.4824133585641,0.9889250814332248,0.36530747497296734,0.5335298176474347,0.9986970684039088,0.40395549199483766,0.5752374850493497,0.0,0.13702011108398438,22.328015813357833,cutline
repo_bird_s_seed1.png,colour only,0.9584690553745928,0.3276742629706597,0.4883835834160845,0.9890879478827361,0.37374520094396113,0.5424976258479481,0.9982084690553746,0.41241942869219117,0.5836841411982273,0.0,0.13702011108398438,22.578579581836912,cutline
repo_bird_s_seed1.png,ground only,0.9592833876221498,0.6459236470423717,0.772017329726639,0.9889250814332248,0.7323451265557265,0.84151164710218,0.9986970684039088,0.8099566494196616,0.8944789412569851,0.0,0.6881693648816937,22.328015813357833,cutline
repo_bird_s_seed1.png,colour + merge (no ground),0.7273615635179153,0.27967362857289474,0.40400543963346525,0.8115635179153095,0.30943706060450554,0.4480422834556573,0.8960912052117264,0.3369938933648073,0.4897914416496688,0.0,0.13702011108398438,10.300954926362092,cutline
repo_bird_s_seed1.png,full projection,0.7273615635179153,0.6563515954244431,0.6900345199149593,0.8115635179153095,0.7258278145695364,0.7663050547328882,0.8960912052117264,0.7901264298615291,0.8397793144578245,0.3250327584574425,0.7500902239677316,10.300954926362092,cutline
repo_fish_s_seed0.png,raw,0.9327405380756953,0.17559567086977296,0.2955514747400862,0.9516643866849065,0.19794761004590872,0.32772742707240965,0.9616963064295485,0.2245165042896612,0.3640437718370772,0.0,0.17507171630859375,37.869874057611014,cutline
repo_fish_s_seed0.png,colour only,0.9113087095303237,0.17315183425367064,0.291010632947382,0.9359325125398997,0.19688797568597236,0.32533637886663047,0.9516643866849065,0.22880013698043747,0.36890721858684017,0.0,0.17507171630859375,49.06959515405064,cutline
repo_fish_s_seed0.png,ground only,0.9327405380756953,0.5348307497627333,0.6798420294088513,0.9516643866849065,0.6030370136032901,0.7382624722569754,0.9616963064295485,0.6840873141410946,0.7994784187446129,0.0,0.6556004742653886,37.869874057611014,cutline
repo_fish_s_seed0.png,colour + merge (no ground),0.831281349749202,0.14926934056926425,0.2530921045281007,0.8853169174646602,0.16490008196952996,0.27801650961198743,0.9313725490196079,0.19008451341191102,0.3157312102556119,0.0,0.17507171630859375,33.119797794918725,cutline
repo_fish_s_seed0.png,full projection,0.8317373461012312,0.511263656579329,0.633263975280065,0.8853169174646602,0.5650198201682297,0.6898006408004128,0.9313725490196079,0.6511650391569177,0.766461721836058,0.05678629914895307,0.6739520253983186,33.141587135573275,cutline
repo_fish_s_seed1.png,raw,0.9623803009575923,0.18024880555305148,0.3036294082602671,0.9769721842225262,0.20224465879383394,0.3351163227006421,0.9890560875512996,0.22611106102947806,0.36807532467459986,0.0,0.17507171630859375,43.97088944088552,cutline
repo_fish_s_seed1.png,colour only,0.9744642042863657,0.14803496553194515,0.25702428789679327,0.9895120839033288,0.1688579347594343,0.2884863458401789,0.9993160054719562,0.19451353848340558,0.32564195327824885,0.0002407028523288001,0.19773969917231454,51.662526691942304,cutline
repo_fish_s_seed1.png,ground only,0.9623803009575923,0.5120358514724712,0.6684316582248346,0.9769721842225262,0.5745198463508323,0.723548555980834,0.9890560875512996,0.6420614596670935,0.7786499462883728,0.0,0.6552541404911479,43.97088944088552,cutline
repo_fish_s_seed1.png,colour + merge (no ground),0.9322845417236663,0.15259998015282325,0.2622704992006734,0.9619243046055631,0.1694452714101419,0.28813489124200925,0.9904240766073872,0.19651185868810161,0.3279538017106392,0.0006439841150584952,0.2063300813739154,37.71734867302916,cutline
repo_fish_s_seed1.png,full projection,0.9320565435476517,0.48966284987277353,0.6420302986204637,0.9619243046055631,0.5436545801526718,0.6946890119848671,0.9904240766073872,0.6303276081424937,0.7703729635191029,0.23425617196668094,0.7003709279406515,37.71734867302916,cutline
repo_motif_s_seed0.png,raw,0.9742983286029644,0.20819003589483379,0.34307179688871337,0.989120151371807,0.2530679746668922,0.4030220997331844,0.9960580258593503,0.31382608859070493,0.47727732677490664,0.0,0.25139617919921875,63.50338381232739,cutline
repo_motif_s_seed0.png,colour only,0.9728792179123305,0.18723080820876614,0.3140270459833508,0.989277830337433,0.22683367114263997,0.3690476107862757,0.9960580258593503,0.2808620471243983,0.43817135013603065,0.0,0.25139617919921875,74.41352311007253,cutline
repo_motif_s_seed0.png,ground only,0.9742983286029644,0.4466755372767227,0.6125309407110373,0.989120151371807,0.5429619773396234,0.7010781251877115,0.9960580258593503,0.6731583403895004,0.8033766996017602,0.002861503243037009,0.7141990159741639,63.50338381232739,cutline
repo_motif_s_seed0.png,colour + merge (no ground),0.847682119205298,0.1700766982396765,0.2833106891732601,0.9039735099337748,0.19844845394809132,0.32545096402961465,0.9601072216966257,0.24670900819726171,0.3925487486170619,0.0,0.25139617919921875,49.22460623349822,cutline
repo_motif_s_seed0.png,full projection,0.847682119205298,0.4505507313946034,0.5883748799325036,0.9052349416587827,0.5257882160965092,0.6652049794492416,0.9599495427309996,0.6516113992656914,0.7762834758062679,0.04207819463903736,0.7350527023996412,49.22460623349822,cutline
repo_motif_s_seed1.png,raw,0.9509618416903185,0.18913811674445852,0.31552168825631677,0.9793440555029959,0.2276120108089722,0.3693762780081736,0.9965310627562283,0.2745894669211436,0.4305444321036122,0.0,0.25139617919921875,66.09814573154077,cutline
repo_motif_s_seed1.png,colour only,0.9257332071901608,0.18029158853242783,0.30180500677200967,0.9542730999684642,0.2178467048468569,0.3547167269046862,0.9837590665405235,0.269981247782677,0.4236866235660733,0.0,0.25139617919921875,80.19483475463566,cutline
repo_motif_s_seed1.png,ground only,0.9509618416903185,0.4603532333731947,0.6203835931065428,0.9793440555029959,0.5539968724128415,0.7076750302389996,0.9965310627562283,0.6682917854843161,0.8000533196955724,0.0,0.7103958261469472,66.09814573154077,cutline
repo_motif_s_seed1.png,colour + merge (no ground),0.8207190160832545,0.17558792151769562,0.2892850400723124,0.8880479344055503,0.20810334431096061,0.33719021935480586,0.9429202144433932,0.2581984322092861,0.4053896286536098,0.0,0.25139617919921875,59.05738824314892,cutline
repo_motif_s_seed1.png,full projection,0.8207190160832545,0.44021865550127937,0.5730589702352019,0.8886786502680543,0.5218073970690859,0.6575309187959686,0.944970040996531,0.6479413817166783,0.7687623873036854,0.0,0.7175818552031272,59.05738824314892,cutline
